"BoroughID","Borough","Population","Urban","Province","y0","y1","y2","y3","y4","y5","y6","y7","y8","y9","y10","y11","y12","y13","y14","y15","y16","y17","y18","y19","y20","y21","y22","y23","y24","y25","y26","y27","y28","y29","y30","y31","y32","y33","y34","y35","y36","y37","y38","y39","y40","y41","y42","y43","y44","y45","y46","y47","y48","y49","y50","y51","y52","y53","y54","y55","y56","y57","y58","y59","y60","y61","y62","y63","y64","y65","y66","y67","y68","y69","y70","y71","y72","y73","y74","y75","y76","y77","y78","y79","y80","y81","y82","y83","y84","y85","y86","y87","y88","y89","y90","y91","y92","y93","y94","y95","y96","y97","y98","y99","y100","y101","y102","y103","y104","y105"
"BR00001","Akaroa",273,"Christchurch","Canterbury",6,6,5,6,5,6,5,5,5,5,5,5,6,5,5,5,5,4,4,4,4,4,4,4,4,4,4,4,4,4,4,4,5,5,5,5,5,4,4,4,4,4,4,4,4,4,4,3,3,3,3,3,2,2,2,2,2,2,2,2,2,2,2,2,2,2,2,1,1,1,1,1,1,1,1,1,1,1,1,1,0,0,0,0,0,0,0,0,0,0,0,0,0,0,0,0,0,0,0,0,0,0,0,0,0,0
"BR00002","Alexandra",308,"Dunedin","Otago",6,6,6,6,6,6,6,6,6,6,6,6,6,6,6,6,6,6,5,5,5,5,5,5,5,5,5,5,5,5,5,5,5,5,5,5,5,5,5,5,5,5,4,4,4,4,4,3,3,3,3,3,2,2,2,2,2,2,2,2,2,2,2,2,2,2,2,1,1,1,1,1,1,1,1,1,1,1,1,1,1,1,0,0,0,0,0,0,0,0,0,0,0,0,0,0,0,0,0,0,0,0,0,0,0,0
"BR00003","Arrowtown",142,"Dunedin","Otago",3,3,3,3,3,3,3,3,3,3,3,3,3,3,3,3,3,3,2,2,2,2,2,2,2,2,2,2,2,2,2,2,2,2,2,2,2,2,2,2,2,2,2,2,2,2,2,2,2,2,2,2,1,1,1,1,1,1,1,1,1,1,1,1,1,1,1,1,1,1,1,1,0,0,0,0,0,0,0,0,0,0,0,0,0,0,0,0,0,0,0,0,0,0,0,0,0,0,0,0,0,0,0,0,0,0
"BR00004","Ashburton",2141,"Christchurch","Canterbury",43,46,42,44,42,43,43,42,42,42,41,41,43,37,38,38,38,35,34,34,34,34,33,33,33,33,33,34,34,34,35,35,37,37,37,37,37,34,34,34,34,34,28,28,28,28,28,22,23,23,23,23,17,17,17,17,17,14,14,14,14,14,12,12,12,12,12,8,8,8,9,9,6,6,6,6,6,4,4,4,4,4,2,1,1,1,1,1,1,1,1,1,1,0,0,0,0,0,0,0,0,0,0,0,0,0
"BR00005","Auckland",36139,"Auckland","Auckland",695,708,673,710,720,716,685,661,666,694,682,716,699,658,660,662,662,641,586,591,591,591,568,572,572,576,576,586,598,597,599,599,617,625,624,624,624,571,578,577,574,574,474,478,478,478,478,392,398,397,396,396,287,289,289,288,288,235,237,238,239,239,187,189,190,190,190,134,135,135,136,136,97,99,100,101,101,66,66,64,62,62,27,24,21,17,17,17,14,11,9,9,9,8,8,7,7,1,1,0,0,0,0,0,0,0
"BR00006","Balclutha",651,"Dunedin","Otago",13,13,12,13,14,13,13,13,13,13,13,14,13,13,13,13,13,13,11,11,11,11,10,10,10,10,10,10,10,10,10,10,10,10,10,10,10,10,10,10,10,10,8,8,9,8,8,7,7,7,7,7,5,5,5,5,5,4,4,4,4,4,4,4,4,4,4,3,3,3,3,3,2,2,2,2,2,1,1,1,1,1,1,0,0,0,0,0,0,0,0,0,0,0,0,0,0,0,0,0,0,0,0,0,0,0
"BR00007","Birkenhead",1108,"Auckland","Auckland",21,22,21,22,22,22,21,20,20,21,21,22,21,20,20,20,20,20,18,18,18,18,17,18,18,18,18,18,18,18,18,18,19,19,19,19,19,18,18,18,18,18,15,15,15,15,15,12,12,12,12,12,9,9,9,9,9,7,7,7,7,7,6,6,6,6,6,4,4,4,4,4,3,3,3,3,3,2,2,2,2,2,1,1,1,1,1,1,0,0,0,0,0,0,0,0,0,0,0,0,0,0,0,0,0,0
"BR00008","Blenheim",1935,"Nelson","Marlborough",39,46,37,41,40,42,43,45,44,44,41,46,45,36,37,37,37,28,26,26,26,26,26,26,26,26,26,25,25,25,25,25,28,28,28,28,28,28,28,28,28,28,24,24,24,24,24,23,23,23,23,23,19,19,19,19,19,15,16,16,16,16,10,10,10,10,10,7,8,8,8,8,6,7,7,7,7,4,4,4,4,4,2,1,1,1,1,1,1,1,1,1,1,1,1,1,1,0,0,0,0,0,0,0,0,0
"BR00009","Bluff",714,"Invercargill","Southland",16,16,17,16,17,17,16,16,16,16,15,15,14,14,14,14,14,14,12,12,12,12,11,11,11,11,11,11,11,11,11,11,11,11,11,11,11,11,11,11,11,11,8,8,8,8,8,7,7,7,7,7,5,5,5,5,5,4,4,4,4,4,4,4,4,4,4,2,2,2,3,3,2,2,2,2,2,1,1,1,1,1,1,1,0,0,0,0,0,0,0,0,0,0,0,0,0,0,0,0,0,0,0,0,0,0
"BR00010","Brunner",249,"GreyValley","Westland",7,6,6,6,6,7,6,7,6,6,6,5,6,4,4,4,4,4,3,3,3,3,4,4,4,4,4,4,4,4,4,4,4,4,4,4,4,4,4,4,4,4,3,3,3,3,3,2,2,2,2,2,2,2,2,2,2,1,1,1,1,1,1,1,1,1,1,1,1,1,1,1,1,1,1,1,1,1,1,0,0,0,0,0,0,0,0,0,0,0,0,0,0,0,0,0,0,0,0,0,0,0,0,0,0,0
"BR00011","Cambridge",914,"Hamilton","Auckland",22,24,20,23,23,23,21,20,22,20,19,17,18,15,15,16,16,16,17,17,17,17,17,17,17,17,17,16,16,16,16,16,17,17,17,17,17,14,14,14,14,14,10,10,10,10,10,8,8,8,8,8,5,5,5,5,5,4,4,4,4,4,3,3,3,3,3,2,2,2,2,2,2,2,2,2,2,1,1,1,1,1,1,0,0,0,0,0,0,0,0,0,0,0,0,0,0,0,0,0,0,0,0,0,0,0
"BR00012","Carterton",755,"Wellington","Wellington",16,15,14,15,14,15,14,13,14,15,14,13,14,13,13,13,13,13,13,13,13,13,13,13,13,13,13,13,14,14,14,14,14,14,14,14,14,13,13,13,13,13,10,10,10,10,10,8,8,8,8,8,6,6,6,6,6,5,5,5,5,5,3,3,3,3,3,2,2,2,2,2,1,1,1,2,2,1,1,1,1,1,1,0,0,0,0,0,0,0,0,0,0,0,0,0,0,0,0,0,0,0,0,0,0,0
"BR00013","Christchurch",29848,"Christchurch","Canterbury",600,636,583,610,590,607,596,587,591,592,576,577,600,523,524,526,526,489,469,471,472,472,457,459,459,463,463,476,480,480,482,482,512,515,515,515,515,470,472,472,470,470,390,392,392,391,391,313,316,315,314,314,236,237,237,237,237,196,198,199,199,199,164,165,166,166,166,117,118,118,119,119,85,87,88,88,88,58,57,56,54,54,22,20,17,14,14,14,12,9,7,7,7,7,6,6,6,0,0,0,0,0,0,0,0,0
"BR00014","Cromwell",264,"Dunedin","Otago",5,5,5,5,6,5,5,5,5,5,5,6,6,5,5,5,5,5,4,4,4,4,4,4,4,4,4,4,4,4,4,4,4,4,4,4,4,4,4,4,4,4,3,3,3,3,3,3,3,3,3,3,2,2,2,2,2,2,2,2,2,2,2,2,2,2,2,1,1,1,1,1,1,1,1,1,1,1,1,1,1,1,0,0,0,0,0,0,0,0,0,0,0,0,0,0,0,0,0,0,0,0,0,0,0,0
"BR00015","Dannevirke",1761,"PalmerstonNorth","Wellington",44,39,42,38,35,40,35,37,36,36,35,37,35,31,31,31,31,31,30,30,30,30,29,29,29,29,29,30,30,30,30,30,31,31,31,31,31,27,27,27,27,27,21,21,21,21,21,17,17,17,17,17,12,12,12,12,12,10,10,10,10,10,8,8,8,8,8,6,6,6,6,6,4,4,4,4,4,3,3,3,3,3,1,1,1,1,1,1,1,0,0,0,0,0,0,0,0,0,0,0,0,0,0,0,0,0
"BR00016","Dargaville",909,"Auckland","Auckland",17,18,17,18,18,18,17,17,17,17,17,18,18,17,17,17,17,16,15,15,15,15,14,14,14,14,14,15,15,15,15,15,16,16,16,16,16,14,15,15,14,14,12,12,12,12,12,10,10,10,10,10,7,7,7,7,7,6,6,6,6,6,5,5,5,5,5,3,3,3,3,3,2,2,3,3,3,2,2,2,2,2,1,1,1,0,0,0,0,0,0,0,0,0,0,0,0,0,0,0,0,0,0,0,0,0
"BR00017","Devonport",3877,"Auckland","Auckland",75,76,72,76,77,77,73,71,71,74,73,77,75,71,71,71,71,69,63,63,63,63,61,61,61,62,62,63,64,64,64,64,66,67,67,67,67,61,62,62,62,62,51,51,51,51,51,42,43,43,42,42,31,31,31,31,31,25,25,26,26,26,20,20,20,20,20,14,15,14,15,15,10,11,11,11,11,7,7,7,7,7,3,3,2,2,2,2,2,1,1,1,1,1,1,1,1,0,0,0,0,0,0,0,0,0
"BR00018","Dunedin",25661,"Dunedin","Otago",493,500,486,490,538,510,501,518,507,507,512,537,527,496,497,498,498,493,423,424,425,425,390,391,391,394,394,381,384,384,386,386,396,399,399,399,399,384,386,386,384,384,331,332,333,332,332,284,286,286,284,284,210,210,210,210,210,169,169,170,171,171,145,146,147,147,147,104,105,105,105,105,78,79,80,81,81,54,54,52,51,51,20,18,15,13,13,13,11,9,7,7,7,7,6,6,6,0,0,0,0,0,0,0,0,0
"BR00019","Eastbourne",641,"Wellington","Wellington",13,13,12,13,12,13,12,11,12,12,12,11,12,11,11,11,11,11,11,11,11,11,11,11,11,11,11,11,12,12,12,12,12,12,12,12,12,11,11,11,11,11,8,8,8,8,8,7,7,7,7,7,5,5,5,5,5,4,4,4,4,4,3,3,3,3,3,2,2,2,2,2,1,1,1,1,1,1,1,1,1,1,0,0,0,0,0,0,0,0,0,0,0,0,0,0,0,0,0,0,0,0,0,0,0,0
"BR00020","Eketahuna",403,"PalmerstonNorth","Wellington",10,9,9,9,8,9,8,8,8,8,8,8,8,7,7,7,7,7,7,7,7,7,7,7,7,7,7,7,7,7,7,7,7,7,7,7,7,6,6,6,6,6,5,5,5,5,5,4,4,4,4,4,3,3,3,3,3,2,2,2,2,2,2,2,2,2,2,1,1,1,1,1,1,1,1,1,1,1,1,1,1,1,0,0,0,0,0,0,0,0,0,0,0,0,0,0,0,0,0,0,0,0,0,0,0,0
"BR00021","Eltham",931,"NewPlymouth","Taranaki",21,19,19,17,20,20,21,18,19,20,19,22,23,18,18,18,18,16,15,15,15,15,14,14,14,14,14,14,14,14,14,14,14,15,15,14,14,14,14,14,14,14,11,11,11,11,11,10,10,10,10,10,7,7,7,7,7,6,6,6,6,6,5,5,5,5,5,4,4,4,4,4,3,3,3,3,3,2,2,2,2,2,1,1,1,0,0,0,0,0,0,0,0,0,0,0,0,0,0,0,0,0,0,0,0,0
"BR00022","Featherston",478,"Wellington","Wellington",10,10,9,10,9,9,9,9,9,9,9,8,9,8,8,8,8,8,8,8,8,8,8,8,8,9,9,9,9,9,9,9,9,9,9,9,9,8,8,8,8,8,6,6,6,6,6,5,5,5,5,5,4,4,4,4,4,3,3,3,3,3,2,2,2,2,2,1,1,1,1,1,1,1,1,1,1,1,1,1,1,1,0,0,0,0,0,0,0,0,0,0,0,0,0,0,0,0,0,0,0,0,0,0,0,0
"BR00023","Feilding",2047,"Wanganui","Wellington",47,47,46,48,46,45,47,45,44,46,46,46,49,38,38,38,38,31,33,33,33,33,31,31,31,31,31,32,32,32,32,32,34,35,35,35,35,32,32,32,32,32,25,25,25,25,25,20,20,20,20,20,15,15,15,15,15,11,11,11,11,11,9,10,10,10,10,6,6,6,6,6,4,5,5,5,5,3,3,3,3,3,1,1,1,1,1,1,1,1,0,0,0,0,0,0,0,0,0,0,0,0,0,0,0,0
"BR00024","Foxton",761,"PalmerstonNorth","Wellington",19,17,18,16,15,17,15,16,16,15,15,16,15,13,13,13,13,13,13,13,13,13,13,13,13,13,13,13,13,13,13,13,14,14,14,14,14,12,12,12,12,12,9,9,9,9,9,7,7,7,7,7,5,5,5,5,5,4,4,4,4,4,3,3,4,4,4,3,3,3,3,3,2,2,2,2,2,1,1,1,1,1,1,0,0,0,0,0,0,0,0,0,0,0,0,0,0,0,0,0,0,0,0,0,0,0
"BR00025","Geraldine",424,"Timaru","Canterbury",9,10,10,10,9,10,9,9,9,9,9,9,10,7,7,7,7,6,7,7,7,7,6,6,6,6,6,7,7,7,7,7,7,7,7,7,7,7,7,7,7,7,5,5,5,5,5,4,4,4,4,4,3,3,3,3,3,3,3,3,3,3,2,2,2,2,2,2,2,2,2,2,1,1,1,1,1,1,1,1,1,1,0,0,0,0,0,0,0,0,0,0,0,0,0,0,0,0,0,0,0,0,0,0,0,0
"BR00026","Gisborne",4993,"Gisborne","Hawkes.Bay",132,129,118,131,128,126,117,115,109,100,106,109,90,82,83,83,83,83,78,78,78,78,78,78,78,79,79,89,90,90,90,90,88,89,89,89,89,73,73,73,73,73,62,63,63,63,63,47,47,47,47,47,32,32,32,32,32,26,26,27,27,27,19,19,20,20,20,13,13,13,13,13,8,9,9,9,9,8,7,7,7,7,3,3,2,2,2,2,2,1,1,1,1,1,1,0,0,0,0,0,0,0,0,0,0,0
"BR00027","Gore",1664,"Invercargill","Southland",38,37,38,37,38,39,37,36,37,36,35,34,33,32,32,32,32,32,28,28,28,28,25,26,26,26,26,26,26,26,26,26,26,26,26,26,26,24,24,24,24,24,19,19,19,19,19,16,16,16,16,16,13,13,13,13,13,10,10,10,10,10,9,9,9,9,9,6,6,6,6,6,4,4,4,4,4,3,3,3,3,3,1,1,1,1,1,1,1,1,0,0,0,0,0,0,0,0,0,0,0,0,0,0,0,0
"BR00028","Green Island",867,"Dunedin","Otago",17,17,16,17,18,17,17,17,17,17,17,18,18,17,17,17,17,17,14,14,14,14,13,13,13,13,13,13,13,13,13,13,13,13,13,13,13,13,13,13,13,13,11,11,11,11,11,10,10,10,10,10,7,7,7,7,7,6,6,6,6,6,5,5,5,5,5,4,4,4,4,4,3,3,3,3,3,2,2,2,2,2,1,1,1,0,0,0,0,0,0,0,0,0,0,0,0,0,0,0,0,0,0,0,0,0
"BR00029","Greymouth",2386,"GreyValley","Westland",62,56,59,56,55,63,59,63,60,58,61,51,54,42,42,42,42,34,30,31,31,31,34,34,34,34,34,34,35,35,35,35,42,42,42,42,42,39,39,39,39,39,30,31,31,31,31,20,20,20,20,20,15,15,15,15,15,12,12,12,12,12,10,10,10,10,10,8,8,8,8,8,6,6,6,6,6,5,5,5,5,5,2,2,2,2,2,2,1,1,1,1,1,1,1,1,1,0,0,0,0,0,0,0,0,0
"BR00030","Greytown",543,"Wellington","Wellington",11,11,11,11,10,11,10,10,10,11,10,10,10,9,9,9,9,10,9,9,9,9,10,10,10,10,10,10,10,10,10,10,10,10,10,10,10,9,9,9,9,9,7,7,7,7,7,6,6,6,6,6,4,4,4,4,4,3,3,3,3,3,2,2,2,2,2,2,2,2,2,2,1,1,1,1,1,1,1,1,1,1,0,0,0,0,0,0,0,0,0,0,0,0,0,0,0,0,0,0,0,0,0,0,0,0
"BR00031","Hamilton",5121,"Hamilton","Auckland",120,132,113,126,130,125,115,110,122,113,108,93,100,86,86,86,86,88,96,97,97,97,93,94,94,94,94,88,89,89,89,89,96,96,96,96,96,78,79,79,78,78,55,55,55,55,55,43,44,44,43,43,30,30,30,30,30,23,23,23,23,23,19,19,19,19,19,13,13,13,13,13,9,9,9,9,9,6,6,6,5,5,3,3,2,2,2,2,1,1,1,1,1,1,0,0,0,0,0,0,0,0,0,0,0,0
"BR00032","Hampden",142,"Dunedin","Otago",3,3,3,3,3,3,3,3,3,3,3,3,3,3,3,3,3,3,2,2,2,2,2,2,2,2,2,2,2,2,2,2,2,2,2,2,2,2,2,2,2,2,2,2,2,2,2,2,2,2,2,2,1,1,1,1,1,1,1,1,1,1,1,1,1,1,1,1,1,1,1,1,0,0,0,0,0,0,0,0,0,0,0,0,0,0,0,0,0,0,0,0,0,0,0,0,0,0,0,0,0,0,0,0,0,0
"BR00033","Hastings",4156,"Hastings","Hawkes.Bay",93,104,91,98,87,100,93,100,85,104,100,95,86,73,74,74,74,60,64,64,65,65,63,63,63,64,64,67,67,67,67,67,71,71,71,71,71,65,66,66,65,65,49,49,49,49,49,39,39,39,39,39,29,29,29,29,29,25,25,26,26,26,20,20,20,20,20,12,13,13,13,13,10,10,10,10,10,6,6,5,5,5,3,2,2,2,2,2,1,1,1,1,1,1,0,0,0,0,0,0,0,0,0,0,0,0
"BR00034","Hawera",1909,"NewPlymouth","Taranaki",43,40,39,36,41,41,43,37,40,42,39,44,47,36,36,36,36,32,31,31,32,32,29,29,29,29,29,28,28,28,28,28,30,30,30,30,30,29,29,29,29,29,22,22,23,22,22,20,20,20,20,20,14,14,14,14,14,12,12,13,13,13,10,10,10,10,10,8,8,8,8,8,6,6,6,6,6,4,4,4,4,4,1,1,1,1,1,1,1,1,1,1,1,0,0,0,0,0,0,0,0,0,0,0,0,0
"BR00035","Hokitika",1057,"GreyValley","Westland",27,25,26,25,25,28,26,28,27,26,27,22,24,19,19,19,19,15,14,14,14,14,15,15,15,15,15,15,15,15,15,15,19,19,19,19,19,17,17,17,17,17,14,14,14,14,14,9,9,9,9,9,6,6,7,6,6,5,5,5,5,5,4,4,4,4,4,4,4,4,4,4,3,3,3,3,3,2,2,2,2,2,1,1,1,1,1,1,1,1,0,0,0,0,0,0,0,0,0,0,0,0,0,0,0,0
"BR00036","Inglewood",536,"NewPlymouth","Taranaki",12,11,11,10,12,12,12,11,11,12,11,13,13,10,10,10,10,9,9,9,9,9,8,8,8,8,8,8,8,8,8,8,8,8,8,8,8,8,8,8,8,8,6,6,6,6,6,6,6,6,6,6,4,4,4,4,4,4,4,4,4,4,3,3,3,3,3,2,2,2,2,2,2,2,2,2,2,1,1,1,1,1,0,0,0,0,0,0,0,0,0,0,0,0,0,0,0,0,0,0,0,0,0,0,0,0
"BR00037","Invercargill",6905,"Invercargill","Southland",156,154,158,152,158,161,153,148,153,149,144,142,137,132,132,132,132,130,115,116,116,116,105,105,105,106,106,107,107,107,108,108,108,109,109,109,109,101,101,101,101,101,78,78,78,78,78,67,68,68,67,67,52,52,52,52,52,42,42,42,42,42,37,38,38,38,38,24,24,24,24,24,18,18,18,19,19,13,13,13,12,12,5,5,4,4,4,4,3,2,2,2,2,2,2,2,2,0,0,0,0,0,0,0,0,0
"BR00038","Invercargill South",827,"Invercargill","Southland",19,19,19,18,19,19,18,18,18,18,17,17,17,16,16,16,16,16,14,14,14,14,13,13,13,13,13,13,13,13,13,13,13,13,13,13,13,12,12,12,12,12,9,9,9,9,9,8,8,8,8,8,6,6,6,6,6,5,5,5,5,5,5,5,5,5,5,3,3,3,3,3,2,2,2,2,2,2,2,2,1,1,1,1,0,0,0,0,0,0,0,0,0,0,0,0,0,0,0,0,0,0,0,0,0,0
"BR00039","Kaiapoi",748,"Christchurch","Canterbury",15,16,15,15,15,15,15,15,15,15,14,15,15,13,13,13,13,12,12,12,12,12,12,12,12,12,12,12,12,12,12,12,13,13,13,13,13,12,12,12,12,12,10,10,10,10,10,8,8,8,8,8,6,6,6,6,6,5,5,5,5,5,4,4,4,4,4,3,3,3,3,3,2,2,2,2,2,1,1,1,1,1,1,0,0,0,0,0,0,0,0,0,0,0,0,0,0,0,0,0,0,0,0,0,0,0
"BR00040","Kaitangata",756,"Dunedin","Otago",15,15,14,15,16,15,15,15,15,15,15,16,16,15,15,15,15,15,13,13,13,13,12,12,12,12,12,11,11,11,11,11,12,12,12,12,12,11,11,11,11,11,10,10,10,10,10,8,8,8,8,8,6,6,6,6,6,5,5,5,5,5,4,4,4,4,4,3,3,3,3,3,2,2,2,2,2,2,2,2,2,2,1,1,0,0,0,0,0,0,0,0,0,0,0,0,0,0,0,0,0,0,0,0,0,0
"BR00041","Kumara",233,"GreyValley","Westland",6,6,6,6,6,6,6,6,6,6,6,5,6,4,4,4,4,4,3,3,3,3,3,3,3,3,3,3,4,4,4,4,4,4,4,4,4,4,4,4,4,4,3,3,3,3,3,2,2,2,2,2,1,1,1,1,1,1,1,1,1,1,1,1,1,1,1,1,1,1,1,1,1,1,1,1,1,0,0,0,0,0,0,0,0,0,0,0,0,0,0,0,0,0,0,0,0,0,0,0,0,0,0,0,0,0
"BR00042","Lawrence",315,"Dunedin","Otago",6,6,6,6,7,6,6,6,6,6,6,7,6,6,6,6,6,6,5,5,5,5,5,5,5,5,5,5,5,5,5,5,5,5,5,5,5,5,5,5,5,5,4,4,4,4,4,3,3,3,3,3,3,3,3,3,3,2,2,2,2,2,2,2,2,2,2,1,1,1,1,1,1,1,1,1,1,1,1,1,1,1,0,0,0,0,0,0,0,0,0,0,0,0,0,0,0,0,0,0,0,0,0,0,0,0
"BR00043","Levin",895,"PalmerstonNorth","Wellington",22,20,21,19,18,20,18,19,18,18,18,19,18,16,16,16,16,16,15,15,15,15,15,15,15,15,15,15,15,15,15,15,16,16,16,16,16,14,14,14,14,14,11,11,11,11,11,9,9,9,9,9,6,6,6,6,6,5,5,5,5,5,4,4,4,4,4,3,3,3,3,3,2,2,2,2,2,1,1,1,1,1,1,1,0,0,0,0,0,0,0,0,0,0,0,0,0,0,0,0,0,0,0,0,0,0
"BR00044","Lower Hutt",2587,"Wellington","Wellington",54,52,50,51,48,51,48,46,48,50,48,45,48,44,44,45,45,46,44,45,45,45,45,45,45,46,46,46,47,47,47,47,48,48,48,48,48,43,43,43,43,43,33,34,34,34,34,26,27,27,27,27,19,19,19,19,19,16,16,16,16,16,11,12,12,12,12,8,8,8,8,8,5,5,5,5,5,4,4,3,3,3,2,2,1,1,1,1,1,1,0,0,0,0,0,0,0,0,0,0,0,0,0,0,0,0
"BR00045","Lyttelton",1675,"Christchurch","Canterbury",34,36,33,34,33,34,33,33,33,33,32,32,34,29,29,30,30,27,26,26,27,27,26,26,26,26,26,27,27,27,27,27,29,29,29,29,29,26,27,27,26,26,22,22,22,22,22,18,18,18,18,18,13,13,13,13,13,11,11,11,11,11,9,9,9,9,9,7,7,7,7,7,5,5,5,5,5,3,3,3,3,3,1,1,1,1,1,1,1,1,0,0,0,0,0,0,0,0,0,0,0,0,0,0,0,0
"BR00046","Marton",1182,"Wanganui","Wellington",27,27,27,28,26,26,27,26,25,26,26,26,28,22,22,22,22,18,19,19,19,19,18,18,18,18,18,18,18,18,18,18,20,20,20,20,20,18,18,18,18,18,14,15,15,14,14,12,12,12,12,12,8,8,8,8,8,6,6,7,7,7,5,6,6,6,6,4,4,4,4,4,3,3,3,3,3,2,2,2,2,2,1,1,1,1,1,1,0,0,0,0,0,0,0,0,0,0,0,0,0,0,0,0,0,0
"BR00047","Masterton",3532,"Wellington","Wellington",73,72,68,70,65,69,65,63,66,69,66,62,66,60,61,61,61,62,61,61,61,61,62,62,62,62,62,63,64,64,64,64,65,66,66,66,66,59,59,59,59,59,46,46,46,46,46,36,36,36,36,36,26,26,26,26,26,21,21,21,22,22,16,16,16,16,16,11,11,11,11,11,7,7,7,7,7,5,5,5,4,4,2,2,2,1,1,1,1,1,1,1,1,1,1,0,0,0,0,0,0,0,0,0,0,0
"BR00048","Mataura",523,"Invercargill","Southland",12,12,12,12,12,12,12,11,12,12,11,11,11,10,10,10,10,10,9,9,9,9,8,8,8,8,8,8,8,8,8,8,8,8,8,8,8,8,8,8,8,8,6,6,6,6,6,5,5,5,5,5,4,4,4,4,4,3,3,3,3,3,3,3,3,3,3,2,2,2,2,2,1,1,1,1,1,1,1,1,1,1,0,0,0,0,0,0,0,0,0,0,0,0,0,0,0,0,0,0,0,0,0,0,0,0
"BR00049","Milton",597,"Dunedin","Otago",12,12,11,12,13,12,12,12,12,12,12,13,12,12,12,12,12,12,10,10,10,10,9,9,9,9,9,9,9,9,9,9,9,9,9,9,9,9,9,9,9,9,8,8,8,8,8,7,7,7,7,7,5,5,5,5,5,4,4,4,4,4,3,3,3,3,3,2,2,2,2,2,2,2,2,2,2,1,1,1,1,1,0,0,0,0,0,0,0,0,0,0,0,0,0,0,0,0,0,0,0,0,0,0,0,0
"BR00050","Morrinsville",584,"Hamilton","Auckland",14,15,13,15,15,15,13,13,14,13,12,11,12,10,10,10,10,10,11,11,11,11,11,11,11,11,11,10,10,10,10,10,11,11,11,11,11,9,9,9,9,9,6,6,6,6,6,5,5,5,5,5,3,3,3,3,3,3,3,3,3,3,2,2,2,2,2,1,1,1,1,1,1,1,1,1,1,1,1,1,1,1,0,0,0,0,0,0,0,0,0,0,0,0,0,0,0,0,0,0,0,0,0,0,0,0
"BR00051","Mosgiel",774,"Dunedin","Otago",15,15,15,15,16,15,15,16,15,15,16,16,16,15,15,15,15,15,13,13,13,13,12,12,12,12,12,12,12,12,12,12,12,12,12,12,12,12,12,12,12,12,10,10,10,10,10,9,9,9,9,9,6,6,6,6,6,5,5,5,5,5,4,4,4,4,4,3,3,3,3,3,2,2,2,2,2,2,2,2,2,2,1,1,0,0,0,0,0,0,0,0,0,0,0,0,0,0,0,0,0,0,0,0,0,0
"BR00052","Motueka",651,"Nelson","Nelson",13,16,13,14,14,14,15,15,15,15,14,16,15,12,12,13,13,9,9,9,9,9,9,9,9,9,9,9,9,9,9,9,10,10,10,10,10,9,10,9,9,9,8,8,8,8,8,8,8,8,8,8,6,6,6,6,6,5,5,5,5,5,3,3,3,3,3,3,3,3,3,3,2,2,2,2,2,1,1,1,1,1,1,0,0,0,0,0,0,0,0,0,0,0,0,0,0,0,0,0,0,0,0,0,0,0
"BR00053","Mount Albert",5013,"Auckland","Auckland",97,98,93,99,100,99,95,92,92,96,95,99,97,91,92,92,92,89,81,82,82,82,79,79,79,80,80,81,83,83,83,83,86,87,87,87,87,79,80,80,80,80,66,66,66,66,66,54,55,55,55,55,40,40,40,40,40,33,33,33,33,33,26,26,26,26,26,19,19,19,19,19,13,14,14,14,14,9,9,9,9,9,4,3,3,2,2,2,2,2,1,1,1,1,1,1,1,0,0,0,0,0,0,0,0,0
"BR00054","Mount Eden",6473,"Auckland","Auckland",125,127,120,127,129,128,123,118,119,124,122,128,125,118,118,119,119,115,105,106,106,106,102,102,102,103,103,105,107,107,107,107,110,112,112,112,112,102,104,103,103,103,85,86,86,86,86,70,71,71,71,71,51,52,52,52,52,42,42,43,43,43,34,34,34,34,34,24,24,24,24,24,17,18,18,18,18,12,12,11,11,11,5,4,4,3,3,3,3,2,2,2,2,1,1,1,1,0,0,0,0,0,0,0,0,0
"BR00055","Napier",6457,"Napier","Hawkes.Bay",143,136,139,142,147,148,122,134,146,129,128,116,136,111,111,111,111,99,104,104,104,104,104,104,104,105,105,113,114,114,115,115,113,114,114,114,114,101,102,101,101,101,79,80,80,79,79,63,63,63,63,63,46,46,46,46,46,39,39,39,40,40,31,31,31,31,31,21,21,21,21,21,15,15,15,15,15,11,11,10,10,10,5,4,4,3,3,3,3,2,2,2,2,2,1,1,1,0,0,0,0,0,0,0,0,0
"BR00056","Naseby",109,"Dunedin","Otago",2,2,2,2,2,2,2,2,2,2,2,2,2,2,2,2,2,2,2,2,2,2,2,2,2,2,2,2,2,2,2,2,2,2,2,2,2,2,2,2,2,2,1,1,1,1,1,1,1,1,1,1,1,1,1,1,1,1,1,1,1,1,1,1,1,1,1,0,0,0,0,0,0,0,0,0,0,0,0,0,0,0,0,0,0,0,0,0,0,0,0,0,0,0,0,0,0,0,0,0,0,0,0,0,0,0
"BR00057","Nelson",4100,"Nelson","Nelson",83,98,79,87,86,90,92,97,93,93,87,97,96,78,78,78,78,59,56,56,56,56,55,56,56,56,56,53,54,54,54,54,60,60,60,60,60,59,59,59,59,59,51,51,51,51,51,48,48,48,48,48,40,40,40,40,40,33,33,33,33,33,21,21,21,21,21,16,16,16,16,16,14,14,14,14,14,9,9,9,8,8,3,3,3,2,2,2,2,2,1,1,1,1,1,1,1,0,0,0,0,0,0,0,0,0
"BR00058","New Brighton",1713,"Christchurch","Canterbury",34,37,34,35,34,35,34,34,34,34,33,33,34,30,30,30,30,28,27,27,27,27,26,26,26,27,27,27,28,28,28,28,29,30,30,30,30,27,27,27,27,27,22,22,23,22,22,18,18,18,18,18,14,14,14,14,14,11,11,11,11,11,9,9,10,10,10,7,7,7,7,7,5,5,5,5,5,3,3,3,3,3,1,1,1,1,1,1,1,1,0,0,0,0,0,0,0,0,0,0,0,0,0,0,0,0
"BR00059","New Plymouth",5254,"NewPlymouth","Taranaki",117,109,106,98,112,114,119,103,109,115,107,122,129,100,100,100,100,89,86,86,87,87,80,80,80,80,80,77,77,77,78,78,81,82,82,82,82,80,80,80,80,80,62,62,62,62,62,56,56,56,56,56,38,39,39,38,38,34,34,34,34,34,28,28,29,29,29,21,21,21,22,22,15,15,16,16,16,11,11,10,10,10,4,4,3,3,3,3,2,2,1,1,1,1,1,1,1,0,0,0,0,0,0,0,0,0
"BR00060","Newmarket",1367,"Auckland","Auckland",26,27,25,27,27,27,26,25,25,26,26,27,26,25,25,25,25,24,22,22,22,22,21,22,22,22,22,22,23,23,23,23,23,24,24,24,24,22,22,22,22,22,18,18,18,18,18,15,15,15,15,15,11,11,11,11,11,9,9,9,9,9,7,7,7,7,7,5,5,5,5,5,4,4,4,4,4,3,2,2,2,2,1,1,1,1,1,1,1,0,0,0,0,0,0,0,0,0,0,0,0,0,0,0,0,0
"BR00061","Ngaruawahia",495,"Hamilton","Auckland",12,13,11,12,13,12,11,11,12,11,11,9,10,8,8,8,8,9,9,9,9,9,9,9,9,9,9,9,9,9,9,9,9,9,9,9,9,8,8,8,8,8,5,5,5,5,5,4,4,4,4,4,3,3,3,3,3,2,2,2,2,2,2,2,2,2,2,1,1,1,1,1,1,1,1,1,1,1,1,1,1,1,0,0,0,0,0,0,0,0,0,0,0,0,0,0,0,0,0,0,0,0,0,0,0,0
"BR00062","Northcote",902,"Auckland","Auckland",17,18,17,18,18,18,17,16,17,17,17,18,17,16,16,17,17,16,15,15,15,15,14,14,14,14,14,15,15,15,15,15,15,16,16,16,16,14,14,14,14,14,12,12,12,12,12,10,10,10,10,10,7,7,7,7,7,6,6,6,6,6,5,5,5,5,5,3,3,3,3,3,2,2,3,3,3,2,2,2,2,2,1,1,1,0,0,0,0,0,0,0,0,0,0,0,0,0,0,0,0,0,0,0,0,0
"BR00063","Oamaru",2532,"Dunedin","Otago",49,49,48,48,53,50,49,51,50,50,50,53,52,49,49,49,49,49,42,42,42,42,38,39,39,39,39,38,38,38,38,38,39,39,39,39,39,38,38,38,38,38,33,33,33,33,33,28,28,28,28,28,21,21,21,21,21,17,17,17,17,17,14,14,14,14,14,10,10,10,10,10,8,8,8,8,8,5,5,5,5,5,2,2,2,1,1,1,1,1,1,1,1,1,1,1,1,0,0,0,0,0,0,0,0,0
"BR00064","Ohakune",703,"Wanganui","Taranaki",16,16,16,16,16,15,16,15,15,16,16,16,17,13,13,13,13,11,11,11,11,11,11,11,11,11,11,11,11,11,11,11,12,12,12,12,12,11,11,11,11,11,9,9,9,9,9,7,7,7,7,7,5,5,5,5,5,4,4,4,4,4,3,3,3,3,3,2,2,2,2,2,2,2,2,2,2,1,1,1,1,1,0,0,0,0,0,0,0,0,0,0,0,0,0,0,0,0,0,0,0,0,0,0,0,0
"BR00065","Onehunga",3127,"Auckland","Auckland",60,61,58,61,62,62,59,57,58,60,59,62,60,57,57,57,57,55,51,51,51,51,49,50,49,50,50,51,52,52,52,52,53,54,54,54,54,49,50,50,50,50,41,41,41,41,41,34,34,34,34,34,25,25,25,25,25,20,20,21,21,21,16,16,16,16,16,12,12,12,12,12,8,9,9,9,9,6,6,6,5,5,2,2,2,2,2,2,1,1,1,1,1,1,1,1,1,0,0,0,0,0,0,0,0,0
"BR00066","Opotiki",517,"Gisborne","Hawkes.Bay",14,13,12,14,13,13,12,12,11,10,11,11,9,9,9,9,9,9,8,8,8,8,8,8,8,8,8,9,9,9,9,9,9,9,9,9,9,8,8,8,8,8,7,7,7,7,7,5,5,5,5,5,3,3,3,3,3,3,3,3,3,3,2,2,2,2,2,1,1,1,1,1,1,1,1,1,1,1,1,1,1,1,0,0,0,0,0,0,0,0,0,0,0,0,0,0,0,0,0,0,0,0,0,0,0,0
"BR00067","Otahuhu",1244,"Auckland","Auckland",24,24,23,24,25,25,24,23,23,24,23,25,24,23,23,23,23,22,20,20,20,20,20,20,20,20,20,20,21,21,21,21,21,22,21,21,21,20,20,20,20,20,16,16,16,16,16,14,14,14,14,14,10,10,10,10,10,8,8,8,8,8,6,6,7,7,7,5,5,5,5,5,3,3,3,3,3,2,2,2,2,2,1,1,1,1,1,1,0,0,0,0,0,0,0,0,0,0,0,0,0,0,0,0,0,0
"BR00068","Otaki",483,"Wellington","Wellington",10,10,9,10,9,10,9,9,9,9,9,9,9,8,8,8,8,9,8,8,8,8,8,9,9,9,9,9,9,9,9,9,9,9,9,9,9,8,8,8,8,8,6,6,6,6,6,5,5,5,5,5,4,4,4,4,4,3,3,3,3,3,2,2,2,2,2,1,1,1,1,1,1,1,1,1,1,1,1,1,1,1,0,0,0,0,0,0,0,0,0,0,0,0,0,0,0,0,0,0,0,0,0,0,0,0
"BR00069","Paeroa",730,"Hamilton","Auckland",17,19,16,18,19,18,17,16,18,16,15,13,14,12,12,12,12,13,14,14,14,14,13,13,13,14,14,13,13,13,13,13,14,14,14,14,14,11,11,11,11,11,8,8,8,8,8,6,6,6,6,6,4,4,4,4,4,3,3,3,3,3,3,3,3,3,3,2,2,2,2,2,1,1,1,1,1,1,1,1,1,1,0,0,0,0,0,0,0,0,0,0,0,0,0,0,0,0,0,0,0,0,0,0,0,0
"BR00070","Pahiatua",597,"PalmerstonNorth","Wellington",15,13,14,13,12,14,12,13,12,12,12,13,12,11,11,11,11,11,10,10,10,10,10,10,10,10,10,10,10,10,10,10,11,11,11,11,11,9,9,9,9,9,7,7,7,7,7,6,6,6,6,6,4,4,4,4,4,3,3,3,3,3,3,3,3,3,3,2,2,2,2,2,1,1,1,1,1,1,1,1,1,1,0,0,0,0,0,0,0,0,0,0,0,0,0,0,0,0,0,0,0,0,0,0,0,0
"BR00071","Palmerston",368,"PalmerstonNorth","Wellington",9,8,9,8,7,8,7,8,7,7,7,8,7,6,6,6,6,6,6,6,6,6,6,6,6,6,6,6,6,6,6,6,6,7,7,7,7,6,6,6,6,6,4,4,4,4,4,4,4,4,4,4,3,3,3,3,3,2,2,2,2,2,2,2,2,2,2,1,1,1,1,1,1,1,1,1,1,1,1,1,1,1,0,0,0,0,0,0,0,0,0,0,0,0,0,0,0,0,0,0,0,0,0,0,0,0
"BR00072","Palmerston North",7106,"PalmerstonNorth","Wellington",175,157,169,153,141,160,142,150,145,144,139,150,141,124,124,124,124,124,120,120,120,120,117,117,117,118,118,121,122,122,122,122,126,126,126,126,126,107,107,107,107,107,84,84,84,84,84,68,68,68,68,68,50,50,50,50,50,40,40,41,41,41,32,32,33,33,33,26,26,26,26,26,16,17,17,17,17,12,11,11,11,11,5,4,4,3,3,3,2,2,1,1,1,1,1,1,1,0,0,0,0,0,0,0,0,0
"BR00073","Patea",534,"NewPlymouth","Taranaki",12,11,11,10,11,12,12,11,11,12,11,13,13,10,10,10,10,9,9,9,9,9,8,8,8,8,8,8,8,8,8,8,8,8,8,8,8,8,8,8,8,8,6,6,6,6,6,6,6,6,6,6,4,4,4,4,4,3,4,4,4,4,3,3,3,3,3,2,2,2,2,2,2,2,2,2,2,1,1,1,1,1,0,0,0,0,0,0,0,0,0,0,0,0,0,0,0,0,0,0,0,0,0,0,0,0
"BR00074","Petone",3599,"Wellington","Wellington",75,73,69,71,66,71,66,64,67,70,67,63,67,62,62,62,62,63,62,62,62,62,63,63,63,64,64,64,65,65,65,65,66,67,67,67,67,60,60,60,60,60,47,47,47,47,47,37,37,37,37,37,27,27,27,27,27,22,22,22,22,22,16,16,16,16,16,11,11,11,11,11,7,7,7,7,7,5,5,5,5,5,2,2,2,1,1,1,1,1,1,1,1,1,1,0,0,0,0,0,0,0,0,0,0,0
"BR00075","Picton",595,"Nelson","Marlborough",12,14,12,13,13,13,14,14,14,14,13,14,14,11,11,11,11,9,8,8,8,8,8,8,8,8,8,8,8,8,8,8,9,9,9,9,9,9,9,9,9,9,7,7,7,7,7,7,7,7,7,7,6,6,6,6,6,5,5,5,5,5,3,3,3,3,3,2,2,2,2,2,2,2,2,2,2,1,1,1,1,1,1,0,0,0,0,0,0,0,0,0,0,0,0,0,0,0,0,0,0,0,0,0,0,0
"BR00076","Port Chalmers",1150,"Dunedin","Otago",22,22,22,22,24,23,22,23,23,23,23,24,24,22,22,22,22,22,19,19,19,19,17,17,17,18,18,17,17,17,17,17,18,18,18,18,18,17,17,17,17,17,15,15,15,15,15,13,13,13,13,13,9,9,9,9,9,8,8,8,8,8,6,7,7,7,7,5,5,5,5,5,4,4,4,4,4,2,2,2,2,2,1,1,1,1,1,1,0,0,0,0,0,0,0,0,0,0,0,0,0,0,0,0,0,0
"BR00077","Pukekohe",827,"Auckland","Auckland",16,16,16,16,17,17,16,15,15,16,16,17,16,15,15,15,15,15,14,14,14,14,13,13,13,13,13,14,14,14,14,14,14,14,14,14,14,13,13,13,13,13,11,11,11,11,11,9,9,9,9,9,7,7,7,7,7,5,5,6,6,6,4,4,4,4,4,3,3,3,3,3,2,2,2,2,2,2,2,1,1,1,1,1,0,0,0,0,0,0,0,0,0,0,0,0,0,0,0,0,0,0,0,0,0,0
"BR00078","Queenstown",328,"Dunedin","Otago",6,6,6,6,7,7,6,7,7,7,7,7,7,6,6,6,6,6,5,5,6,6,5,5,5,5,5,5,5,5,5,5,5,5,5,5,5,5,5,5,5,5,4,4,4,4,4,4,4,4,4,4,3,3,3,3,3,2,2,2,2,2,2,2,2,2,2,1,1,1,1,1,1,1,1,1,1,1,1,1,1,1,0,0,0,0,0,0,0,0,0,0,0,0,0,0,0,0,0,0,0,0,0,0,0,0
"BR00079","Rangiora",893,"Christchurch","Canterbury",18,19,17,18,18,18,18,17,18,18,17,17,18,16,16,16,16,15,14,14,14,14,14,14,14,14,14,14,14,14,14,14,15,15,15,15,15,14,14,14,14,14,12,12,12,12,12,9,9,9,9,9,7,7,7,7,7,6,6,6,6,6,5,5,5,5,5,3,4,4,4,4,3,3,3,3,3,2,2,2,2,2,1,1,1,0,0,0,0,0,0,0,0,0,0,0,0,0,0,0,0,0,0,0,0,0
"BR00080","Riccarton",1442,"Christchurch","Canterbury",29,31,28,29,29,29,29,28,29,29,28,28,29,25,25,25,25,24,23,23,23,23,22,22,22,22,22,23,23,23,23,23,25,25,25,25,25,23,23,23,23,23,19,19,19,19,19,15,15,15,15,15,11,11,11,11,11,9,10,10,10,10,8,8,8,8,8,6,6,6,6,6,4,4,4,4,4,3,3,3,3,3,1,1,1,1,1,1,1,0,0,0,0,0,0,0,0,0,0,0,0,0,0,0,0,0
"BR00081","Richmond",458,"Nelson","Nelson",9,11,9,10,9,10,10,11,10,10,10,11,11,9,9,9,9,7,6,6,6,6,6,6,6,6,6,6,6,6,6,6,7,7,7,7,7,7,7,7,7,7,6,6,6,6,6,5,5,5,5,5,4,4,4,4,4,4,4,4,4,4,2,2,2,2,2,2,2,2,2,2,2,2,2,2,2,1,1,1,1,1,0,0,0,0,0,0,0,0,0,0,0,0,0,0,0,0,0,0,0,0,0,0,0,0
"BR00082","Riverton",380,"Invercargill","Southland",9,9,9,8,9,9,9,8,9,8,8,8,8,7,7,7,7,7,6,6,6,6,6,6,6,6,6,6,6,6,6,6,6,6,6,6,6,6,6,6,6,6,4,4,4,4,4,4,4,4,4,4,3,3,3,3,3,2,2,2,2,2,2,2,2,2,2,1,1,1,1,1,1,1,1,1,1,1,1,1,1,1,0,0,0,0,0,0,0,0,0,0,0,0,0,0,0,0,0,0,0,0,0,0,0,0
"BR00083","Ross",221,"GreyValley","Westland",6,5,5,5,5,6,5,6,6,5,6,5,5,4,4,4,4,3,3,3,3,3,3,3,3,3,3,3,3,3,3,3,4,4,4,4,4,4,4,4,4,4,3,3,3,3,3,2,2,2,2,2,1,1,1,1,1,1,1,1,1,1,1,1,1,1,1,1,1,1,1,1,1,1,1,1,1,0,0,0,0,0,0,0,0,0,0,0,0,0,0,0,0,0,0,0,0,0,0,0,0,0,0,0,0,0
"BR00084","Rotorua",1731,"Hamilton","Auckland",41,45,38,43,44,42,39,37,41,38,36,31,34,29,29,29,29,30,33,33,33,33,32,32,32,32,32,30,30,30,30,30,32,32,32,32,32,27,27,27,26,26,19,19,19,19,19,15,15,15,15,15,10,10,10,10,10,8,8,8,8,8,6,6,6,6,6,4,4,4,4,4,3,3,3,3,3,2,2,2,2,2,1,1,1,1,1,1,0,0,0,0,0,0,0,0,0,0,0,0,0,0,0,0,0,0
"BR00085","Roxburgh",175,"Dunedin","Otago",3,3,3,3,4,3,3,4,3,3,3,4,4,3,3,3,3,3,3,3,3,3,3,3,3,3,3,3,3,3,3,3,3,3,3,3,3,3,3,3,3,3,2,2,2,2,2,2,2,2,2,2,1,1,1,1,1,1,1,1,1,1,1,1,1,1,1,1,1,1,1,1,1,1,1,1,1,0,0,0,0,0,0,0,0,0,0,0,0,0,0,0,0,0,0,0,0,0,0,0,0,0,0,0,0,0
"BR00086","Runanga",589,"GreyValley","Westland",15,14,14,14,14,16,14,16,15,14,15,13,13,10,10,10,10,9,8,8,8,8,8,8,8,8,8,9,9,9,9,9,10,10,10,10,10,10,10,10,10,10,8,8,8,8,8,5,5,5,5,5,4,4,4,4,4,3,3,3,3,3,2,2,2,2,2,2,2,2,2,2,2,2,2,2,2,1,1,1,1,1,1,0,0,0,0,0,0,0,0,0,0,0,0,0,0,0,0,0,0,0,0,0,0,0
"BR00087","Shannon",458,"PalmerstonNorth","Wellington",11,10,11,10,9,10,9,10,9,9,9,10,9,8,8,8,8,8,8,8,8,8,8,8,8,8,8,8,8,8,8,8,8,8,8,8,8,7,7,7,7,7,5,5,5,5,5,4,4,4,4,4,3,3,3,3,3,3,3,3,3,3,2,2,2,2,2,2,2,2,2,2,1,1,1,1,1,1,1,1,1,1,0,0,0,0,0,0,0,0,0,0,0,0,0,0,0,0,0,0,0,0,0,0,0,0
"BR00088","St. Kilda",2685,"Dunedin","Otago",52,52,51,51,56,53,52,54,53,53,54,56,55,52,52,52,52,52,44,44,45,45,41,41,41,41,41,40,40,40,40,40,42,42,42,42,42,40,40,40,40,40,35,35,35,35,35,30,30,30,30,30,22,22,22,22,22,18,18,18,18,18,15,15,15,15,15,11,11,11,11,11,8,8,8,8,8,6,6,5,5,5,2,2,2,1,1,1,1,1,1,1,1,1,1,1,1,0,0,0,0,0,0,0,0,0
"BR00089","Stratford",1421,"NewPlymouth","Taranaki",32,30,29,26,30,31,32,28,29,31,29,33,35,27,27,27,27,24,23,23,23,23,22,22,22,22,22,21,21,21,21,21,22,22,22,22,22,22,22,22,22,22,17,17,17,17,17,15,15,15,15,15,10,10,10,10,10,9,9,9,9,9,8,8,8,8,8,6,6,6,6,6,4,4,4,4,4,3,3,3,3,3,1,1,1,1,1,1,1,0,0,0,0,0,0,0,0,0,0,0,0,0,0,0,0,0
"BR00090","Sumner",1312,"Christchurch","Canterbury",26,28,26,27,26,27,26,26,26,26,25,25,26,23,23,23,23,22,21,21,21,21,20,20,20,20,20,21,21,21,21,21,23,23,23,23,23,21,21,21,21,21,17,17,17,17,17,14,14,14,14,14,10,10,10,10,10,9,9,9,9,9,7,7,7,7,7,5,5,5,5,5,4,4,4,4,4,3,3,2,2,2,1,1,1,1,1,1,1,0,0,0,0,0,0,0,0,0,0,0,0,0,0,0,0,0
"BR00091","Taihape",943,"Wanganui","Wellington",22,22,21,22,21,21,22,21,20,21,21,21,23,18,18,18,18,14,15,15,15,15,14,14,14,15,15,15,15,15,15,15,16,16,16,16,16,15,15,15,15,15,12,12,12,12,12,9,9,9,9,9,7,7,7,7,7,5,5,5,5,5,4,4,4,4,4,3,3,3,3,3,2,2,2,2,2,1,1,1,1,1,1,1,0,0,0,0,0,0,0,0,0,0,0,0,0,0,0,0,0,0,0,0,0,0
"BR00092","Takapuna",1730,"Auckland","Auckland",33,34,32,34,34,34,33,32,32,33,33,34,33,32,32,32,32,31,28,28,28,28,27,27,27,28,28,28,29,29,29,29,30,30,30,30,30,27,28,28,27,27,23,23,23,23,23,19,19,19,19,19,14,14,14,14,14,11,11,11,11,11,9,9,9,9,9,6,6,6,7,7,5,5,5,5,5,3,3,3,3,3,1,1,1,1,1,1,1,1,0,0,0,0,0,0,0,0,0,0,0,0,0,0,0,0
"BR00093","Tapanui",142,"Dunedin","Otago",3,3,3,3,3,3,3,3,3,3,3,3,3,3,3,3,3,3,2,2,2,2,2,2,2,2,2,2,2,2,2,2,2,2,2,2,2,2,2,2,2,2,2,2,2,2,2,2,2,2,2,2,1,1,1,1,1,1,1,1,1,1,1,1,1,1,1,1,1,1,1,1,0,0,0,0,0,0,0,0,0,0,0,0,0,0,0,0,0,0,0,0,0,0,0,0,0,0,0,0,0,0,0,0,0,0
"BR00094","Taumarunui",971,"Wanganui","Taranaki",22,22,22,23,22,22,22,21,21,22,22,22,23,18,18,18,18,15,16,16,16,16,15,15,15,15,15,15,15,15,15,15,16,16,16,16,16,15,15,15,15,15,12,12,12,12,12,10,10,10,10,10,7,7,7,7,7,5,5,5,5,5,5,5,5,5,5,3,3,3,3,3,2,2,2,2,2,2,1,1,1,1,1,1,1,0,0,0,0,0,0,0,0,0,0,0,0,0,0,0,0,0,0,0,0,0
"BR00095","Tauranga",992,"Auckland","Auckland",19,19,18,19,20,20,19,18,18,19,19,20,19,18,18,18,18,18,16,16,16,16,16,16,16,16,16,16,16,16,16,16,17,17,17,17,17,16,16,16,16,16,13,13,13,13,13,11,11,11,11,11,8,8,8,8,8,6,6,7,7,7,5,5,5,5,5,4,4,4,4,4,3,3,3,3,3,2,2,2,2,2,1,1,1,0,0,0,0,0,0,0,0,0,0,0,0,0,0,0,0,0,0,0,0,0
"BR00096","Te Aroha",939,"Hamilton","Auckland",22,24,21,23,24,23,21,20,22,21,20,17,19,16,16,16,16,16,18,18,18,18,17,17,17,17,17,16,16,16,16,16,18,18,18,18,18,14,15,14,14,14,10,10,10,10,10,8,8,8,8,8,6,6,6,6,6,4,4,4,4,4,3,3,3,4,4,2,2,2,2,2,2,2,2,2,2,1,1,1,1,1,1,1,0,0,0,0,0,0,0,0,0,0,0,0,0,0,0,0,0,0,0,0,0,0
"BR00097","Te Awamutu",679,"Hamilton","Auckland",16,18,15,17,17,17,15,15,16,15,14,12,13,11,11,11,11,12,13,13,13,13,12,12,12,13,13,12,12,12,12,12,13,13,13,13,13,10,10,10,10,10,7,7,7,7,7,6,6,6,6,6,4,4,4,4,4,3,3,3,3,3,2,3,3,3,3,2,2,2,2,2,1,1,1,1,1,1,1,1,1,1,0,0,0,0,0,0,0,0,0,0,0,0,0,0,0,0,0,0,0,0,0,0,0,0
"BR00098","Te Kuiti",1008,"Hamilton","Auckland",24,26,22,25,26,25,23,22,24,22,21,18,20,17,17,17,17,17,19,19,19,19,18,18,18,19,19,17,17,17,18,18,19,19,19,19,19,15,15,15,15,15,11,11,11,11,11,8,9,9,8,8,6,6,6,6,6,4,5,5,5,5,4,4,4,4,4,2,2,2,3,3,2,2,2,2,2,1,1,1,1,1,1,1,0,0,0,0,0,0,0,0,0,0,0,0,0,0,0,0,0,0,0,0,0,0
"BR00099","Temuka",764,"Timaru","Canterbury",17,19,18,19,16,18,17,16,17,16,17,16,18,14,14,14,14,11,12,12,12,12,11,11,11,11,11,12,12,12,12,12,12,13,13,13,13,12,12,12,12,12,9,9,9,9,9,7,7,7,7,7,5,5,5,5,5,5,5,5,5,5,4,4,4,4,4,3,3,3,3,3,3,3,3,3,3,1,1,1,1,1,1,0,0,0,0,0,0,0,0,0,0,0,0,0,0,0,0,0,0,0,0,0,0,0
"BR00100","Thames",2135,"Hamilton","Auckland",50,55,47,53,54,52,48,46,51,47,45,39,42,36,36,36,36,37,40,40,40,40,39,39,39,39,39,37,37,37,37,37,40,40,40,40,40,33,33,33,33,33,23,23,23,23,23,18,18,18,18,18,12,13,13,12,12,10,10,10,10,10,8,8,8,8,8,5,5,5,5,5,4,4,4,4,4,3,2,2,2,2,1,1,1,1,1,1,1,0,0,0,0,0,0,0,0,0,0,0,0,0,0,0,0,0
"BR00101","Timaru",6164,"Timaru","Canterbury",136,148,142,151,131,145,135,130,134,130,136,132,141,109,109,110,110,91,96,96,96,96,86,86,86,87,87,98,99,99,99,99,100,101,101,101,101,97,97,97,97,97,75,75,75,75,75,54,55,55,54,54,44,44,44,44,44,38,38,39,39,39,34,34,34,35,35,24,25,25,25,25,20,20,21,21,21,11,11,11,11,11,4,4,3,3,3,3,2,2,1,1,1,1,1,1,1,0,0,0,0,0,0,0,0,0
"BR00102","Waihi",1767,"Hamilton","Auckland",41,46,39,44,45,43,40,38,42,39,37,32,35,30,30,30,30,30,33,33,34,34,32,32,32,33,33,31,31,31,31,31,33,33,33,33,33,27,27,27,27,27,19,19,19,19,19,15,15,15,15,15,10,10,10,10,10,8,8,8,8,8,6,7,7,7,7,4,4,4,4,4,3,3,3,3,3,2,2,2,2,2,1,1,1,1,1,1,0,0,0,0,0,0,0,0,0,0,0,0,0,0,0,0,0,0
"BR00103","Waikouaiti",256,"Dunedin","Otago",5,5,5,5,5,5,5,5,5,5,5,5,5,5,5,5,5,5,4,4,4,4,4,4,4,4,4,4,4,4,4,4,4,4,4,4,4,4,4,4,4,4,3,3,3,3,3,3,3,3,3,3,2,2,2,2,2,2,2,2,2,2,1,1,1,1,1,1,1,1,1,1,1,1,1,1,1,1,1,1,1,1,0,0,0,0,0,0,0,0,0,0,0,0,0,0,0,0,0,0,0,0,0,0,0,0
"BR00104","Waimate",928,"Christchurch","Canterbury",19,20,18,19,18,19,19,18,18,18,18,18,19,16,16,16,16,15,15,15,15,15,14,14,14,14,14,15,15,15,15,15,16,16,16,16,16,15,15,15,15,15,12,12,12,12,12,10,10,10,10,10,7,7,7,7,7,6,6,6,6,6,5,5,5,5,5,4,4,4,4,4,3,3,3,3,3,2,2,2,2,2,1,1,1,0,0,0,0,0,0,0,0,0,0,0,0,0,0,0,0,0,0,0,0,0
"BR00105","Waipawa",511,"Hastings","Hawkes.Bay",11,13,11,12,11,12,11,12,10,13,12,12,11,9,9,9,9,7,8,8,8,8,8,8,8,8,8,8,8,8,8,8,9,9,9,9,9,8,8,8,8,8,6,6,6,6,6,5,5,5,5,5,4,4,4,4,4,3,3,3,3,3,2,2,2,2,2,2,2,2,2,2,1,1,1,1,1,1,1,1,1,1,0,0,0,0,0,0,0,0,0,0,0,0,0,0,0,0,0,0,0,0,0,0,0,0
"BR00106","Waipukurau",628,"Hastings","Hawkes.Bay",14,16,14,15,13,15,14,15,13,16,15,14,13,11,11,11,11,9,10,10,10,10,10,10,10,10,10,10,10,10,10,10,11,11,11,11,11,10,10,10,10,10,7,7,7,7,7,6,6,6,6,6,4,4,4,4,4,4,4,4,4,4,3,3,3,3,3,2,2,2,2,2,1,1,2,2,2,1,1,1,1,1,0,0,0,0,0,0,0,0,0,0,0,0,0,0,0,0,0,0,0,0,0,0,0,0
"BR00107","Wairoa",858,"Napier","Hawkes.Bay",19,18,19,19,20,20,16,18,20,17,17,16,18,15,15,15,15,13,14,14,14,14,14,14,14,14,14,15,15,15,15,15,15,15,15,15,15,13,14,14,14,14,11,11,11,11,11,8,8,8,8,8,6,6,6,6,6,5,5,5,5,5,4,4,4,4,4,3,3,3,3,3,2,2,2,2,2,1,1,1,1,1,1,1,1,0,0,0,0,0,0,0,0,0,0,0,0,0,0,0,0,0,0,0,0,0
"BR00108","Waitara",718,"NewPlymouth","Taranaki",16,15,15,13,15,16,16,14,15,16,15,17,18,14,14,14,14,12,12,12,12,12,11,11,11,11,11,11,11,11,11,11,11,11,11,11,11,11,11,11,11,11,8,8,8,8,8,8,8,8,8,8,5,5,5,5,5,5,5,5,5,5,4,4,4,4,4,3,3,3,3,3,2,2,2,2,2,1,1,1,1,1,1,0,0,0,0,0,0,0,0,0,0,0,0,0,0,0,0,0,0,0,0,0,0,0
"BR00109","Wanganui",7484,"Wanganui","Wellington",172,170,169,175,167,166,172,164,160,167,167,168,180,140,140,140,140,113,121,121,121,121,113,113,114,114,114,116,117,117,117,117,126,126,126,126,126,116,117,117,116,116,92,92,92,92,92,73,74,74,74,74,53,53,53,53,53,41,41,41,41,41,35,35,35,35,35,23,23,23,24,24,16,17,17,17,17,12,11,11,11,11,5,5,4,3,3,3,3,2,1,1,1,1,1,1,1,0,0,0,0,0,0,0,0,0
"BR00110","Wellington",40116,"Wellington","Wellington",833,814,768,792,741,786,740,718,752,781,749,704,745,687,689,691,691,707,688,693,693,693,701,704,704,709,709,713,723,722,726,726,739,747,746,746,746,667,673,673,670,670,519,523,523,522,522,409,414,414,412,412,299,301,301,301,301,241,243,244,245,245,177,179,180,180,180,120,122,122,123,123,76,78,80,81,81,55,54,53,51,51,27,24,20,17,17,17,13,10,7,7,7,6,6,5,5,1,1,0,0,0,0,0,0,0
"BR00111","West Harbour",746,"Auckland","Auckland",14,15,14,15,15,15,14,14,14,14,14,15,14,14,14,14,14,13,12,12,12,12,12,12,12,12,12,12,12,12,12,12,13,13,13,13,13,12,12,12,12,12,10,10,10,10,10,8,8,8,8,8,6,6,6,6,6,5,5,5,5,5,4,4,4,4,4,3,3,3,3,3,2,2,2,2,2,1,1,1,1,1,1,1,0,0,0,0,0,0,0,0,0,0,0,0,0,0,0,0,0,0,0,0,0,0
"BR00112","Westport",1807,"GreyValley","Westland",47,43,45,42,42,48,45,48,46,44,46,39,42,32,32,32,32,26,23,23,23,23,26,26,26,26,26,26,26,26,27,27,32,32,32,32,32,29,30,30,29,29,23,23,23,23,23,15,15,15,15,15,11,11,11,11,11,9,9,9,9,9,7,7,7,7,7,6,6,6,6,6,5,5,5,5,5,4,4,4,3,3,2,2,1,1,1,1,1,1,1,1,1,1,1,1,1,0,0,0,0,0,0,0,0,0
"BR00113","Whakatane",770,"Gisborne","Hawkes.Bay",21,20,18,20,20,20,18,18,17,16,17,17,14,13,13,13,13,13,12,12,12,12,12,12,12,12,12,14,14,14,14,14,14,14,14,14,14,11,11,11,11,11,10,10,10,10,10,7,7,7,7,7,5,5,5,5,5,4,4,4,4,4,3,3,3,3,3,2,2,2,2,2,1,1,1,1,1,1,1,1,1,1,1,0,0,0,0,0,0,0,0,0,0,0,0,0,0,0,0,0,0,0,0,0,0,0
"BR00114","Whangarei",1770,"Auckland","Auckland",34,35,33,35,35,35,34,32,33,34,34,35,34,32,32,33,33,31,29,29,29,29,28,28,28,28,28,29,29,29,29,29,30,31,31,31,31,28,28,28,28,28,23,24,23,23,23,19,20,20,19,19,14,14,14,14,14,12,12,12,12,12,9,9,9,9,9,7,7,7,7,7,5,5,5,5,5,3,3,3,3,3,1,1,1,1,1,1,1,1,0,0,0,0,0,0,0,0,0,0,0,0,0,0,0,0
"BR00115","Winton",276,"Invercargill","Southland",6,6,6,6,6,6,6,6,6,6,6,6,6,5,5,5,5,5,5,5,5,5,4,4,4,4,4,4,4,4,4,4,4,4,4,4,4,4,4,4,4,4,3,3,3,3,3,3,3,3,3,3,2,2,2,2,2,2,2,2,2,2,2,2,2,2,2,1,1,1,1,1,1,1,1,1,1,1,1,1,0,0,0,0,0,0,0,0,0,0,0,0,0,0,0,0,0,0,0,0,0,0,0,0,0,0
"BR00116","Woodville",520,"PalmerstonNorth","Wellington",13,12,12,11,10,12,10,11,11,11,10,11,10,9,9,9,9,9,9,9,9,9,9,9,9,9,9,9,9,9,9,9,9,9,9,9,9,8,8,8,8,8,6,6,6,6,6,5,5,5,5,5,4,4,4,4,4,3,3,3,3,3,2,2,2,2,2,2,2,2,2,2,1,1,1,1,1,1,1,1,1,1,0,0,0,0,0,0,0,0,0,0,0,0,0,0,0,0,0,0,0,0,0,0,0,0
"BR00117","Woolston",1861,"Christchurch","Canterbury",38,40,36,38,37,38,37,37,37,37,36,36,38,33,33,33,33,31,29,29,30,30,29,29,29,29,29,30,30,30,30,30,32,32,32,32,32,29,30,30,29,29,24,24,25,24,24,20,20,20,20,20,15,15,15,15,15,12,12,12,12,12,10,10,10,10,10,7,7,7,7,7,5,5,5,6,6,4,4,3,3,3,1,1,1,1,1,1,1,1,0,0,0,0,0,0,0,0,0,0,0,0,0,0,0,0
