"CountyID","County","Province","Population","y0","y1","y2","y3","y4","y5","y6","y7","y8","y9","y10","y11","y12","y13","y14","y15","y16","y17","y18","y19","y20","y21","y22","y23","y24","y25","y26","y27","y28","y29","y30","y31","y32","y33","y34","y35","y36","y37","y38","y39","y40","y41","y42","y43","y44","y45","y46","y47","y48","y49","y50","y51","y52","y53","y54","y55","y56","y57","y58","y59","y60","y61","y62","y63","y64","y65","y66","y67","y68","y69","y70","y71","y72","y73","y74","y75","y76","y77","y78","y79","y80","y81","y82","y83","y84","y85","y86","y87","y88","y89","y90","y91","y92","y93","y94","y95","y96","y97","y98","y99","y100","y101","y102","y103","y104","y105"
"CT00001","Akaroa","Canterbury",860,22,21,21,22,22,20,20,20,19,19,17,16,16,16,16,16,16,15,14,14,14,14,14,14,14,14,14,14,14,14,14,14,14,14,14,14,14,13,13,13,13,13,10,10,10,10,10,8,8,8,8,8,6,6,6,6,6,5,5,5,5,5,4,4,4,4,4,3,3,3,3,3,2,2,2,2,2,1,1,1,1,1,0,0,0,0,0,0,0,0,0,0,0,0,0,0,0,0,0,0,0,0,0,0,0,0
"CT00002","Akitio","Wellington",483,12,13,12,12,12,12,12,11,10,11,10,9,9,9,9,9,9,9,8,8,8,8,8,8,8,8,8,8,8,8,8,8,8,8,8,8,8,7,8,8,8,8,6,6,6,6,6,4,4,4,5,5,3,3,3,3,3,2,2,2,2,2,2,2,2,2,2,1,1,1,1,1,1,1,1,1,1,1,1,1,1,1,0,0,0,0,0,0,0,0,0,0,0,0,0,0,0,0,0,0,0,0,0,0,0,0
"CT00003","Amuri","Canterbury",750,20,19,19,19,19,18,17,18,17,17,15,14,14,14,14,14,14,13,12,12,12,12,12,12,12,12,12,13,13,13,13,13,12,12,12,12,12,11,11,11,11,11,9,9,9,9,9,7,7,7,7,7,5,5,5,5,5,4,4,4,4,4,3,3,3,4,4,2,2,2,2,2,2,2,2,2,2,1,1,1,1,1,0,0,0,0,0,0,0,0,0,0,0,0,0,0,0,0,0,0,0,0,0,0,0,0
"CT00004","Ashburton","Canterbury",5414,139,134,133,137,137,126,123,125,119,118,110,102,99,99,99,99,99,92,88,88,88,88,86,86,86,86,86,89,90,90,90,90,88,89,89,89,89,79,80,80,80,80,63,64,64,64,64,52,52,52,52,52,36,36,36,36,36,30,30,30,30,30,25,25,25,25,25,17,17,17,17,17,13,13,14,14,14,8,8,8,8,8,3,2,2,2,2,2,2,1,1,1,1,1,1,1,1,0,0,0,0,0,0,0,0,0
"CT00005","Ashley","Canterbury",312,8,8,8,8,8,7,7,7,7,7,6,6,6,6,6,6,6,5,5,5,5,5,5,5,5,5,5,5,5,5,5,5,5,5,5,5,5,5,5,5,5,5,4,4,4,4,4,3,3,3,3,3,2,2,2,2,2,2,2,2,2,2,1,1,1,1,1,1,1,1,1,1,1,1,1,1,1,0,0,0,0,0,0,0,0,0,0,0,0,0,0,0,0,0,0,0,0,0,0,0,0,0,0,0,0,0
"CT00006","Awakino","Auckland",239,6,6,6,6,6,6,6,6,5,5,5,5,5,4,4,4,4,4,4,4,4,4,4,4,4,4,4,4,4,4,4,4,4,4,4,4,4,4,4,4,4,4,3,3,3,3,3,2,2,2,2,2,2,2,2,2,2,1,1,1,1,1,1,1,1,1,1,1,1,1,1,1,0,0,0,0,0,0,0,0,0,0,0,0,0,0,0,0,0,0,0,0,0,0,0,0,0,0,0,0,0,0,0,0,0,0
"CT00007","Awatere","Marlborough",654,18,18,16,17,17,17,16,16,14,14,14,13,12,12,12,12,12,10,11,11,11,11,10,10,10,10,10,10,10,10,10,10,11,11,11,11,11,10,10,10,10,10,7,7,7,7,7,6,6,6,6,6,4,4,4,4,4,4,4,4,4,4,3,3,3,3,3,2,2,2,2,2,2,2,2,2,2,1,1,1,1,1,0,0,0,0,0,0,0,0,0,0,0,0,0,0,0,0,0,0,0,0,0,0,0,0
"CT00008","Bay of Islands","Auckland",1803,47,48,46,49,45,46,44,41,40,39,38,36,35,33,33,33,33,32,30,30,30,30,29,28,28,28,28,30,30,30,30,30,30,31,31,31,31,27,28,28,28,28,21,21,21,21,21,17,17,17,17,17,12,12,12,12,12,9,9,9,9,9,7,7,7,7,7,4,4,4,4,4,3,3,3,3,3,2,2,2,2,2,1,1,1,1,1,1,0,0,0,0,0,0,0,0,0,0,0,0,0,0,0,0,0,0
"CT00009","Bruce","Otago",2216,51,51,51,48,54,50,49,50,47,48,47,45,44,40,40,40,40,37,33,33,33,33,32,32,32,32,32,32,32,32,32,32,35,35,35,35,35,33,33,33,33,33,28,28,28,28,28,24,24,24,24,24,17,17,17,17,17,13,13,13,14,14,12,12,12,12,12,9,9,9,9,9,7,7,7,7,7,5,5,5,5,5,1,1,1,1,1,1,1,1,1,1,1,1,1,1,1,0,0,0,0,0,0,0,0,0
"CT00010","Buller","Westland",2386,50,56,50,52,62,52,52,48,62,48,49,49,40,36,36,36,36,39,38,38,38,38,30,30,30,31,31,37,37,37,37,37,37,37,37,37,37,39,39,39,39,39,33,33,33,33,33,24,24,24,24,24,17,17,17,17,17,12,12,12,12,12,12,12,12,12,12,8,8,8,8,8,11,12,12,12,12,9,9,9,9,9,2,2,2,2,2,2,2,2,2,2,2,2,2,2,2,0,0,0,0,0,0,0,0,0
"CT00011","Castlepoint","Wellington",191,5,5,5,5,5,5,5,5,4,4,4,4,4,4,4,4,4,3,3,3,3,3,3,3,3,3,3,3,3,3,3,3,3,3,3,3,3,3,3,3,3,3,2,2,2,2,2,2,2,2,2,2,1,1,1,1,1,1,1,1,1,1,1,1,1,1,1,1,1,1,1,1,0,0,0,0,0,0,0,0,0,0,0,0,0,0,0,0,0,0,0,0,0,0,0,0,0,0,0,0,0,0,0,0,0,0
"CT00012","Cheviot","Canterbury",535,14,13,13,13,13,12,12,12,12,12,11,10,10,10,10,10,10,9,9,9,9,9,9,8,8,9,9,9,9,9,9,9,9,9,9,9,9,8,8,8,8,8,6,6,6,6,6,5,5,5,5,5,4,4,4,4,4,3,3,3,3,3,2,2,2,2,2,2,2,2,2,2,1,1,1,1,1,1,1,1,1,1,0,0,0,0,0,0,0,0,0,0,0,0,0,0,0,0,0,0,0,0,0,0,0,0
"CT00013","Clifton","Taranaki",901,25,26,25,23,25,23,23,23,22,21,20,18,19,18,18,18,18,17,16,16,16,16,15,14,14,15,15,15,15,15,15,15,14,15,15,15,15,13,13,13,13,13,10,10,10,10,10,7,7,7,7,7,5,5,5,5,5,4,4,4,4,4,3,3,3,3,3,2,2,2,2,2,1,1,2,2,2,1,1,1,1,1,0,0,0,0,0,0,0,0,0,0,0,0,0,0,0,0,0,0,0,0,0,0,0,0
"CT00014","Clutha","Otago",3344,77,77,77,72,81,76,74,76,71,73,71,68,67,61,61,61,61,56,51,50,51,51,48,48,48,48,48,48,48,49,49,49,52,53,53,53,53,50,51,51,51,51,43,43,43,43,43,36,36,36,36,36,25,25,25,25,25,20,20,20,21,21,18,18,18,18,18,13,13,13,13,13,10,10,10,10,10,7,7,7,7,7,2,2,2,1,1,1,1,1,1,1,1,1,1,1,1,0,0,0,0,0,0,0,0,0
"CT00015","Collingwood","Nelson",430,10,11,11,11,11,12,10,11,10,10,9,9,8,8,8,8,8,7,7,6,6,6,6,6,6,6,6,6,7,7,7,7,7,8,8,8,8,7,7,7,7,7,5,5,5,5,5,4,4,4,4,4,3,3,3,3,3,2,2,2,2,2,2,2,2,2,2,1,1,1,1,1,1,1,1,1,1,1,1,1,1,1,0,0,0,0,0,0,0,0,0,0,0,0,0,0,0,0,0,0,0,0,0,0,0,0
"CT00016","Cook","Hawkes.Bay",2996,81,78,79,71,67,70,63,62,58,70,54,41,52,58,58,58,58,52,48,48,48,48,51,51,51,51,51,49,49,49,49,49,50,50,50,50,50,46,46,46,45,45,32,32,32,32,32,31,31,31,31,31,22,22,22,22,22,16,16,16,16,16,13,13,13,13,13,10,10,10,10,10,8,8,8,8,8,4,4,4,4,4,2,1,1,1,1,1,1,1,1,1,1,1,1,1,1,0,0,0,0,0,0,0,0,0
"CT00017","Coromandel","Auckland",945,25,25,24,26,24,24,23,22,21,21,20,19,18,17,17,17,17,17,16,16,16,16,15,15,15,15,15,16,16,16,16,16,16,16,16,16,16,14,14,15,14,14,11,11,11,11,11,9,9,9,9,9,6,6,6,6,6,5,5,5,5,5,3,3,4,4,4,2,2,2,2,2,2,2,2,2,2,1,1,1,1,1,0,0,0,0,0,0,0,0,0,0,0,0,0,0,0,0,0,0,0,0,0,0,0,0
"CT00018","Dannevirke","Wellington",2187,56,58,55,55,53,52,52,51,46,49,45,41,40,40,40,40,40,39,37,36,36,36,35,35,35,35,35,37,37,37,37,37,37,37,37,37,37,34,34,34,34,34,26,26,26,26,26,20,20,20,20,20,15,15,15,15,15,11,11,11,11,11,9,9,9,9,9,6,6,6,6,6,4,4,4,4,4,3,3,3,2,2,1,1,1,1,1,1,1,0,0,0,0,0,0,0,0,0,0,0,0,0,0,0,0,0
"CT00019","East Taupo","Auckland",259,7,7,7,7,7,7,6,6,6,6,6,5,5,5,5,5,5,5,4,4,4,4,4,4,4,4,4,4,4,4,4,4,4,5,5,5,5,4,4,4,4,4,3,3,3,3,3,2,2,2,3,3,2,2,2,2,2,1,1,1,1,1,1,1,1,1,1,1,1,1,1,1,0,0,0,0,0,0,0,0,0,0,0,0,0,0,0,0,0,0,0,0,0,0,0,0,0,0,0,0,0,0,0,0,0,0
"CT00020","Eden","Auckland",7005,185,186,177,189,176,179,170,161,154,153,148,139,136,127,127,128,128,126,116,115,116,116,112,110,109,110,110,115,117,117,117,117,118,120,120,120,120,105,107,107,107,107,82,83,83,83,83,65,66,66,66,66,46,46,46,46,46,35,35,35,36,36,25,26,26,26,26,16,17,17,17,17,12,12,13,13,13,8,8,8,7,7,3,3,2,2,2,2,2,1,1,1,1,1,1,1,1,0,0,0,0,0,0,0,0,0
"CT00021","Egmont","Taranaki",1446,40,42,39,38,39,37,37,36,35,34,32,30,30,29,29,29,29,27,26,25,25,25,23,23,23,23,23,24,25,25,25,25,23,23,24,24,24,20,20,20,20,20,16,16,16,16,16,12,12,12,12,12,8,8,8,8,8,6,7,7,7,7,5,5,5,5,5,3,3,4,4,4,2,2,2,2,2,2,2,1,1,1,1,1,0,0,0,0,0,0,0,0,0,0,0,0,0,0,0,0,0,0,0,0,0,0
"CT00022","Eketahuna","Wellington",927,24,24,23,23,22,22,22,21,20,21,19,17,17,17,17,17,17,16,15,15,15,15,15,15,15,15,15,15,16,16,16,16,16,16,16,16,16,14,14,14,14,14,11,11,11,11,11,8,9,9,9,9,6,6,6,6,6,5,5,5,5,5,4,4,4,4,4,3,3,3,3,3,2,2,2,2,2,1,1,1,1,1,0,0,0,0,0,0,0,0,0,0,0,0,0,0,0,0,0,0,0,0,0,0,0,0
"CT00023","Ellesmere","Canterbury",1767,45,44,43,44,44,41,40,41,39,39,36,33,32,32,32,32,32,30,29,29,29,29,28,28,28,28,28,29,29,29,29,29,29,29,29,29,29,26,26,26,26,26,21,21,21,21,21,17,17,17,17,17,12,12,12,12,12,10,10,10,10,10,8,8,8,8,8,6,6,6,6,6,4,4,4,4,4,3,3,3,3,3,1,1,1,1,1,1,1,0,0,0,0,0,0,0,0,0,0,0,0,0,0,0,0,0
"CT00024","Eltham","Taranaki",1585,44,46,43,41,43,41,40,40,38,37,35,32,33,32,32,32,32,29,28,28,28,28,26,25,25,25,25,27,27,27,27,27,25,26,26,26,26,22,22,22,22,22,17,17,17,17,17,13,13,13,13,13,9,9,9,9,9,7,7,7,7,7,5,5,5,5,5,4,4,4,4,4,3,3,3,3,3,2,2,2,2,2,1,1,1,0,0,0,0,0,0,0,0,0,0,0,0,0,0,0,0,0,0,0,0,0
"CT00025","Eyre","Canterbury",918,24,23,23,23,23,22,21,21,20,20,19,18,17,17,17,17,17,16,15,15,15,15,15,15,15,15,15,15,15,15,15,15,15,15,15,15,15,14,14,14,14,14,11,11,11,11,11,9,9,9,9,9,6,6,6,6,6,5,5,5,5,5,4,4,4,4,4,3,3,3,3,3,2,2,2,2,2,1,1,1,1,1,0,0,0,0,0,0,0,0,0,0,0,0,0,0,0,0,0,0,0,0,0,0,0,0
"CT00026","Featherston","Wellington",1488,38,39,37,37,36,35,35,34,32,33,31,28,27,27,27,27,27,26,25,25,25,25,24,24,24,24,24,25,25,25,25,25,25,25,25,25,25,23,23,23,23,23,18,18,18,18,18,14,14,14,14,14,10,10,10,10,10,7,8,8,8,8,6,6,6,6,6,4,4,4,4,4,3,3,3,3,3,2,2,2,2,2,1,1,1,0,0,0,0,0,0,0,0,0,0,0,0,0,0,0,0,0,0,0,0,0
"CT00027","Fiord","Southland",0,0,0,0,0,0,0,0,0,0,0,0,0,0,0,0,0,0,0,0,0,0,0,0,0,0,0,0,0,0,0,0,0,0,0,0,0,0,0,0,0,0,0,0,0,0,0,0,0,0,0,0,0,0,0,0,0,0,0,0,0,0,0,0,0,0,0,0,0,0,0,0,0,0,0,0,0,0,0,0,0,0,0,0,0,0,0,0,0,0,0,0,0,0,0,0,0,0,0,0,0,0,0,0,0,0,0
"CT00028","Franklin","Auckland",4247,112,113,107,114,107,108,103,97,93,93,89,84,82,77,77,77,77,76,70,70,70,70,68,67,66,67,67,70,71,71,71,71,71,72,73,73,73,64,65,65,65,65,50,50,50,50,50,39,40,40,40,40,28,28,28,28,28,21,21,21,22,22,15,16,16,16,16,10,10,10,10,10,7,7,8,8,8,5,5,5,5,5,2,2,2,1,1,1,1,1,1,1,1,1,1,1,1,0,0,0,0,0,0,0,0,0
"CT00029","Geraldine","Canterbury",2741,70,68,67,69,69,64,62,63,60,60,56,52,50,50,50,50,50,46,45,45,45,45,44,44,44,44,44,45,45,45,45,45,45,45,45,45,45,40,40,40,40,40,32,32,32,32,32,26,26,27,27,27,18,18,18,18,18,15,15,15,15,15,12,13,13,13,13,9,9,9,9,9,7,7,7,7,7,4,4,4,4,4,1,1,1,1,1,1,1,1,1,1,1,1,1,0,0,0,0,0,0,0,0,0,0,0
"CT00030","Grey","Westland",2301,48,54,48,50,60,50,51,46,60,47,47,47,39,35,35,35,35,38,37,37,37,37,29,29,29,29,29,36,36,36,36,36,35,35,35,35,35,38,38,38,38,38,32,32,32,32,32,23,23,23,23,23,16,16,16,16,16,11,11,11,11,11,12,12,12,12,12,8,8,8,8,8,11,11,11,11,11,9,9,9,9,9,2,2,2,2,2,2,2,2,2,2,2,2,2,1,1,0,0,0,0,0,0,0,0,0
"CT00031","Halswell","Canterbury",902,23,23,22,23,23,21,21,21,20,20,18,17,17,17,17,17,17,15,15,15,15,15,14,14,14,14,14,15,15,15,15,15,15,15,15,15,15,13,13,13,13,13,11,11,11,11,11,9,9,9,9,9,6,6,6,6,6,5,5,5,5,5,4,4,4,4,4,3,3,3,3,3,2,2,2,2,2,1,1,1,1,1,0,0,0,0,0,0,0,0,0,0,0,0,0,0,0,0,0,0,0,0,0,0,0,0
"CT00032","Hauraki Plains","Auckland",1508,39,40,38,40,38,38,36,34,33,33,32,30,29,27,27,27,27,27,25,25,25,25,24,24,23,24,24,25,25,25,25,25,25,26,26,26,26,23,23,23,23,23,18,18,18,18,18,14,14,14,14,14,10,10,10,10,10,7,8,8,8,8,5,6,6,6,6,3,4,4,4,4,3,3,3,3,3,2,2,2,2,2,1,1,1,0,0,0,0,0,0,0,0,0,0,0,0,0,0,0,0,0,0,0,0,0
"CT00033","Hawera","Taranaki",2392,66,69,65,62,65,61,61,60,57,57,54,49,50,48,48,48,48,44,42,42,42,42,39,38,38,38,38,40,41,41,41,41,38,39,39,39,39,33,34,34,34,34,26,26,26,26,26,19,19,19,19,19,13,13,13,13,13,11,11,11,11,11,8,8,8,8,8,6,6,6,6,6,4,4,4,4,4,3,3,2,2,2,1,1,1,1,1,1,1,0,0,0,0,0,0,0,0,0,0,0,0,0,0,0,0,0
"CT00034","Hawke's Bay","Hawkes.Bay",5495,149,143,146,129,124,128,115,114,107,128,99,76,96,106,106,106,106,95,88,88,88,88,94,94,94,94,94,89,89,89,89,89,91,91,91,91,91,83,84,84,83,83,59,59,59,59,59,57,57,57,57,57,41,41,41,41,41,29,30,30,30,30,24,24,24,24,24,19,19,19,19,19,15,15,15,15,15,7,7,7,7,7,3,3,2,2,2,2,2,1,1,1,1,1,1,1,1,0,0,0,0,0,0,0,0,0
"CT00035","Heathcote","Canterbury",2185,56,54,54,55,55,51,50,51,48,48,45,42,40,40,40,40,40,37,36,36,36,36,35,35,35,35,35,36,36,36,36,36,36,36,36,36,36,32,32,32,32,32,26,26,26,26,26,21,21,21,21,21,14,14,14,14,14,12,12,12,12,12,10,10,10,10,10,7,7,7,7,7,5,5,5,6,6,3,3,3,3,3,1,1,1,1,1,1,1,1,0,0,0,0,0,0,0,0,0,0,0,0,0,0,0,0
"CT00036","Hobson","Auckland",2023,53,54,51,55,51,52,49,46,44,44,43,40,39,37,37,37,37,36,34,33,33,33,32,32,32,32,32,33,34,34,34,34,34,34,35,35,35,30,31,31,31,31,24,24,24,24,24,19,19,19,19,19,13,13,13,13,13,10,10,10,10,10,7,7,7,8,8,5,5,5,5,5,4,4,4,4,4,2,2,2,2,2,1,1,1,1,1,1,1,0,0,0,0,0,0,0,0,0,0,0,0,0,0,0,0,0
"CT00037","Hokianga","Auckland",1179,31,31,30,32,30,30,29,27,26,26,25,23,23,21,22,22,22,21,20,19,20,20,19,19,18,19,19,19,20,20,20,20,20,20,20,20,20,18,18,18,18,18,14,14,14,14,14,11,11,11,11,11,8,8,8,8,8,6,6,6,6,6,4,4,4,4,4,3,3,3,3,3,2,2,2,2,2,1,1,1,1,1,1,0,0,0,0,0,0,0,0,0,0,0,0,0,0,0,0,0,0,0,0,0,0,0
"CT00038","Horowhenua","Wellington",2600,67,68,65,65,62,62,62,60,55,58,53,49,48,47,47,47,47,46,43,43,43,43,42,41,41,41,41,44,44,44,44,44,44,44,44,44,44,40,41,41,41,41,31,31,31,31,31,24,24,24,24,24,18,18,18,18,18,13,13,13,13,13,10,11,11,11,11,7,7,8,8,8,5,5,5,5,5,3,3,3,3,3,1,1,1,1,1,1,1,1,0,0,0,0,0,0,0,0,0,0,0,0,0,0,0,0
"CT00039","Hutt","Wellington",3146,81,83,79,79,76,75,75,73,67,70,65,59,58,57,57,57,57,56,52,52,52,52,50,50,50,50,50,53,53,53,53,53,53,53,54,54,54,49,49,49,49,49,37,37,37,37,37,29,29,29,29,29,21,22,22,21,21,16,16,16,16,16,13,13,13,13,13,9,9,9,9,9,6,6,6,6,6,4,4,4,3,3,1,1,1,1,1,1,1,1,1,1,1,0,0,0,0,0,0,0,0,0,0,0,0,0
"CT00040","Inangahua","Westland",1511,32,36,32,33,40,33,33,31,39,31,31,31,25,23,23,23,23,25,24,24,24,24,19,19,19,19,19,24,24,24,24,24,23,23,23,23,23,25,25,25,25,25,21,21,21,21,21,15,15,15,15,15,11,11,11,11,11,7,7,7,7,7,8,8,8,8,8,5,5,5,5,5,7,7,7,7,7,6,6,6,6,6,2,1,1,1,1,1,1,1,1,1,1,1,1,1,1,0,0,0,0,0,0,0,0,0
"CT00041","Inglewood","Taranaki",1478,41,43,40,38,40,38,38,37,35,35,33,30,31,29,29,30,30,27,26,26,26,26,24,24,24,24,24,25,25,25,25,25,24,24,24,24,24,20,21,21,21,21,16,16,16,16,16,12,12,12,12,12,8,8,8,8,8,7,7,7,7,7,5,5,5,5,5,3,4,4,4,4,2,2,2,3,3,2,2,2,1,1,1,1,0,0,0,0,0,0,0,0,0,0,0,0,0,0,0,0,0,0,0,0,0,0
"CT00042","Kaikoura","Canterbury",927,24,23,23,24,24,22,21,22,21,21,19,18,17,17,17,17,17,16,15,15,15,15,15,15,15,15,15,15,16,16,16,16,15,15,15,15,15,14,14,14,14,14,11,11,11,11,11,9,9,9,9,9,6,6,6,6,6,5,5,5,5,5,4,4,4,4,4,3,3,3,3,3,2,2,2,2,2,1,1,1,1,1,0,0,0,0,0,0,0,0,0,0,0,0,0,0,0,0,0,0,0,0,0,0,0,0
"CT00043","Kairanga","Wellington",2219,57,58,56,56,53,53,53,51,47,50,46,42,41,40,40,41,41,39,37,37,37,37,36,35,35,35,35,37,38,38,38,38,37,38,38,38,38,34,35,35,35,35,26,26,26,26,26,20,21,21,21,21,15,15,15,15,15,11,11,11,11,11,9,9,9,9,9,6,6,6,6,6,4,4,4,4,4,3,3,3,2,2,1,1,1,1,1,1,1,0,0,0,0,0,0,0,0,0,0,0,0,0,0,0,0,0
"CT00044","Kaitieke","Taranaki",1184,33,34,32,31,32,30,30,30,28,28,26,24,25,24,24,24,24,22,21,21,21,21,19,19,19,19,19,20,20,20,20,20,19,19,19,19,19,16,17,17,17,17,13,13,13,13,13,9,10,10,10,10,7,7,7,7,7,5,5,5,5,5,4,4,4,4,4,3,3,3,3,3,2,2,2,2,2,1,1,1,1,1,1,0,0,0,0,0,0,0,0,0,0,0,0,0,0,0,0,0,0,0,0,0,0,0
"CT00045","Kawhia","Auckland",406,11,11,10,11,10,10,10,9,9,9,9,8,8,7,7,7,7,7,7,7,7,7,6,6,6,6,6,7,7,7,7,7,7,7,7,7,7,6,6,6,6,6,5,5,5,5,5,4,4,4,4,4,3,3,3,3,3,2,2,2,2,2,1,1,2,2,2,1,1,1,1,1,1,1,1,1,1,0,0,0,0,0,0,0,0,0,0,0,0,0,0,0,0,0,0,0,0,0,0,0,0,0,0,0,0,0
"CT00046","Kiwitea","Wellington",1029,27,27,26,26,25,25,25,24,22,23,21,19,19,19,19,19,19,18,17,17,17,17,17,16,16,16,16,17,18,18,18,18,17,18,18,18,18,16,16,16,16,16,12,12,12,12,12,9,10,10,10,10,7,7,7,7,7,5,5,5,5,5,4,4,4,4,4,3,3,3,3,3,2,2,2,2,2,1,1,1,1,1,0,0,0,0,0,0,0,0,0,0,0,0,0,0,0,0,0,0,0,0,0,0,0,0
"CT00047","Kowai","Canterbury",948,25,24,24,24,24,22,22,22,21,21,20,18,18,18,18,18,18,16,16,16,16,16,15,15,15,15,15,16,16,16,16,16,16,16,16,16,16,14,14,14,14,14,11,11,11,11,11,9,9,9,9,9,6,6,6,6,6,5,5,5,5,5,4,4,4,4,4,3,3,3,3,3,2,2,2,2,2,2,1,1,1,1,0,0,0,0,0,0,0,0,0,0,0,0,0,0,0,0,0,0,0,0,0,0,0,0
"CT00048","Lake","Southland",710,18,20,18,19,19,18,18,18,17,17,17,15,16,14,14,14,14,12,11,11,11,11,11,11,11,11,11,11,11,11,11,11,11,11,11,11,11,10,10,10,10,10,8,8,8,8,8,6,6,6,6,6,5,5,5,4,4,4,4,4,4,4,3,3,3,3,3,2,2,2,2,2,2,2,2,2,2,1,1,1,1,1,0,0,0,0,0,0,0,0,0,0,0,0,0,0,0,0,0,0,0,0,0,0,0,0
"CT00049","Levels","Canterbury",2581,66,64,64,65,65,60,59,60,57,57,53,49,48,47,47,47,47,44,42,42,42,42,41,41,41,41,41,43,43,43,43,43,42,42,42,42,42,38,38,38,38,38,30,30,30,30,30,25,25,25,25,25,17,17,17,17,17,14,14,14,14,14,12,12,12,12,12,8,8,8,8,8,6,6,6,7,7,4,4,4,4,4,1,1,1,1,1,1,1,1,1,1,1,1,0,0,0,0,0,0,0,0,0,0,0,0
"CT00050","Mackenzie","Canterbury",1349,35,34,33,34,34,31,31,31,30,30,28,26,25,25,25,25,25,23,22,22,22,22,22,22,22,22,22,22,22,22,22,22,22,22,22,22,22,20,20,20,20,20,16,16,16,16,16,13,13,13,13,13,9,9,9,9,9,7,7,8,8,8,6,6,6,6,6,4,4,4,4,4,3,3,3,3,3,2,2,2,2,2,1,1,1,0,0,0,0,0,0,0,0,0,0,0,0,0,0,0,0,0,0,0,0,0
"CT00051","Makara","Wellington",1581,41,41,39,40,38,38,38,36,33,35,32,30,29,29,29,29,29,28,26,26,26,26,25,25,25,25,25,26,27,27,27,27,26,27,27,27,27,24,25,25,25,25,19,19,19,19,19,14,15,15,15,15,11,11,11,11,11,8,8,8,8,8,6,6,6,6,6,4,5,5,5,5,3,3,3,3,3,2,2,2,2,2,1,1,1,0,0,0,0,0,0,0,0,0,0,0,0,0,0,0,0,0,0,0,0,0
"CT00052","Malvern","Canterbury",1346,35,34,33,34,34,31,31,31,30,30,27,26,25,25,25,25,25,23,22,22,22,22,22,21,21,22,22,22,22,22,22,22,22,22,22,22,22,20,20,20,20,20,16,16,16,16,16,13,13,13,13,13,9,9,9,9,9,7,7,8,8,8,6,6,6,6,6,4,4,4,4,4,3,3,3,3,3,2,2,2,2,2,1,1,1,0,0,0,0,0,0,0,0,0,0,0,0,0,0,0,0,0,0,0,0,0
"CT00053","Manawatu","Wellington",2002,51,53,50,50,48,48,48,46,42,45,41,38,37,36,36,36,36,36,33,33,33,33,32,32,32,32,32,33,34,34,34,34,34,34,34,34,34,31,31,31,31,31,24,24,24,24,24,18,18,19,19,19,14,14,14,14,14,10,10,10,10,10,8,8,8,8,8,6,6,6,6,6,4,4,4,4,4,2,2,2,2,2,1,1,1,1,1,1,0,0,0,0,0,0,0,0,0,0,0,0,0,0,0,0,0,0
"CT00054","Maniototo","Otago",1123,26,26,26,24,28,26,25,26,24,25,24,23,23,21,21,21,21,19,17,17,17,17,16,16,16,16,16,16,16,16,16,16,18,18,18,18,18,17,17,17,17,17,14,14,14,14,14,12,12,12,12,12,9,9,9,9,9,7,7,7,7,7,6,6,6,6,6,4,4,4,4,4,3,3,3,3,3,2,2,2,2,2,1,1,1,1,1,1,0,0,0,0,0,0,0,0,0,0,0,0,0,0,0,0,0,0
"CT00055","Manukau","Auckland",2801,74,75,71,76,71,72,68,64,62,61,59,56,55,51,51,51,51,51,46,46,46,46,45,44,44,44,44,46,47,47,47,47,47,48,48,48,48,42,43,43,43,43,33,33,33,33,33,26,26,27,27,27,18,18,18,18,18,14,14,14,14,14,10,10,10,10,10,6,7,7,7,7,5,5,5,5,5,3,3,3,3,3,1,1,1,1,1,1,1,1,0,0,0,0,0,0,0,0,0,0,0,0,0,0,0,0
"CT00056","Marlborough","Marlborough",3455,93,93,86,88,87,91,86,82,75,75,73,66,65,64,64,64,64,53,56,55,55,55,55,54,54,54,54,53,54,54,54,54,57,57,58,57,57,51,51,52,51,51,39,39,39,39,39,33,33,33,33,33,23,23,23,23,23,20,20,20,20,20,15,15,15,15,15,11,11,11,11,11,8,8,8,8,8,5,4,4,4,4,2,2,1,1,1,1,1,1,1,1,1,1,1,1,1,0,0,0,0,0,0,0,0,0
"CT00057","Masterton","Wellington",1381,36,36,35,35,33,33,33,32,29,31,28,26,25,25,25,25,25,25,23,23,23,23,22,22,22,22,22,23,23,23,23,23,23,23,24,23,23,21,22,22,22,22,16,16,16,16,16,13,13,13,13,13,9,9,9,9,9,7,7,7,7,7,6,6,6,6,6,4,4,4,4,4,3,3,3,3,3,2,2,2,2,2,1,1,0,0,0,0,0,0,0,0,0,0,0,0,0,0,0,0,0,0,0,0,0,0
"CT00058","Matakaoa","Hawkes.Bay",269,8,7,7,7,6,6,6,6,5,6,5,4,5,5,5,5,5,5,4,4,4,4,5,5,5,5,5,4,4,4,4,4,5,5,5,5,5,4,4,4,4,4,3,3,3,3,3,3,3,3,3,3,2,2,2,2,2,1,1,1,1,1,1,1,1,1,1,1,1,1,1,1,1,1,1,1,1,0,0,0,0,0,0,0,0,0,0,0,0,0,0,0,0,0,0,0,0,0,0,0,0,0,0,0,0,0
"CT00059","Matamata","Auckland",2100,55,56,53,57,53,53,51,48,46,46,44,41,41,38,38,38,38,38,35,34,35,35,33,33,33,33,33,34,35,35,35,35,35,36,36,36,36,31,32,32,32,32,25,25,25,25,25,19,20,20,20,20,14,14,14,14,14,10,11,11,11,11,8,8,8,8,8,5,5,5,5,5,4,4,4,4,4,2,2,2,2,2,1,1,1,1,1,1,1,0,0,0,0,0,0,0,0,0,0,0,0,0,0,0,0,0
"CT00060","Mauriceville","Wellington",371,10,10,9,9,9,9,9,9,8,8,8,7,7,7,7,7,7,7,6,6,6,6,6,6,6,6,6,6,6,6,6,6,6,6,6,6,6,6,6,6,6,6,4,4,4,4,4,3,3,3,3,3,3,3,3,3,3,2,2,2,2,2,2,2,2,2,2,1,1,1,1,1,1,1,1,1,1,0,0,0,0,0,0,0,0,0,0,0,0,0,0,0,0,0,0,0,0,0,0,0,0,0,0,0,0,0
"CT00061","Mongonui","Auckland",1528,40,41,39,41,38,39,37,35,33,33,32,30,30,28,28,28,28,27,25,25,25,25,24,24,24,24,24,25,25,26,26,26,26,26,26,26,26,23,23,23,23,23,18,18,18,18,18,14,14,14,14,14,10,10,10,10,10,8,8,8,8,8,6,6,6,6,6,4,4,4,4,4,3,3,3,3,3,2,2,2,2,2,1,1,1,0,0,0,0,0,0,0,0,0,0,0,0,0,0,0,0,0,0,0,0,0
"CT00062","Mount Herbert","Canterbury",195,5,5,5,5,5,5,5,5,4,4,4,4,4,4,4,4,4,3,3,3,3,3,3,3,3,3,3,3,3,3,3,3,3,3,3,3,3,3,3,3,3,3,2,2,2,2,2,2,2,2,2,2,1,1,1,1,1,1,1,1,1,1,1,1,1,1,1,1,1,1,1,1,0,1,1,1,1,0,0,0,0,0,0,0,0,0,0,0,0,0,0,0,0,0,0,0,0,0,0,0,0,0,0,0,0,0
"CT00063","Murchison","Nelson",470,11,12,12,12,12,13,11,12,11,11,11,10,9,9,9,9,9,8,7,7,7,7,7,7,7,7,7,7,7,7,7,7,8,8,8,8,8,7,7,8,7,7,6,6,6,6,6,4,4,4,4,4,3,3,3,3,3,3,3,3,3,3,2,2,2,2,2,1,1,1,1,1,1,1,1,1,1,1,1,1,1,1,0,0,0,0,0,0,0,0,0,0,0,0,0,0,0,0,0,0,0,0,0,0,0,0
"CT00064","Ohinemuri","Auckland",1173,31,31,30,32,30,30,29,27,26,26,25,23,23,21,21,21,21,21,20,19,19,19,19,18,18,19,19,19,20,20,20,20,20,20,20,20,20,18,18,18,18,18,14,14,14,14,14,11,11,11,11,11,8,8,8,8,8,6,6,6,6,6,4,4,4,4,4,3,3,3,3,3,2,2,2,2,2,1,1,1,1,1,1,0,0,0,0,0,0,0,0,0,0,0,0,0,0,0,0,0,0,0,0,0,0,0
"CT00065","Ohura","Auckland",1028,27,27,26,28,26,26,25,24,23,23,22,20,20,19,19,19,19,19,17,17,17,17,16,16,16,16,16,17,17,17,17,17,17,18,18,18,18,15,16,16,16,16,12,12,12,12,12,10,10,10,10,10,7,7,7,7,7,5,5,5,5,5,4,4,4,4,4,2,2,2,2,2,2,2,2,2,2,1,1,1,1,1,0,0,0,0,0,0,0,0,0,0,0,0,0,0,0,0,0,0,0,0,0,0,0,0
"CT00066","Opotiki","Hawkes.Bay",914,25,24,24,21,20,21,19,19,18,21,16,13,16,18,18,18,18,16,15,15,15,15,16,16,16,16,16,15,15,15,15,15,15,15,15,15,15,14,14,14,14,14,10,10,10,10,10,9,9,9,9,9,7,7,7,7,7,5,5,5,5,5,4,4,4,4,4,3,3,3,3,3,2,3,3,3,3,1,1,1,1,1,0,0,0,0,0,0,0,0,0,0,0,0,0,0,0,0,0,0,0,0,0,0,0,0
"CT00067","Oroua","Wellington",1739,45,46,43,43,42,41,41,40,37,39,36,33,32,32,32,32,32,31,29,29,29,29,28,27,27,28,28,29,29,29,29,29,29,29,30,30,30,27,27,27,27,27,20,21,21,21,21,16,16,16,16,16,12,12,12,12,12,9,9,9,9,9,7,7,7,7,7,5,5,5,5,5,3,3,3,3,3,2,2,2,2,2,1,1,1,1,1,1,0,0,0,0,0,0,0,0,0,0,0,0,0,0,0,0,0,0
"CT00068","Otamatea","Auckland",1582,42,42,40,43,40,40,38,36,35,35,33,31,31,29,29,29,29,28,26,26,26,26,25,25,25,25,25,26,26,26,26,26,27,27,27,27,27,24,24,24,24,24,19,19,19,19,19,15,15,15,15,15,10,10,10,10,10,8,8,8,8,8,6,6,6,6,6,4,4,4,4,4,3,3,3,3,3,2,2,2,2,2,1,1,1,0,0,0,0,0,0,0,0,0,0,0,0,0,0,0,0,0,0,0,0,0
"CT00069","Oxford","Canterbury",813,21,20,20,21,21,19,19,19,18,18,17,15,15,15,15,15,15,14,13,13,13,13,13,13,13,13,13,13,13,13,13,13,13,13,13,13,13,12,12,12,12,12,10,10,10,10,10,8,8,8,8,8,5,5,5,5,5,4,5,5,5,5,4,4,4,4,4,3,3,3,3,3,2,2,2,2,2,1,1,1,1,1,0,0,0,0,0,0,0,0,0,0,0,0,0,0,0,0,0,0,0,0,0,0,0,0
"CT00070","Pahiatua","Wellington",1393,36,37,35,35,33,33,33,32,29,31,28,26,26,25,25,25,25,25,23,23,23,23,22,22,22,22,22,23,24,24,24,24,23,24,24,24,24,21,22,22,22,22,16,16,17,16,16,13,13,13,13,13,9,10,10,9,9,7,7,7,7,7,6,6,6,6,6,4,4,4,4,4,3,3,3,3,3,2,2,2,2,2,1,1,0,0,0,0,0,0,0,0,0,0,0,0,0,0,0,0,0,0,0,0,0,0
"CT00071","Paparua","Canterbury",2345,60,58,58,59,59,55,53,54,51,51,48,44,43,43,43,43,43,40,38,38,38,38,37,37,37,37,37,39,39,39,39,39,38,38,38,38,38,34,35,35,34,34,28,28,28,28,28,23,23,23,23,23,15,15,15,15,15,13,13,13,13,13,11,11,11,11,11,7,7,7,8,8,6,6,6,6,6,4,4,4,3,3,1,1,1,1,1,1,1,1,1,1,1,0,0,0,0,0,0,0,0,0,0,0,0,0
"CT00072","Patangata","Hawkes.Bay",805,22,21,22,19,18,19,17,17,16,19,15,11,14,16,16,16,16,14,13,13,13,13,14,14,14,14,14,13,13,13,13,13,13,13,13,13,13,12,12,12,12,12,9,9,9,9,9,8,8,8,8,8,6,6,6,6,6,4,4,4,4,4,4,4,4,4,4,3,3,3,3,3,2,2,2,2,2,1,1,1,1,1,0,0,0,0,0,0,0,0,0,0,0,0,0,0,0,0,0,0,0,0,0,0,0,0
"CT00073","Patea","Taranaki",1455,40,42,40,38,40,37,37,37,35,34,33,30,31,29,29,29,29,27,26,25,26,26,24,23,23,23,23,24,25,25,25,25,23,24,24,24,24,20,20,20,20,20,16,16,16,16,16,12,12,12,12,12,8,8,8,8,8,6,7,7,7,7,5,5,5,5,5,3,3,4,4,4,2,2,2,2,2,2,2,1,1,1,1,1,0,0,0,0,0,0,0,0,0,0,0,0,0,0,0,0,0,0,0,0,0,0
"CT00074","Peninsula","Otago",819,19,19,19,18,20,19,18,19,18,18,18,17,16,15,15,15,15,14,12,12,12,12,12,12,12,12,12,12,12,12,12,12,13,13,13,13,13,12,12,12,12,12,10,11,11,11,11,9,9,9,9,9,6,6,6,6,6,5,5,5,5,5,4,5,5,5,5,3,3,3,3,3,2,2,2,2,2,2,2,2,2,2,1,0,0,0,0,0,0,0,0,0,0,0,0,0,0,0,0,0,0,0,0,0,0,0
"CT00075","Piako","Auckland",2717,72,72,69,73,68,69,66,62,60,59,57,54,53,49,49,49,49,49,45,45,45,45,43,43,42,43,43,45,45,46,45,45,46,46,47,47,47,41,41,42,41,41,32,32,32,32,32,25,26,26,26,26,18,18,18,18,18,13,14,14,14,14,10,10,10,10,10,6,6,7,7,7,5,5,5,5,5,3,3,3,3,3,1,1,1,1,1,1,1,1,0,0,0,0,0,0,0,0,0,0,0,0,0,0,0,0
"CT00076","Pohangina","Wellington",599,16,16,15,15,15,14,14,14,13,13,12,11,11,11,11,11,11,11,10,10,10,10,10,10,10,10,10,10,10,10,10,10,10,10,10,10,10,9,9,9,9,9,7,7,7,7,7,6,6,6,6,6,4,4,4,4,4,3,3,3,3,3,2,2,2,2,2,2,2,2,2,2,1,1,1,1,1,1,1,1,1,1,0,0,0,0,0,0,0,0,0,0,0,0,0,0,0,0,0,0,0,0,0,0,0,0
"CT00077","Raglan","Auckland",1853,49,49,47,50,47,47,45,43,41,41,39,37,36,34,34,34,34,33,31,31,31,31,30,29,29,29,29,31,31,31,31,31,31,32,32,32,32,28,28,28,28,28,22,22,22,22,22,17,17,18,18,18,12,12,12,12,12,9,9,9,9,9,7,7,7,7,7,4,4,4,4,4,3,3,3,3,3,2,2,2,2,2,1,1,1,1,1,1,0,0,0,0,0,0,0,0,0,0,0,0,0,0,0,0,0,0
"CT00078","Rangiora","Canterbury",1465,38,36,36,37,37,34,33,34,32,32,30,28,27,27,27,27,27,25,24,24,24,24,23,23,23,23,23,24,24,24,24,24,24,24,24,24,24,21,22,22,22,22,17,17,17,17,17,14,14,14,14,14,10,10,10,10,10,8,8,8,8,8,7,7,7,7,7,5,5,5,5,5,4,4,4,4,4,2,2,2,2,2,1,1,1,0,0,0,0,0,0,0,0,0,0,0,0,0,0,0,0,0,0,0,0,0
"CT00079","Rangitikei","Wellington",3670,94,96,92,92,88,87,87,85,78,82,75,69,68,67,67,67,67,65,61,61,61,61,59,58,58,58,58,61,62,62,62,62,62,62,62,62,62,57,57,58,57,57,43,43,44,44,44,34,34,34,34,34,25,25,25,25,25,18,19,19,19,19,15,15,15,15,15,10,11,11,11,11,7,7,7,7,7,4,4,4,4,4,2,1,1,1,1,1,1,1,1,1,1,1,0,0,0,0,0,0,0,0,0,0,0,0
"CT00080","Rodney","Auckland",1513,40,40,38,41,38,38,37,35,33,33,32,30,29,27,27,27,27,27,25,25,25,25,24,24,24,24,24,25,25,25,25,25,25,26,26,26,26,23,23,23,23,23,18,18,18,18,18,14,14,14,14,14,10,10,10,10,10,7,8,8,8,8,5,6,6,6,6,3,4,4,4,4,3,3,3,3,3,2,2,2,2,2,1,1,1,0,0,0,0,0,0,0,0,0,0,0,0,0,0,0,0,0,0,0,0,0
"CT00081","Rotorua","Auckland",804,21,21,20,22,20,21,20,18,18,18,17,16,16,15,15,15,15,15,13,13,13,13,13,13,13,13,13,13,13,14,13,13,14,14,14,14,14,12,12,12,12,12,9,10,10,10,10,7,8,8,8,8,5,5,5,5,5,4,4,4,4,4,3,3,3,3,3,2,2,2,2,2,1,1,1,1,1,1,1,1,1,1,0,0,0,0,0,0,0,0,0,0,0,0,0,0,0,0,0,0,0,0,0,0,0,0
"CT00082","Selwyn","Canterbury",616,16,16,15,16,16,15,14,14,14,14,13,12,11,11,11,11,11,11,10,10,10,10,10,10,10,10,10,10,10,10,10,10,10,10,10,10,10,9,9,9,9,9,7,7,7,7,7,6,6,6,6,6,4,4,4,4,4,3,3,3,3,3,3,3,3,3,3,2,2,2,2,2,2,2,2,2,2,1,1,1,1,1,0,0,0,0,0,0,0,0,0,0,0,0,0,0,0,0,0,0,0,0,0,0,0,0
"CT00083","Sounds","Marlborough",390,11,11,10,10,10,10,10,9,9,9,8,7,7,7,7,7,7,6,6,6,6,6,6,6,6,6,6,6,6,6,6,6,6,7,7,7,7,6,6,6,6,6,4,4,4,4,4,4,4,4,4,4,3,3,3,3,3,2,2,2,2,2,2,2,2,2,2,1,1,1,1,1,1,1,1,1,1,1,1,0,0,0,0,0,0,0,0,0,0,0,0,0,0,0,0,0,0,0,0,0,0,0,0,0,0,0
"CT00084","Southland","Southland",11461,296,322,297,304,315,297,291,299,276,278,277,251,253,222,222,223,223,188,179,178,179,179,174,173,173,174,174,176,177,177,177,177,174,175,176,176,176,155,156,156,156,156,125,126,126,126,126,99,100,100,100,100,73,73,73,73,73,64,65,65,65,65,51,52,52,52,52,35,36,36,36,36,25,25,25,25,25,15,15,14,14,14,6,5,5,4,4,4,4,3,3,3,3,2,2,2,2,0,0,0,0,0,0,0,0,0
"CT00085","Springs","Canterbury",838,22,21,21,21,21,20,19,19,18,18,17,16,15,15,15,15,15,14,14,14,14,14,13,13,13,13,13,14,14,14,14,14,14,14,14,14,14,12,12,12,12,12,10,10,10,10,10,8,8,8,8,8,6,6,6,6,6,5,5,5,5,5,4,4,4,4,4,3,3,3,3,3,2,2,2,2,2,1,1,1,1,1,0,0,0,0,0,0,0,0,0,0,0,0,0,0,0,0,0,0,0,0,0,0,0,0
"CT00086","Stratford","Taranaki",2331,64,67,63,60,63,60,59,59,55,55,52,47,49,46,46,46,46,43,41,41,41,41,38,37,37,37,37,39,40,40,40,40,37,38,38,38,38,32,33,33,33,33,25,26,26,26,26,19,19,19,19,19,13,13,13,13,13,10,11,11,11,11,8,8,8,8,8,5,6,6,6,6,4,4,4,4,4,2,2,2,2,2,1,1,1,1,1,1,1,0,0,0,0,0,0,0,0,0,0,0,0,0,0,0,0,0
"CT00087","Taieri","Otago",2959,68,68,68,64,72,67,65,67,63,64,63,60,59,54,54,54,54,50,45,44,45,45,43,42,42,42,42,43,43,43,43,43,46,47,47,47,47,44,45,45,45,45,38,38,38,38,38,32,32,32,32,32,22,22,22,22,22,18,18,18,18,18,16,16,16,16,16,12,12,12,12,12,9,9,9,9,9,6,6,6,6,6,2,2,1,1,1,1,1,1,1,1,1,1,1,1,1,0,0,0,0,0,0,0,0,0
"CT00088","Takaka","Nelson",855,20,22,22,21,21,23,20,21,20,20,19,18,17,15,15,15,15,14,13,13,13,13,13,12,12,12,12,13,13,13,13,13,15,15,15,15,15,13,13,13,13,13,11,11,11,11,11,8,8,8,8,8,6,6,6,6,6,5,5,5,5,5,4,4,4,4,4,2,3,3,3,3,2,2,2,2,2,1,1,1,1,1,0,0,0,0,0,0,0,0,0,0,0,0,0,0,0,0,0,0,0,0,0,0,0,0
"CT00089","Taranaki","Taranaki",2338,64,67,63,61,64,60,59,59,56,55,52,48,49,46,46,47,47,43,41,41,41,41,38,37,37,37,37,39,40,40,40,40,37,38,38,38,38,32,33,33,33,33,25,26,26,26,26,19,19,19,19,19,13,13,13,13,13,10,11,11,11,11,8,8,8,8,8,5,6,6,6,6,4,4,4,4,4,3,2,2,2,2,1,1,1,1,1,1,1,0,0,0,0,0,0,0,0,0,0,0,0,0,0,0,0,0
"CT00090","Tauranga","Auckland",2068,54,55,52,56,52,53,50,47,45,45,44,41,40,38,38,38,38,37,34,34,34,34,33,32,32,32,32,34,34,35,35,35,35,35,35,35,35,31,32,32,32,32,24,24,25,25,25,19,19,20,20,20,13,14,14,14,14,10,10,10,10,10,7,8,8,8,8,5,5,5,5,5,4,4,4,4,4,2,2,2,2,2,1,1,1,1,1,1,1,0,0,0,0,0,0,0,0,0,0,0,0,0,0,0,0,0
"CT00091","Tawera","Canterbury",364,9,9,9,9,9,8,8,8,8,8,7,7,7,7,7,7,7,6,6,6,6,6,6,6,6,6,6,6,6,6,6,6,6,6,6,6,6,5,5,5,5,5,4,4,4,4,4,4,4,4,4,4,2,2,2,2,2,2,2,2,2,2,2,2,2,2,2,1,1,1,1,1,1,1,1,1,1,1,1,1,1,1,0,0,0,0,0,0,0,0,0,0,0,0,0,0,0,0,0,0,0,0,0,0,0,0
"CT00092","Thames","Auckland",782,21,21,20,21,20,20,19,18,17,17,17,16,15,14,14,14,14,14,13,13,13,13,13,12,12,12,12,13,13,13,13,13,13,14,14,14,14,12,12,12,12,12,9,9,9,9,9,7,7,8,8,8,5,5,5,5,5,4,4,4,4,4,3,3,3,3,3,2,2,2,2,2,1,1,1,1,1,1,1,1,1,1,0,0,0,0,0,0,0,0,0,0,0,0,0,0,0,0,0,0,0,0,0,0,0,0
"CT00093","Tuapeka","Otago",2287,53,52,52,49,56,52,50,52,49,50,49,46,46,42,42,42,42,38,34,34,34,34,33,33,33,33,33,33,33,33,33,33,36,36,36,36,36,34,35,35,34,34,29,29,29,29,29,24,25,25,25,25,17,17,17,17,17,14,14,14,14,14,12,12,13,13,13,9,9,9,9,9,7,7,7,7,7,5,5,5,5,5,1,1,1,1,1,1,1,1,1,1,1,1,1,1,1,0,0,0,0,0,0,0,0,0
"CT00094","Uawa","Hawkes.Bay",466,13,12,12,11,10,11,10,10,9,11,8,6,8,9,9,9,9,8,7,7,7,7,8,8,8,8,8,8,8,8,8,8,8,8,8,8,8,7,7,7,7,7,5,5,5,5,5,5,5,5,5,5,3,3,3,3,3,2,2,3,3,3,2,2,2,2,2,2,2,2,2,2,1,1,1,1,1,1,1,1,1,1,0,0,0,0,0,0,0,0,0,0,0,0,0,0,0,0,0,0,0,0,0,0,0,0
"CT00095","Vincent","Otago",1546,36,36,36,34,38,35,34,35,33,34,33,32,31,28,28,28,28,26,23,23,23,23,22,22,22,22,22,22,22,23,22,22,24,24,24,24,24,23,23,23,23,23,20,20,20,20,20,17,17,17,17,17,12,12,12,12,12,9,9,9,10,10,8,8,9,9,9,6,6,6,6,6,5,5,5,5,5,3,3,3,3,3,1,1,1,1,1,1,1,1,0,0,0,0,0,0,0,0,0,0,0,0,0,0,0,0
"CT00096","Waiapu","Hawkes.Bay",599,16,16,16,14,14,14,13,13,12,14,11,8,10,12,12,12,12,10,10,10,10,10,10,10,10,10,10,10,10,10,10,10,10,10,10,10,10,9,9,9,9,9,6,6,6,6,6,6,6,6,6,6,4,4,4,4,4,3,3,3,3,3,3,3,3,3,3,2,2,2,2,2,2,2,2,2,2,1,1,1,1,1,0,0,0,0,0,0,0,0,0,0,0,0,0,0,0,0,0,0,0,0,0,0,0,0
"CT00097","Waihemo","Otago",647,15,15,15,14,16,15,14,15,14,14,14,13,13,12,12,12,12,11,10,10,10,10,9,9,9,9,9,9,9,10,9,9,10,10,10,10,10,10,10,10,10,10,8,8,8,8,8,7,7,7,7,7,5,5,5,5,5,4,4,4,4,4,4,4,4,4,4,3,3,3,3,3,2,2,2,2,2,1,1,1,1,1,0,0,0,0,0,0,0,0,0,0,0,0,0,0,0,0,0,0,0,0,0,0,0,0
"CT00098","Waikato","Auckland",3521,93,94,89,95,89,90,86,81,77,77,74,70,69,64,64,64,64,63,58,58,58,58,56,55,55,55,55,58,59,59,59,59,59,60,60,60,60,53,54,54,54,54,41,42,42,42,42,33,33,33,33,33,23,23,23,23,23,17,18,18,18,18,13,13,13,13,13,8,8,8,9,9,6,6,6,6,6,4,4,4,4,4,2,1,1,1,1,1,1,1,1,1,1,1,0,0,0,0,0,0,0,0,0,0,0,0
"CT00099","Waikohu","Hawkes.Bay",1344,37,35,36,32,30,31,28,28,26,31,24,19,24,26,26,26,26,23,22,22,22,22,23,23,23,23,23,22,22,22,22,22,22,22,22,22,22,20,20,20,20,20,14,14,14,14,14,14,14,14,14,14,10,10,10,10,10,7,7,7,7,7,6,6,6,6,6,5,5,5,5,5,4,4,4,4,4,2,2,2,2,2,1,1,1,0,0,0,0,0,0,0,0,0,0,0,0,0,0,0,0,0,0,0,0,0
"CT00100","Waikouaiti","Otago",2029,47,47,47,44,49,46,45,46,43,44,43,41,41,37,37,37,37,34,31,31,31,31,29,29,29,29,29,29,29,29,29,29,32,32,32,32,32,31,31,31,31,31,26,26,26,26,26,22,22,22,22,22,15,15,15,15,15,12,12,12,12,12,11,11,11,11,11,8,8,8,8,8,6,6,6,6,6,4,4,4,4,4,1,1,1,1,1,1,1,1,1,1,1,1,1,1,1,0,0,0,0,0,0,0,0,0
"CT00101","Waimairi","Canterbury",6672,172,166,164,169,169,155,152,154,147,146,136,126,123,122,122,122,122,113,109,109,109,109,106,106,106,106,106,110,111,111,111,111,109,109,109,109,109,98,98,98,98,98,78,78,78,78,78,64,64,65,65,65,44,44,44,44,44,37,37,37,37,37,30,31,31,31,31,21,21,21,21,21,16,17,17,17,17,10,10,10,10,10,3,3,3,2,2,2,2,2,1,1,1,1,1,1,1,0,0,0,0,0,0,0,0,0
"CT00102","Waimarino","Taranaki",1285,35,37,35,34,35,33,33,32,31,31,29,26,27,26,26,26,26,24,23,23,23,23,21,21,21,21,21,22,22,22,22,22,21,21,21,21,21,18,18,18,18,18,14,14,14,14,14,10,10,10,10,10,7,7,7,7,7,6,6,6,6,6,4,4,4,4,4,3,3,3,3,3,2,2,2,2,2,1,1,1,1,1,1,1,0,0,0,0,0,0,0,0,0,0,0,0,0,0,0,0,0,0,0,0,0,0
"CT00103","Waimate","Canterbury",3388,87,84,83,85,85,79,77,78,74,74,69,64,62,62,62,62,62,57,55,55,55,55,54,54,54,54,54,56,56,56,56,56,55,55,55,55,55,50,50,50,50,50,40,40,40,40,40,33,33,33,33,33,22,22,22,22,22,19,19,19,19,19,15,15,16,16,16,11,11,11,11,11,8,8,8,9,9,5,5,5,5,5,2,2,1,1,1,1,1,1,1,1,1,1,1,1,1,0,0,0,0,0,0,0,0,0
"CT00104","Waimate West","Taranaki",1065,29,30,29,27,29,27,27,27,25,25,24,22,22,21,21,21,21,20,19,18,19,19,17,17,17,17,17,18,18,18,18,18,17,17,17,17,17,15,15,15,15,15,12,12,12,12,12,8,9,9,9,9,6,6,6,6,6,5,5,5,5,5,4,4,4,4,4,2,3,3,3,3,2,2,2,2,2,1,1,1,1,1,0,0,0,0,0,0,0,0,0,0,0,0,0,0,0,0,0,0,0,0,0,0,0,0
"CT00105","Waimea","Nelson",4297,102,109,108,107,106,116,100,108,99,99,94,90,83,76,76,76,76,69,65,64,64,64,64,62,62,62,62,64,66,66,66,66,74,75,75,75,75,65,67,67,67,67,53,53,53,53,53,39,39,40,40,40,29,29,29,29,29,24,24,24,24,24,19,20,20,20,20,12,13,13,13,13,10,10,10,11,11,7,7,7,7,7,2,2,2,2,2,2,1,1,1,1,1,1,1,1,1,0,0,0,0,0,0,0,0,0
"CT00106","Waipa","Auckland",3480,92,93,88,94,88,89,85,80,76,76,73,69,68,63,63,63,63,63,58,57,57,57,55,55,54,55,55,57,58,58,58,58,59,59,60,60,60,52,53,53,53,53,41,41,41,41,41,32,33,33,33,33,23,23,23,23,23,17,17,18,18,18,13,13,13,13,13,8,8,8,8,8,6,6,6,6,6,4,4,4,4,4,2,1,1,1,1,1,1,1,1,1,1,1,0,0,0,0,0,0,0,0,0,0,0,0
"CT00107","Waipara","Canterbury",1020,26,25,25,26,26,23,23,23,22,22,21,19,19,18,19,19,19,17,16,16,17,17,16,16,16,16,16,17,17,17,17,17,16,17,17,17,17,15,15,15,15,15,12,12,12,12,12,10,10,10,10,10,7,7,7,7,7,6,6,6,6,6,5,5,5,5,5,3,3,3,3,3,2,3,3,3,3,2,2,2,1,1,1,0,0,0,0,0,0,0,0,0,0,0,0,0,0,0,0,0,0,0,0,0,0,0
"CT00108","Waipawa","Hawkes.Bay",1512,41,39,40,36,34,35,32,32,30,35,27,21,26,29,29,29,29,26,24,24,24,24,26,26,26,26,26,25,25,25,25,25,25,25,25,25,25,23,23,23,23,23,16,16,16,16,16,16,16,16,16,16,11,11,11,11,11,8,8,8,8,8,7,7,7,7,7,5,5,5,5,5,4,4,4,4,4,2,2,2,2,2,1,1,1,1,1,1,0,0,0,0,0,0,0,0,0,0,0,0,0,0,0,0,0,0
"CT00109","Waipukurau","Hawkes.Bay",500,13,13,13,12,11,12,10,10,10,12,9,7,9,10,10,10,10,9,8,8,8,8,8,8,9,9,9,8,8,8,8,8,8,8,8,8,8,8,8,8,8,8,5,5,5,5,5,5,5,5,5,5,4,4,4,4,4,3,3,3,3,3,2,2,2,2,2,2,2,2,2,2,1,1,1,1,1,1,1,1,1,1,0,0,0,0,0,0,0,0,0,0,0,0,0,0,0,0,0,0,0,0,0,0,0,0
"CT00110","Wairarapa South","Wellington",1360,35,36,34,34,33,32,32,31,29,30,28,25,25,25,25,25,25,24,23,22,23,23,22,21,21,22,22,23,23,23,23,23,23,23,23,23,23,21,21,21,21,21,16,16,16,16,16,12,13,13,13,13,9,9,9,9,9,7,7,7,7,7,5,6,6,6,6,4,4,4,4,4,3,3,3,3,3,2,2,2,1,1,1,1,0,0,0,0,0,0,0,0,0,0,0,0,0,0,0,0,0,0,0,0,0,0
"CT00111","Wairewa","Canterbury",468,12,12,11,12,12,11,11,11,10,10,9,9,9,9,9,9,9,8,8,8,8,8,7,7,7,7,7,8,8,8,8,8,8,8,8,8,8,7,7,7,7,7,5,5,5,5,5,4,4,5,5,5,3,3,3,3,3,3,3,3,3,3,2,2,2,2,2,1,1,1,1,1,1,1,1,1,1,1,1,1,1,1,0,0,0,0,0,0,0,0,0,0,0,0,0,0,0,0,0,0,0,0,0,0,0,0
"CT00112","Wairoa","Hawkes.Bay",986,27,26,27,24,22,23,21,21,20,23,18,14,17,19,19,19,19,17,16,16,16,16,17,17,17,17,17,16,16,16,16,16,17,17,17,17,17,15,15,15,15,15,11,11,11,11,11,10,10,10,10,10,7,7,7,7,7,5,5,5,5,5,4,4,4,4,4,3,3,3,3,3,3,3,3,3,3,1,1,1,1,1,1,0,0,0,0,0,0,0,0,0,0,0,0,0,0,0,0,0,0,0,0,0,0,0
"CT00113","Waitaki","Otago",5033,117,115,115,109,123,114,111,115,107,109,107,102,101,92,92,92,92,85,76,76,76,76,72,72,72,72,72,72,73,73,73,73,79,79,80,79,79,76,76,76,76,76,64,64,64,64,64,54,54,54,54,54,38,38,38,38,38,30,31,31,31,31,27,28,28,28,28,20,20,20,20,20,15,15,15,15,15,11,11,11,10,10,3,3,3,2,2,2,2,2,2,2,2,2,1,1,1,0,0,0,0,0,0,0,0,0
"CT00114","Waitemata","Auckland",4236,111,113,107,114,107,108,103,97,93,93,89,84,82,77,77,77,77,76,70,69,70,70,67,66,66,66,66,69,71,71,71,71,71,72,73,72,72,64,65,65,65,65,50,50,50,50,50,39,40,40,40,40,28,28,28,28,28,21,21,21,21,21,15,16,16,16,16,10,10,10,10,10,7,7,8,8,8,5,5,5,5,5,2,2,2,1,1,1,1,1,1,1,1,1,1,1,1,0,0,0,0,0,0,0,0,0
"CT00115","Waitomo","Auckland",2674,70,71,67,72,67,68,65,61,59,58,56,53,52,49,49,49,49,48,44,44,44,44,43,42,42,42,42,44,45,45,45,45,45,46,46,46,46,40,41,41,41,41,31,32,32,32,32,25,25,25,25,25,17,18,18,17,17,13,13,14,14,14,10,10,10,10,10,6,6,6,6,6,5,5,5,5,5,3,3,3,3,3,1,1,1,1,1,1,1,1,0,0,0,0,0,0,0,0,0,0,0,0,0,0,0,0
"CT00116","Waitotara","Taranaki",1297,36,38,36,34,36,34,33,33,31,31,29,27,28,26,26,26,26,24,23,23,23,23,21,21,21,21,21,22,22,22,22,22,21,21,21,21,21,18,18,18,18,18,14,14,14,14,14,10,11,11,11,11,7,7,7,7,7,6,6,6,6,6,4,4,4,4,4,3,3,3,3,3,2,2,2,2,2,1,1,1,1,1,1,1,0,0,0,0,0,0,0,0,0,0,0,0,0,0,0,0,0,0,0,0,0,0
"CT00117","Wallace","Southland",3855,100,108,100,102,106,100,98,101,93,93,93,84,85,75,75,75,75,63,60,60,60,60,58,58,58,58,58,59,60,60,60,60,59,59,59,59,59,52,52,53,52,52,42,42,42,42,42,33,34,34,34,34,25,25,25,25,25,22,22,22,22,22,17,17,17,17,17,12,12,12,12,12,8,8,8,9,9,5,5,5,5,5,2,2,2,1,1,1,1,1,1,1,1,1,1,1,1,0,0,0,0,0,0,0,0,0
"CT00118","Wanganui","Wellington",1120,29,29,28,28,27,27,27,26,24,25,23,21,21,20,20,20,20,20,19,19,19,19,18,18,18,18,18,19,19,19,19,19,19,19,19,19,19,17,18,18,18,18,13,13,13,13,13,10,10,10,10,10,8,8,8,8,8,6,6,6,6,6,4,5,5,5,5,3,3,3,3,3,2,2,2,2,2,1,1,1,1,1,1,0,0,0,0,0,0,0,0,0,0,0,0,0,0,0,0,0,0,0,0,0,0,0
"CT00119","Weber","Wellington",172,4,4,4,4,4,4,4,4,4,4,4,3,3,3,3,3,3,3,3,3,3,3,3,3,3,3,3,3,3,3,3,3,3,3,3,3,3,3,3,3,3,3,2,2,2,2,2,2,2,2,2,2,1,1,1,1,1,1,1,1,1,1,1,1,1,1,1,0,0,0,0,0,0,0,0,0,0,0,0,0,0,0,0,0,0,0,0,0,0,0,0,0,0,0,0,0,0,0,0,0,0,0,0,0,0,0
"CT00120","West Taupo","Auckland",1283,34,34,33,35,33,33,31,30,28,28,27,26,25,23,23,24,24,23,21,21,21,21,21,20,20,20,20,21,22,22,22,22,22,22,22,22,22,19,20,20,20,20,15,15,15,15,15,12,12,12,12,12,8,8,8,8,8,6,6,7,7,7,5,5,5,5,5,3,3,3,3,3,2,2,2,2,2,2,1,1,1,1,1,1,0,0,0,0,0,0,0,0,0,0,0,0,0,0,0,0,0,0,0,0,0,0
"CT00121","Westland","Westland",1833,38,43,38,40,48,40,40,37,47,37,38,38,31,28,28,28,28,30,29,29,29,29,23,23,23,23,23,29,29,29,29,29,28,28,28,28,28,30,30,30,30,30,25,25,25,25,25,19,19,19,19,19,13,13,13,13,13,9,9,9,9,9,9,10,10,10,10,6,6,6,6,6,9,9,9,9,9,7,7,7,7,7,2,2,2,2,2,2,1,1,1,1,1,1,1,1,1,0,0,0,0,0,0,0,0,0
"CT00122","Whakatane","Hawkes.Bay",1241,34,33,33,29,28,29,26,26,24,29,23,17,22,24,24,24,24,22,20,20,20,20,21,21,21,21,21,20,20,20,20,20,21,21,21,21,21,19,19,19,19,19,13,13,13,13,13,13,13,13,13,13,9,9,9,9,9,7,7,7,7,7,5,5,5,5,5,4,4,4,4,4,3,3,3,4,4,2,2,2,2,2,1,1,1,0,0,0,0,0,0,0,0,0,0,0,0,0,0,0,0,0,0,0,0,0
"CT00123","Whangamomona","Taranaki",514,14,15,14,14,14,13,13,13,12,12,12,11,11,10,10,10,10,10,9,9,9,9,8,8,8,8,8,9,9,9,9,9,8,8,8,8,8,7,7,7,7,7,6,6,6,6,6,4,4,4,4,4,3,3,3,3,3,2,2,2,2,2,2,2,2,2,2,1,1,1,1,1,1,1,1,1,1,1,1,1,1,1,0,0,0,0,0,0,0,0,0,0,0,0,0,0,0,0,0,0,0,0,0,0,0,0
"CT00124","Whangarei","Auckland",3987,105,106,101,108,100,102,97,91,87,87,84,79,78,72,72,73,73,72,66,65,66,66,64,63,62,63,63,65,66,67,67,67,67,68,68,68,68,60,61,61,61,61,47,47,47,47,47,37,37,38,38,38,26,26,26,26,26,20,20,20,20,20,14,15,15,15,15,9,9,10,10,10,7,7,7,7,7,5,5,4,4,4,2,2,1,1,1,1,1,1,1,1,1,1,1,0,0,0,0,0,0,0,0,0,0,0
"CT00125","Whangaroa","Auckland",422,11,11,11,11,11,11,10,10,9,9,9,8,8,8,8,8,8,8,7,7,7,7,7,7,7,7,7,7,7,7,7,7,7,7,7,7,7,6,6,6,6,6,5,5,5,5,5,4,4,4,4,4,3,3,3,3,3,2,2,2,2,2,2,2,2,2,2,1,1,1,1,1,1,1,1,1,1,0,0,0,0,0,0,0,0,0,0,0,0,0,0,0,0,0,0,0,0,0,0,0,0,0,0,0,0,0
"CT00126","Woodville","Wellington",886,23,23,22,22,21,21,21,20,19,20,18,17,16,16,16,16,16,16,15,15,15,15,14,14,14,14,14,15,15,15,15,15,15,15,15,15,15,14,14,14,14,14,10,10,11,10,10,8,8,8,8,8,6,6,6,6,6,4,4,5,5,5,4,4,4,4,4,2,3,3,3,3,2,2,2,2,2,1,1,1,1,1,0,0,0,0,0,0,0,0,0,0,0,0,0,0,0,0,0,0,0,0,0,0,0,0
