geo_unit,Name,Latitude,Longitude,s1_c0,s2_c0,s2_c1,s3_c0,s3_c1,s3_c2,s4_c0,s4_c1,s4_c2,s4_c3,s5_c0,s5_c1,s5_c2,s5_c3,s5_c4,s6_c0,s6_c1,s6_c2,s6_c3,s6_c4,s6_c5,s7_c0,s7_c1,s7_c2,s7_c3,s7_c4,s7_c5,s7_c6,s8_c0,s8_c1,s8_c2,s8_c3,s8_c4,s8_c5,s8_c6,s8_c7,s9_c0,s9_c1,s9_c2,s9_c3,s9_c4,s9_c5,s9_c6,s9_c7,s9_c8,s10_c0,s10_c1,s10_c2,s10_c3,s10_c4,s10_c5,s10_c6,s10_c7,s10_c8,s10_c9,s11p_c0,s11p_c1,s11p_c2,s11p_c3,s11p_c4,s11p_c5,s11p_c6,s11p_c7,s11p_c8,s11p_c9,s11p_c10
CT00001,Akaroa,-43.526945,172.632377,29,33,10,36,11,11,37,11,11,9,32,9,10,7,5,24,7,7,5,4,3,16,5,5,4,3,2,1,10,3,3,2,2,1,1,1,6,2,2,1,1,1,1,0,0,3,1,1,1,1,0,0,0,0,0,3,1,1,1,1,0,0,0,0,0,0
CT00002,Akitio,-40.6,176.417,19,22,6,24,7,7,25,7,7,6,21,6,6,5,4,16,5,5,4,3,2,11,3,3,2,2,1,1,7,2,2,2,1,1,1,0,4,1,1,1,1,0,0,0,0,2,1,1,1,0,0,0,0,0,0,2,1,1,1,0,0,0,0,0,0,0
CT00003,Amuri,-42.50480809,173.0221142,34,39,11,42,12,13,44,13,13,10,38,11,11,9,6,28,8,8,6,5,3,19,6,6,4,3,2,2,12,4,4,3,2,1,1,1,7,2,2,2,1,1,1,0,0,4,1,1,1,1,0,0,0,0,0,4,1,1,1,1,0,0,0,0,0,0
CT00004,Ashburton,-43.89834,171.73011,191,217,64,237,70,70,246,73,73,58,212,63,63,50,36,156,46,47,37,27,19,105,31,31,25,18,13,9,67,20,20,16,11,8,6,4,40,12,12,9,7,5,3,2,2,23,7,7,5,4,3,2,1,1,1,23,7,7,5,4,3,2,1,1,1,1
CT00005,Ashley,-43.3034,172.5914,13,14,4,16,5,5,16,5,5,4,14,4,4,3,2,10,3,3,2,2,1,7,2,2,2,1,1,1,4,1,1,1,1,1,0,0,3,1,1,1,0,0,0,0,0,2,0,0,0,0,0,0,0,0,0,1,0,0,0,0,0,0,0,0,0,0
CT00006,Awakino,-38.65,174.633,12,14,4,15,5,5,16,5,5,4,14,4,4,3,2,10,3,3,2,2,1,7,2,2,2,1,1,1,4,1,1,1,1,1,0,0,3,1,1,1,0,0,0,0,0,2,0,0,0,0,0,0,0,0,0,1,0,0,0,0,0,0,0,0,0,0
CT00007,Awatere,-41.88419888,173.6366844,26,30,9,33,10,10,34,10,10,8,29,9,9,7,5,22,6,6,5,4,3,15,4,4,3,2,2,1,9,3,3,2,2,1,1,1,5,2,2,1,1,1,0,0,0,3,1,1,1,1,0,0,0,0,0,3,1,1,1,1,0,0,0,0,0,0
CT00008,Bay of Islands,-35.2,174.166667,69,78,23,85,25,25,88,26,26,21,76,23,23,18,13,56,17,17,13,10,7,38,11,11,9,6,4,3,24,7,7,6,4,3,2,1,14,4,4,3,2,2,1,1,1,8,2,2,2,1,1,1,0,0,0,8,2,2,2,1,1,1,0,0,0,0
CT00009,Bruce,-46.116667,169.966667,78,89,26,97,29,29,101,30,30,24,87,26,26,20,15,64,19,19,15,11,8,43,13,13,10,7,5,4,27,8,8,6,5,3,2,2,16,5,5,4,3,2,1,1,1,9,3,3,2,2,1,1,1,0,0,9,3,3,2,2,1,1,1,0,0,0
CT00010,Buller,-41.813,171.793,89,102,30,111,33,33,115,34,34,27,99,29,30,23,17,73,22,22,17,12,9,49,15,15,11,8,6,4,31,9,9,7,5,4,3,2,19,5,6,4,3,2,2,1,1,11,3,3,3,2,1,1,1,0,0,11,3,3,2,2,1,1,1,0,0,0
CT00011,Castlepoint,-40.9,176.21667,9,10,3,11,3,3,11,3,3,3,10,3,3,2,2,7,2,2,2,1,1,5,1,1,1,1,1,0,3,1,1,1,1,0,0,0,2,1,1,0,0,0,0,0,0,1,0,0,0,0,0,0,0,0,0,1,0,0,0,0,0,0,0,0,0,0
CT00012,Cheviot,-42.81212,173.2736762,20,23,7,25,7,7,26,8,8,6,22,7,7,5,4,16,5,5,4,3,2,11,3,3,3,2,1,1,7,2,2,2,1,1,1,0,4,1,1,1,1,0,0,0,0,2,1,1,1,0,0,0,0,0,0,2,1,1,1,0,0,0,0,0,0,0
CT00013,Clifton,-38.995833,174.233056,34,39,11,42,12,13,44,13,13,10,38,11,11,9,6,28,8,8,7,5,3,19,6,6,4,3,2,2,12,4,4,3,2,1,1,1,7,2,2,2,1,1,1,0,0,4,1,1,1,1,0,0,0,0,0,4,1,1,1,1,0,0,0,0,0,0
CT00014,Clutha,-46.233333,169.75,118,134,40,146,43,44,152,45,45,36,131,39,39,31,22,97,29,29,23,16,12,65,19,19,15,11,8,6,41,12,12,10,7,5,4,2,24,7,7,6,4,3,2,1,1,14,4,4,3,2,2,1,1,1,0,14,4,4,3,2,2,1,1,1,0,1
CT00015,Collingwood,-40.677222,172.682778,17,20,6,21,6,6,22,7,7,5,19,6,6,4,3,14,4,4,3,2,2,9,3,3,2,2,1,1,6,2,2,1,1,1,1,0,4,1,1,1,1,0,0,0,0,2,1,1,0,0,0,0,0,0,0,2,1,1,0,0,0,0,0,0,0,0
CT00016,Cook,-38.6623,178.0176,101,115,34,125,37,37,130,38,39,30,112,33,33,26,19,83,24,25,19,14,10,55,16,17,13,9,7,5,35,10,10,8,6,4,3,2,21,6,6,5,4,2,2,1,1,12,4,4,3,2,1,1,1,1,0,12,4,4,3,2,1,1,1,0,0,0
CT00017,Coromandel,-36.761287,175.4981278,34,39,11,42,12,13,44,13,13,10,38,11,11,9,6,28,8,8,7,5,3,19,6,6,4,3,2,2,12,4,4,3,2,1,1,1,7,2,2,2,1,1,1,0,0,4,1,1,1,1,0,0,0,0,0,4,1,1,1,1,0,0,0,0,0,0
CT00018,Dannevirke,-40.205303,176.100311,73,84,25,91,27,27,95,28,28,22,82,24,24,19,14,60,18,18,14,10,7,40,12,12,9,7,5,3,26,8,8,6,4,3,2,2,15,4,5,4,3,2,1,1,1,9,3,3,2,2,1,1,1,0,0,9,3,3,2,1,1,1,1,0,0,0
CT00019,East Taupo,-38.68333,176.08333,12,14,4,15,4,5,16,5,5,4,14,4,4,3,2,10,3,3,2,2,1,7,2,2,2,1,1,1,4,1,1,1,1,1,0,0,3,1,1,1,0,0,0,0,0,1,0,0,0,0,0,0,0,0,0,1,0,0,0,0,0,0,0,0,0,0
CT00020,Eden,-36.88158,174.76204,228,259,76,282,83,84,293,87,87,69,253,75,75,59,43,186,55,55,44,32,22,125,37,37,29,21,15,11,80,23,24,19,14,9,7,5,47,14,14,11,8,6,4,3,2,27,8,8,6,5,3,2,2,1,1,27,8,8,6,5,3,2,2,1,1,1
CT00021,Egmont,-39.453736,173.854185,52,59,17,64,19,19,66,20,20,16,57,17,17,13,10,42,12,13,10,7,5,28,8,8,7,5,3,2,18,5,5,4,3,2,2,1,11,3,3,2,2,1,1,1,0,6,2,2,1,1,1,1,0,0,0,6,2,2,1,1,1,1,0,0,0,0
CT00022,Eketahuna,-40.6461889,175.7041691,35,39,12,43,13,13,44,13,13,10,38,11,11,9,7,28,8,8,7,5,3,19,6,6,4,3,2,2,12,4,4,3,2,1,1,1,7,2,2,2,1,1,1,0,0,4,1,1,1,1,0,0,0,0,0,4,1,1,1,1,0,0,0,0,0,0
CT00023,Ellesmere,-43.8,172.416667,62,71,21,77,23,23,80,24,24,19,69,20,21,16,12,51,15,15,12,9,6,34,10,10,8,6,4,3,22,6,6,5,4,3,2,1,13,4,4,3,2,2,1,1,1,7,2,2,2,1,1,1,0,0,0,7,2,2,2,1,1,1,0,0,0,0
CT00024,Eltham,-39.429722,174.299167,56,64,19,70,21,21,73,21,22,17,63,19,19,15,11,46,14,14,11,8,5,31,9,9,7,5,4,3,20,6,6,5,3,2,2,1,12,3,3,3,2,1,1,1,0,7,2,2,2,1,1,1,0,0,0,7,2,2,2,1,1,1,0,0,0,0
CT00025,Eyre,-43.3049,172.5967,31,35,10,38,11,11,40,12,12,9,34,10,10,8,6,25,7,8,6,4,3,17,5,5,4,3,2,1,11,3,3,3,2,1,1,1,6,2,2,1,1,1,1,0,0,4,1,1,1,1,0,0,0,0,0,4,1,1,1,1,0,0,0,0,0,0
CT00026,Featherston,-41.11687066,175.3257958,56,63,19,69,20,21,72,21,21,17,62,18,18,14,11,46,13,14,11,8,5,31,9,9,7,5,4,3,19,6,6,5,3,2,2,1,12,3,3,3,2,1,1,1,0,7,2,2,2,1,1,1,0,0,0,7,2,2,2,1,1,1,0,0,0,0
CT00027,Fiord,-45.4,167.2,0,0,0,0,0,0,0,0,0,0,0,0,0,0,0,0,0,0,0,0,0,0,0,0,0,0,0,0,0,0,0,0,0,0,0,0,0,0,0,0,0,0,0,0,0,0,0,0,0,0,0,0,0,0,0,0,0,0,0,0,0,0,0,0,0,0
CT00028,Franklin,-37.201744,174.90514,152,173,51,189,56,56,196,58,58,46,169,50,50,40,29,125,37,37,29,21,15,84,25,25,20,14,10,7,53,16,16,12,9,6,5,3,32,9,9,7,5,4,3,2,1,18,5,5,4,3,2,2,1,1,0,18,5,5,4,3,2,2,1,1,0,1
CT00029,Geraldine,-44.09061,171.24458,92,105,31,114,34,34,119,35,35,28,102,30,30,24,17,75,22,22,18,13,9,51,15,15,12,9,6,4,32,10,10,8,5,4,3,2,19,6,6,4,3,2,2,1,1,11,3,3,3,2,1,1,1,0,0,11,3,3,3,2,1,1,1,0,0,0
CT00030,Grey,-42.546,171.606,86,98,29,107,32,32,111,33,33,26,96,28,29,22,16,71,21,21,16,12,8,47,14,14,11,8,6,4,30,9,9,7,5,4,3,2,18,5,5,4,3,2,2,1,1,10,3,3,2,2,1,1,1,0,0,10,3,3,2,2,1,1,1,0,0,0
CT00031,Halswell,-43.583,172.567,28,32,9,35,10,10,36,11,11,8,31,9,9,7,5,23,7,7,5,4,3,16,5,5,4,3,2,1,10,3,3,2,2,1,1,1,6,2,2,1,1,1,0,0,0,3,1,1,1,1,0,0,0,0,0,3,1,1,1,1,0,0,0,0,0,0
CT00032,Hauraki Plains,-37.279927,174.492897,54,61,18,67,20,20,69,20,21,16,60,18,18,14,10,44,13,13,10,7,5,30,9,9,7,5,4,3,19,6,6,4,3,2,2,1,11,3,3,3,2,1,1,1,0,6,2,2,2,1,1,1,0,0,0,6,2,2,1,1,1,1,0,0,0,0
CT00033,Hawera,-39.59167,174.28333,85,97,29,106,31,31,110,32,33,26,95,28,28,22,16,70,21,21,16,12,8,47,14,14,11,8,6,4,30,9,9,7,5,4,3,2,18,5,5,4,3,2,1,1,1,10,3,3,2,2,1,1,1,0,0,10,3,3,2,2,1,1,1,0,0,0
CT00034,Hawke's Bay,-39.483,176.917,185,210,62,229,68,68,238,70,71,56,205,61,61,48,35,151,45,45,35,26,18,102,30,30,24,17,12,9,65,19,19,15,11,8,5,4,38,11,11,9,7,5,3,2,2,22,7,7,5,4,3,2,1,1,1,22,6,6,5,4,3,2,1,1,1,1
CT00035,Heathcote,-43.583,172.716638,69,78,23,85,25,25,89,26,26,21,77,23,23,18,13,56,17,17,13,10,7,38,11,11,9,6,5,3,24,7,7,6,4,3,2,1,14,4,4,3,2,2,1,1,1,8,2,2,2,1,1,1,0,0,0,8,2,2,2,1,1,1,0,0,0,0
CT00036,Hobson,-35.9396,173.8726,77,87,26,95,28,28,99,29,29,23,85,25,25,20,15,63,19,19,15,11,7,42,12,13,10,7,5,4,27,8,8,6,5,3,2,2,16,5,5,4,3,2,1,1,1,9,3,3,2,2,1,1,1,0,0,9,3,3,2,2,1,1,1,0,0,0
CT00037,Hokianga,-35.5258,173.3786,45,51,15,56,16,17,58,17,17,14,50,15,15,12,9,37,11,11,9,6,4,25,7,7,6,4,3,2,16,5,5,4,3,2,1,1,9,3,3,2,2,1,1,1,0,5,2,2,1,1,1,0,0,0,0,5,2,2,1,1,1,0,0,0,0,0
CT00038,Horowhenua,-40.57733,175.38071,85,97,29,106,31,32,110,32,33,26,95,28,28,22,16,70,21,21,16,12,8,47,14,14,11,8,6,4,30,9,9,7,5,4,3,2,18,5,5,4,3,2,1,1,1,10,3,3,2,2,1,1,1,0,0,10,3,3,2,2,1,1,1,0,0,0
CT00039,Hutt,-41.209164,174.908051,105,120,35,131,39,39,136,40,40,32,117,35,35,27,20,86,25,26,20,15,10,58,17,17,14,10,7,5,37,11,11,9,6,4,3,2,22,6,6,5,4,3,2,1,1,13,4,4,3,2,2,1,1,1,0,12,4,4,3,2,1,1,1,1,0,0
CT00040,Inangahua,-41.85724663,171.9298009,57,65,19,70,21,21,73,22,22,17,63,19,19,15,11,47,14,14,11,8,6,31,9,9,7,5,4,3,20,6,6,5,3,2,2,1,12,3,4,3,2,1,1,1,0,7,2,2,2,1,1,1,0,0,0,7,2,2,2,1,1,1,0,0,0,0
CT00041,Inglewood,-39.1499994,174.1999992,50,57,17,62,18,18,65,19,19,15,56,16,17,13,9,41,12,12,10,7,5,28,8,8,6,5,3,2,18,5,5,4,3,2,1,1,10,3,3,2,2,1,1,1,0,6,2,2,1,1,1,1,0,0,0,6,2,2,1,1,1,1,0,0,0,0
CT00042,Kaikoura,-42.41667,173.68333,35,40,12,43,13,13,45,13,13,10,39,11,12,9,7,28,8,8,7,5,3,19,6,6,4,3,2,2,12,4,4,3,2,1,1,1,7,2,2,2,1,1,1,0,0,4,1,1,1,1,0,0,0,0,0,4,1,1,1,1,0,0,0,0,0,0
CT00043,Kairanga,-40.34807006,175.5318268,74,85,25,92,27,27,96,28,28,22,83,24,25,19,14,61,18,18,14,10,7,41,12,12,10,7,5,3,26,8,8,6,4,3,2,2,15,5,5,4,3,2,1,1,1,9,3,3,2,2,1,1,1,0,0,9,3,3,2,1,1,1,1,0,0,0
CT00044,Kaitieke,-39.10051591,175.2629136,48,55,16,60,18,18,62,18,18,14,53,16,16,12,9,39,12,12,9,7,5,26,8,8,6,4,3,2,17,5,5,4,3,2,1,1,10,3,3,2,2,1,1,1,0,6,2,2,1,1,1,0,0,0,0,6,2,2,1,1,1,0,0,0,0,0
CT00045,Kawhia,-38.06504443,174.8200746,17,19,6,21,6,6,21,6,6,5,18,5,6,4,3,14,4,4,3,2,2,9,3,3,2,2,1,1,6,2,2,1,1,1,0,0,3,1,1,1,1,0,0,0,0,2,1,1,0,0,0,0,0,0,0,2,1,1,0,0,0,0,0,0,0,0
CT00046,Kiwitea,-40.10857,175.71552,39,44,13,48,14,14,50,15,15,12,43,13,13,10,7,32,9,9,7,5,4,21,6,6,5,4,3,2,14,4,4,3,2,2,1,1,8,2,2,2,1,1,1,0,0,5,1,1,1,1,1,0,0,0,0,5,1,1,1,1,1,0,0,0,0,0
CT00047,Kowai,-43.2097,172.6956,32,37,11,40,12,12,41,12,12,10,36,11,11,8,6,26,8,8,6,4,3,18,5,5,4,3,2,1,11,3,3,3,2,1,1,1,7,2,2,2,1,1,1,0,0,4,1,1,1,1,0,0,0,0,0,4,1,1,1,1,0,0,0,0,0,0
CT00048,Lake,-44.83281,168.50304,26,30,9,33,10,10,34,10,10,8,29,9,9,7,5,22,6,6,5,4,3,15,4,4,3,2,2,1,9,3,3,2,2,1,1,1,5,2,2,1,1,1,0,0,0,3,1,1,1,1,0,0,0,0,0,3,1,1,1,1,0,0,0,0,0,0
CT00049,Levels,-44.29873,171.2225,83,95,28,103,30,31,107,32,32,25,93,27,28,22,16,68,20,20,16,12,8,46,14,14,11,8,5,4,29,9,9,7,5,3,2,2,17,5,5,4,3,2,1,1,1,10,3,3,2,2,1,1,1,0,0,10,3,3,2,2,1,1,1,0,0,0
CT00050,Mackenzie,-44.1,170.8289,51,58,17,63,19,19,65,19,19,15,56,17,17,13,10,41,12,12,10,7,5,28,8,8,7,5,3,2,18,5,5,4,3,2,2,1,10,3,3,2,2,1,1,1,0,6,2,2,1,1,1,1,0,0,0,6,2,2,1,1,1,1,0,0,0,0
CT00051,Makara,-41.2512123,174.7136094,50,57,17,62,18,18,64,19,19,15,56,16,17,13,9,41,12,12,10,7,5,27,8,8,6,5,3,2,17,5,5,4,3,2,1,1,10,3,3,2,2,1,1,1,0,6,2,2,1,1,1,1,0,0,0,6,2,2,1,1,1,0,0,0,0,0
CT00052,Malvern,-43.4884,172.11462,48,54,16,59,17,18,62,18,18,14,53,16,16,12,9,39,12,12,9,7,5,26,8,8,6,4,3,2,17,5,5,4,3,2,1,1,10,3,3,2,2,1,1,1,0,6,2,2,1,1,1,0,0,0,0,6,2,2,1,1,1,0,0,0,0,0
CT00053,Manawatu,-39.7273356,175.4375574,71,80,24,87,26,26,91,27,27,21,78,23,23,18,13,58,17,17,13,10,7,39,11,12,9,7,5,3,25,7,7,6,4,3,2,1,15,4,4,3,2,2,1,1,1,8,3,3,2,1,1,1,1,0,0,8,2,2,2,1,1,1,0,0,0,0
CT00054,Maniototo,-45.12086448,170.0292969,42,48,14,52,15,16,54,16,16,13,47,14,14,11,8,34,10,10,8,6,4,23,7,7,5,4,3,2,15,4,4,3,3,2,1,1,9,3,3,2,1,1,1,1,0,5,1,2,1,1,1,0,0,0,0,5,1,1,1,1,1,0,0,0,0,0
CT00055,Manukau,-36.99282,174.87986,95,109,32,118,35,35,123,36,37,29,106,31,32,25,18,78,23,23,18,13,9,53,15,16,12,9,6,4,33,10,10,8,6,4,3,2,20,6,6,5,3,2,2,1,1,11,3,3,3,2,1,1,1,0,0,11,3,3,3,2,1,1,1,0,0,0
CT00056,Marlborough,-41.514,173.96,117,133,39,145,43,43,151,45,45,35,130,38,39,30,22,96,28,29,22,16,11,64,19,19,15,11,8,5,41,12,12,10,7,5,3,2,24,7,7,6,4,3,2,1,1,14,4,4,3,2,2,1,1,1,0,14,4,4,3,2,2,1,1,1,0,1
CT00057,Masterton,-40.9666628,175.6499974,46,53,16,57,17,17,60,18,18,14,52,15,15,12,9,38,11,11,9,6,5,25,8,8,6,4,3,2,16,5,5,4,3,2,1,1,10,3,3,2,2,1,1,1,0,6,2,2,1,1,1,0,0,0,0,5,2,2,1,1,1,0,0,0,0,0
CT00058,Matakaoa,-37.55696585,178.2815937,11,13,4,14,4,4,14,4,4,3,12,4,4,3,2,9,3,3,2,2,1,6,2,2,1,1,1,1,4,1,1,1,1,0,0,0,2,1,1,1,0,0,0,0,0,1,0,0,0,0,0,0,0,0,0,1,0,0,0,0,0,0,0,0,0,0
CT00059,Matamata,-37.8106,175.76237,80,91,27,99,29,29,103,30,31,24,89,26,26,21,15,65,19,19,15,11,8,44,13,13,10,7,5,4,28,8,8,7,5,3,2,2,17,5,5,4,3,2,1,1,1,10,3,3,2,2,1,1,1,0,0,9,3,3,2,2,1,1,1,0,0,0
CT00060,Mauriceville,-40.7749023,175.7017963,13,15,4,16,5,5,17,5,5,4,15,4,4,3,2,11,3,3,3,2,1,7,2,2,2,1,1,1,5,1,1,1,1,1,0,0,3,1,1,1,0,0,0,0,0,2,0,0,0,0,0,0,0,0,0,2,0,0,0,0,0,0,0,0,0,0
CT00061,Mongonui,-34.9940621,173.5289181,62,71,21,77,23,23,80,24,24,19,69,20,21,16,12,51,15,15,12,9,6,34,10,10,8,6,4,3,22,6,6,5,4,3,2,1,13,4,4,3,2,2,1,1,1,8,2,2,2,1,1,1,0,0,0,7,2,2,2,1,1,1,0,0,0,0
CT00062,Mount Herbert,-43.68959,172.74196,7,8,2,9,3,3,9,3,3,2,8,2,2,2,1,6,2,2,1,1,1,4,1,1,1,1,0,0,2,1,1,1,0,0,0,0,1,0,0,0,0,0,0,0,0,1,0,0,0,0,0,0,0,0,0,1,0,0,0,0,0,0,0,0,0,0
CT00063,Murchison,-41.800178,172.3336836,21,24,7,26,8,8,27,8,8,6,24,7,7,5,4,17,5,5,4,3,2,12,3,3,3,2,1,1,7,2,2,2,1,1,1,0,4,1,1,1,1,1,0,0,0,3,1,1,1,0,0,0,0,0,0,2,1,1,1,0,0,0,0,0,0,0
CT00064,Ohinemuri,-37.379448,175.669424,42,48,14,52,15,16,54,16,16,13,47,14,14,11,8,35,10,10,8,6,4,23,7,7,5,4,3,2,15,4,4,3,3,2,1,1,9,3,3,2,1,1,1,1,0,5,2,2,1,1,1,0,0,0,0,5,1,1,1,1,1,0,0,0,0,0
CT00065,Ohura,-38.8439123,174.9816397,45,51,15,55,16,16,58,17,17,13,50,15,15,12,8,37,11,11,9,6,4,25,7,7,6,4,3,2,16,5,5,4,3,2,1,1,9,3,3,2,2,1,1,1,0,5,2,2,1,1,1,0,0,0,0,5,2,2,1,1,1,0,0,0,0,0
CT00066,Opotiki,-38.00915,177.28706,34,39,11,42,13,13,44,13,13,10,38,11,11,9,6,28,8,8,7,5,3,19,6,6,4,3,2,2,12,4,4,3,2,1,1,1,7,2,2,2,1,1,1,0,0,4,1,1,1,1,0,0,0,0,0,4,1,1,1,1,0,0,0,0,0,0
CT00067,Oroua,-40.166667,175.583333,57,65,19,71,21,21,74,22,22,17,64,19,19,15,11,47,14,14,11,8,6,31,9,9,7,5,4,3,20,6,6,5,3,2,2,1,12,3,4,3,2,1,1,1,0,7,2,2,2,1,1,1,0,0,0,7,2,2,2,1,1,1,0,0,0,0
CT00068,Otamatea,-36.09833,174.23944,60,69,20,75,22,22,78,23,23,18,67,20,20,16,11,49,15,15,12,8,6,33,10,10,8,6,4,3,21,6,6,5,4,3,2,1,12,4,4,3,2,1,1,1,1,7,2,2,2,1,1,1,0,0,0,7,2,2,2,1,1,1,0,0,0,0
CT00069,Oxford,-43.29609879,172.1886163,29,33,10,36,10,11,37,11,11,9,32,9,9,7,5,23,7,7,5,4,3,16,5,5,4,3,2,1,10,3,3,2,2,1,1,1,6,2,2,1,1,1,1,0,0,3,1,1,1,1,0,0,0,0,0,3,1,1,1,1,0,0,0,0,0,0
CT00070,Pahiatua,-40.4596526,175.8349216,49,56,16,61,18,18,63,19,19,15,55,16,16,13,9,40,12,12,9,7,5,27,8,8,6,5,3,2,17,5,5,4,3,2,1,1,10,3,3,2,2,1,1,1,0,6,2,2,1,1,1,1,0,0,0,6,2,2,1,1,1,0,0,0,0,0
CT00071,Paparua,-43.529,172.458173,83,94,28,103,30,31,107,31,32,25,92,27,27,22,16,68,20,20,16,12,8,46,13,14,11,8,5,4,29,9,9,7,5,3,2,2,17,5,5,4,3,2,1,1,1,10,3,3,2,2,1,1,1,0,0,10,3,3,2,2,1,1,1,0,0,0
CT00072,Patangata,-39.917,176.717,34,39,12,43,13,13,44,13,13,10,38,11,11,9,7,28,8,8,7,5,3,19,6,6,4,3,2,2,12,4,4,3,2,1,1,1,7,2,2,2,1,1,1,0,0,4,1,1,1,1,0,0,0,0,0,4,1,1,1,1,0,0,0,0,0,0
CT00073,Patea,-39.7547982,174.4728191,52,59,17,64,19,19,67,20,20,16,58,17,17,13,10,42,13,13,10,7,5,29,8,8,7,5,3,2,18,5,5,4,3,2,2,1,11,3,3,3,2,1,1,1,0,6,2,2,1,1,1,1,0,0,0,6,2,2,1,1,1,1,0,0,0,0
CT00074,Peninsula,-45.8583,170.65,29,33,10,36,11,11,37,11,11,9,32,10,10,8,5,24,7,7,6,4,3,16,5,5,4,3,2,1,10,3,3,2,2,1,1,1,6,2,2,1,1,1,1,0,0,3,1,1,1,1,0,0,0,0,0,3,1,1,1,1,0,0,0,0,0,0
CT00075,Piako,-37.68545,175.67254,97,111,33,121,36,36,126,37,37,29,108,32,32,25,18,80,24,24,19,14,9,54,16,16,13,9,6,5,34,10,10,8,6,4,3,2,20,6,6,5,3,2,2,1,1,12,3,3,3,2,1,1,1,0,0,11,3,3,3,2,1,1,1,0,0,0
CT00076,Pohangina,-40.16666,175.7999968,21,24,7,26,8,8,27,8,8,6,23,7,7,5,4,17,5,5,4,3,2,12,3,3,3,2,1,1,7,2,2,2,1,1,1,0,4,1,1,1,1,1,0,0,0,3,1,1,1,0,0,0,0,0,0,2,1,1,1,0,0,0,0,0,0,0
CT00077,Raglan,-37.79931138,174.8783946,76,86,25,94,28,28,98,29,29,23,84,25,25,20,14,62,18,18,14,11,7,42,12,12,10,7,5,4,26,8,8,6,5,3,2,2,16,5,5,4,3,2,1,1,1,9,3,3,2,2,1,1,1,0,0,9,3,3,2,2,1,1,1,0,0,0
CT00078,Rangiora,-43.30437,172.58356,49,56,17,61,18,18,63,19,19,15,55,16,16,13,9,40,12,12,9,7,5,27,8,8,6,5,3,2,17,5,5,4,3,2,1,1,10,3,3,2,2,1,1,1,0,6,2,2,1,1,1,1,0,0,0,6,2,2,1,1,1,0,0,0,0,0
CT00079,Rangitikei,-39.66667,175.75,129,147,43,160,47,48,166,49,50,39,144,42,43,34,24,106,31,31,25,18,13,71,21,21,17,12,8,6,45,13,13,11,8,5,4,3,27,8,8,6,5,3,2,2,1,16,5,5,4,3,2,1,1,1,0,15,4,5,4,3,2,1,1,1,0,1
CT00080,Rodney,-36.539,174.528,54,61,18,67,20,20,70,21,21,16,60,18,18,14,10,44,13,13,10,8,5,30,9,9,7,5,4,3,19,6,6,4,3,2,2,1,11,3,3,3,2,1,1,1,0,7,2,2,2,1,1,1,0,0,0,6,2,2,1,1,1,1,0,0,0,0
CT00081,Rotorua,-38.16667,176.33333,31,35,10,38,11,11,39,12,12,9,34,10,10,8,6,25,7,7,6,4,3,17,5,5,4,3,2,1,11,3,3,2,2,1,1,1,6,2,2,1,1,1,1,0,0,4,1,1,1,1,0,0,0,0,0,4,1,1,1,1,0,0,0,0,0,0
CT00082,Selwyn,-43.64884427,172.2322075,25,28,8,31,9,9,32,9,10,7,28,8,8,6,5,20,6,6,5,3,2,14,4,4,3,2,2,1,9,3,3,2,1,1,1,1,5,2,2,1,1,1,0,0,0,3,1,1,1,1,0,0,0,0,0,3,1,1,1,0,0,0,0,0,0,0
CT00083,Sounds,-41.1417,174.0894,16,18,5,20,6,6,21,6,6,5,18,5,5,4,3,13,4,4,3,2,2,9,3,3,2,1,1,1,6,2,2,1,1,1,0,0,3,1,1,1,1,0,0,0,0,2,1,1,0,0,0,0,0,0,0,2,1,1,0,0,0,0,0,0,0,0
CT00084,Southland,-46.413056,168.3475,406,462,136,503,149,150,523,154,156,122,452,133,134,106,77,333,98,99,78,57,40,224,66,67,52,38,27,19,142,42,42,33,24,17,12,8,84,25,25,20,14,10,7,5,4,49,14,15,11,8,6,4,3,2,1,48,14,14,11,8,6,4,3,2,1,2
CT00085,Springs,-43.633,172.417,30,34,10,37,11,11,38,11,11,9,33,10,10,8,6,24,7,7,6,4,3,16,5,5,4,3,2,1,10,3,3,2,2,1,1,1,6,2,2,1,1,1,1,0,0,4,1,1,1,1,0,0,0,0,0,3,1,1,1,1,0,0,0,0,0,0
CT00086,Stratford,-39.3370781,174.2838238,83,94,28,103,30,31,107,32,32,25,92,27,27,22,16,68,20,20,16,12,8,46,13,14,11,8,5,4,29,9,9,7,5,3,2,2,17,5,5,4,3,2,1,1,1,10,3,3,2,2,1,1,1,0,0,10,3,3,2,2,1,1,1,0,0,0
CT00087,Taieri,-45.887,170.2335,93,106,31,116,34,34,120,35,36,28,104,31,31,24,18,76,23,23,18,13,9,51,15,15,12,9,6,4,33,10,10,8,6,4,3,2,19,6,6,5,3,2,2,1,1,11,3,3,3,2,1,1,1,0,0,11,3,3,3,2,1,1,1,0,0,0
CT00088,Takaka,-40.85085138,172.8070275,30,34,10,37,11,11,39,11,12,9,34,10,10,8,6,25,7,7,6,4,3,17,5,5,4,3,2,1,11,3,3,2,2,1,1,1,6,2,2,1,1,1,1,0,0,4,1,1,1,1,0,0,0,0,0,4,1,1,1,1,0,0,0,0,0,0
CT00089,Taranaki,-39.3,174.133333,79,90,27,98,29,29,102,30,30,24,88,26,26,21,15,65,19,19,15,11,8,44,13,13,10,7,5,4,28,8,8,6,5,3,2,2,16,5,5,4,3,2,1,1,1,10,3,3,2,2,1,1,1,0,0,9,3,3,2,2,1,1,1,0,0,0
CT00090,Tauranga,-37.68611,176.16667,74,84,25,92,27,27,96,28,28,22,82,24,25,19,14,61,18,18,14,10,7,41,12,12,10,7,5,3,26,8,8,6,4,3,2,2,15,5,5,4,3,2,1,1,1,9,3,3,2,2,1,1,1,0,0,9,3,3,2,1,1,1,1,0,0,0
CT00091,Tawera,-43.3371994,171.9269209,15,17,5,18,5,5,19,6,6,4,16,5,5,4,3,12,4,4,3,2,1,8,2,2,2,1,1,1,5,2,2,1,1,1,0,0,3,1,1,1,1,0,0,0,0,2,1,1,0,0,0,0,0,0,0,2,1,1,0,0,0,0,0,0,0,0
CT00092,Thames,-37.13633279,175.5358312,28,32,9,35,10,10,36,11,11,8,31,9,9,7,5,23,7,7,5,4,3,16,5,5,4,3,2,1,10,3,3,2,2,1,1,1,6,2,2,1,1,1,0,0,0,3,1,1,1,1,0,0,0,0,0,3,1,1,1,1,0,0,0,0,0,0
CT00093,Tuapeka,-45.913,169.688,81,92,27,100,30,30,104,31,31,24,90,27,27,21,15,66,20,20,15,11,8,44,13,13,10,8,5,4,28,8,8,7,5,3,2,2,17,5,5,4,3,2,1,1,1,10,3,3,2,2,1,1,1,0,0,10,3,3,2,2,1,1,1,0,0,0
CT00094,Uawa,-38.371667,178.296917,16,18,5,19,6,6,20,6,6,5,17,5,5,4,3,13,4,4,3,2,2,9,3,3,2,1,1,1,5,2,2,1,1,1,0,0,3,1,1,1,1,0,0,0,0,2,1,1,0,0,0,0,0,0,0,2,1,1,0,0,0,0,0,0,0,0
CT00095,Vincent,-45.52,169.46,63,71,21,78,23,23,81,24,24,19,70,21,21,16,12,51,15,15,12,9,6,34,10,10,8,6,4,3,22,6,7,5,4,3,2,1,13,4,4,3,2,2,1,1,1,8,2,2,2,1,1,1,0,0,0,7,2,2,2,1,1,1,0,0,0,0
CT00096,Waiapu,-38.055833,178.305278,29,33,10,35,10,11,37,11,11,9,32,9,9,7,5,23,7,7,5,4,3,16,5,5,4,3,2,1,10,3,3,2,2,1,1,1,6,2,2,1,1,1,1,0,0,3,1,1,1,1,0,0,0,0,0,3,1,1,1,1,0,0,0,0,0,0
CT00097,Waihemo,-45.383,170.633,23,26,8,29,8,9,30,9,9,7,26,8,8,6,4,19,6,6,4,3,2,13,4,4,3,2,2,1,8,2,2,2,1,1,1,0,5,1,1,1,1,1,0,0,0,3,1,1,1,0,0,0,0,0,0,3,1,1,1,0,0,0,0,0,0,0
CT00098,Waikato,-37.6190862,175.023346,126,144,42,157,46,47,163,48,48,38,141,41,42,33,24,103,31,31,24,18,12,70,21,21,16,12,8,6,44,13,13,10,8,5,4,3,26,8,8,6,4,3,2,2,1,15,4,5,4,3,2,1,1,1,0,15,4,4,3,3,2,1,1,1,0,1
CT00099,Waikohu,-38.466667,177.866667,54,62,18,67,20,20,70,21,21,16,60,18,18,14,10,44,13,13,10,8,5,30,9,9,7,5,4,3,19,6,6,4,3,2,2,1,11,3,3,3,2,1,1,1,0,7,2,2,2,1,1,1,0,0,0,6,2,2,1,1,1,1,0,0,0,0
CT00100,Waikouaiti,-45.60014881,170.4716171,68,78,23,85,25,25,88,26,26,21,76,22,23,18,13,56,16,17,13,9,7,38,11,11,9,6,4,3,24,7,7,6,4,3,2,1,14,4,4,3,2,2,1,1,1,8,2,2,2,1,1,1,0,0,0,8,2,2,2,1,1,1,0,0,0,0
CT00101,Waimairi,-43.482,172.719,220,250,74,273,80,81,283,84,84,66,245,72,73,57,42,180,53,54,42,31,21,121,36,36,28,21,14,10,77,23,23,18,13,9,7,5,46,13,14,11,8,5,4,3,2,27,8,8,6,5,3,2,2,1,1,26,8,8,6,4,3,2,2,1,1,1
CT00102,Waimarino,-39.4,175.3,52,59,18,65,19,19,67,20,20,16,58,17,17,14,10,43,13,13,10,7,5,29,8,9,7,5,3,2,18,5,5,4,3,2,2,1,11,3,3,3,2,1,1,1,0,6,2,2,1,1,1,1,0,0,0,6,2,2,1,1,1,1,0,0,0,0
CT00103,Waimate,-44.7328091,171.0471354,120,136,40,148,44,44,154,45,46,36,133,39,40,31,23,98,29,29,23,17,12,66,19,20,15,11,8,6,42,12,12,10,7,5,4,2,25,7,7,6,4,3,2,1,1,14,4,4,3,2,2,1,1,1,0,14,4,4,3,2,2,1,1,1,0,1
CT00104,Waimate West,-39.5513,174.1281,38,43,13,47,14,14,49,14,14,11,42,12,12,10,7,31,9,9,7,5,4,21,6,6,5,4,2,2,13,4,4,3,2,2,1,1,8,2,2,2,1,1,1,0,0,5,1,1,1,1,1,0,0,0,0,4,1,1,1,1,1,0,0,0,0,0
CT00105,Waimea,-41.33333,173.183333,145,165,49,180,53,54,187,55,56,44,161,48,48,38,27,119,35,35,28,20,14,80,24,24,19,14,10,7,51,15,15,12,9,6,4,3,30,9,9,7,5,4,3,2,1,17,5,5,4,3,2,1,1,1,0,17,5,5,4,3,2,1,1,1,0,1
CT00106,Waipa,-37.986,175.421,125,142,42,155,46,46,161,48,48,38,139,41,41,32,24,102,30,30,24,17,12,69,20,20,16,12,8,6,44,13,13,10,7,5,4,3,26,8,8,6,4,3,2,2,1,15,4,4,4,3,2,1,1,1,0,15,4,4,3,3,2,1,1,1,0,1
CT00107,Waipara,-43.0666664,172.749997,38,43,13,47,14,14,49,14,15,11,42,13,13,10,7,31,9,9,7,5,4,21,6,6,5,4,2,2,13,4,4,3,2,2,1,1,8,2,2,2,1,1,1,0,0,5,1,1,1,1,1,0,0,0,0,4,1,1,1,1,1,0,0,0,0,0
CT00108,Waipawa,-39.93989024,176.5908838,54,61,18,66,20,20,69,20,21,16,60,18,18,14,10,44,13,13,10,7,5,29,9,9,7,5,4,2,19,6,6,4,3,2,2,1,11,3,3,3,2,1,1,1,0,6,2,2,2,1,1,1,0,0,0,6,2,2,1,1,1,1,0,0,0,0
CT00109,Waipukurau,-39.99629318,176.5539761,16,19,6,20,6,6,21,6,6,5,18,5,5,4,3,13,4,4,3,2,2,9,3,3,2,2,1,1,6,2,2,1,1,1,0,0,3,1,1,1,1,0,0,0,0,2,1,1,0,0,0,0,0,0,0,2,1,1,0,0,0,0,0,0,0,0
CT00110,Wairarapa South,-41.356,175.372,48,54,16,59,17,18,61,18,18,14,53,16,16,12,9,39,12,12,9,7,5,26,8,8,6,4,3,2,17,5,5,4,3,2,1,1,10,3,3,2,2,1,1,1,0,6,2,2,1,1,1,0,0,0,0,6,2,2,1,1,1,0,0,0,0,0
CT00111,Wairewa,-43.805,172.7407,16,19,6,20,6,6,21,6,6,5,18,5,5,4,3,13,4,4,3,2,2,9,3,3,2,2,1,1,6,2,2,1,1,1,0,0,3,1,1,1,1,0,0,0,0,2,1,1,0,0,0,0,0,0,0,2,1,1,0,0,0,0,0,0,0,0
CT00112,Wairoa,-39.03333,177.36667,40,45,13,50,15,15,51,15,15,12,44,13,13,10,8,33,10,10,8,6,4,22,6,7,5,4,3,2,14,4,4,3,2,2,1,1,8,2,2,2,1,1,1,0,0,5,1,1,1,1,1,0,0,0,0,5,1,1,1,1,1,0,0,0,0,0
CT00113,Waitaki,-44.926,170.635,169,193,57,210,62,62,218,64,65,51,188,56,56,44,32,139,41,41,32,24,16,93,27,28,22,16,11,8,59,17,18,14,10,7,5,4,35,10,10,8,6,4,3,2,1,20,6,6,5,3,2,2,1,1,1,20,6,6,5,3,2,2,1,1,1,1
CT00114,Waitemata,-36.75,174.67,144,164,48,179,53,53,186,55,55,43,161,47,48,38,27,118,35,35,28,20,14,79,23,24,19,14,9,7,51,15,15,12,9,6,4,3,30,9,9,7,5,4,3,2,1,17,5,5,4,3,2,1,1,1,0,17,5,5,4,3,2,1,1,1,0,1
CT00115,Waitomo,-38.2615305,175.1145451,102,116,34,126,37,38,131,39,39,31,113,33,34,26,19,83,25,25,19,14,10,56,17,17,13,10,7,5,36,11,11,8,6,4,3,2,21,6,6,5,4,3,2,1,1,12,4,4,3,2,1,1,1,1,0,12,4,4,3,2,1,1,1,1,0,0
CT00116,Waitotara,-39.805833,174.734444,44,50,15,55,16,16,57,17,17,13,49,14,15,11,8,36,11,11,8,6,4,24,7,7,6,4,3,2,15,5,5,4,3,2,1,1,9,3,3,2,2,1,1,1,0,5,2,2,1,1,1,0,0,0,0,5,2,2,1,1,1,0,0,0,0,0
CT00117,Wallace,-45.85,167.78,145,165,49,180,53,53,187,55,56,44,161,48,48,38,27,119,35,35,28,20,14,80,24,24,19,14,9,7,51,15,15,12,9,6,4,3,30,9,9,7,5,4,3,2,1,17,5,5,4,3,2,1,1,1,0,17,5,5,4,3,2,1,1,1,0,1
CT00118,Wanganui,-39.9333,175.05,42,48,14,52,15,15,54,16,16,13,47,14,14,11,8,34,10,10,8,6,4,23,7,7,5,4,3,2,15,4,4,3,2,2,1,1,9,3,3,2,1,1,1,1,0,5,1,2,1,1,1,0,0,0,0,5,1,1,1,1,1,0,0,0,0,0
CT00119,Weber,-40.4,176.317,7,8,2,9,3,3,9,3,3,2,8,2,2,2,1,6,2,2,1,1,1,4,1,1,1,1,0,0,2,1,1,1,0,0,0,0,1,0,0,0,0,0,0,0,0,1,0,0,0,0,0,0,0,0,0,1,0,0,0,0,0,0,0,0,0,0
CT00120,West Taupo,-38.92,175.75,49,56,16,61,18,18,63,19,19,15,55,16,16,13,9,40,12,12,9,7,5,27,8,8,6,5,3,2,17,5,5,4,3,2,1,1,10,3,3,2,2,1,1,1,0,6,2,2,1,1,1,1,0,0,0,6,2,2,1,1,1,0,0,0,0,0
CT00121,Westland,-43.431,170.155,69,78,23,85,25,25,88,26,26,21,76,23,23,18,13,56,17,17,13,10,7,38,11,11,9,6,4,3,24,7,7,6,4,3,2,1,14,4,4,3,2,2,1,1,1,8,2,2,2,1,1,1,0,0,0,8,2,2,2,1,1,1,0,0,0,0
CT00122,Whakatane,-37.95855,176.98545,50,57,17,62,18,19,65,19,19,15,56,16,17,13,9,41,12,12,10,7,5,28,8,8,6,5,3,2,18,5,5,4,3,2,1,1,10,3,3,2,2,1,1,1,0,6,2,2,1,1,1,1,0,0,0,6,2,2,1,1,1,1,0,0,0,0
CT00123,Whangamomona,-39.14524461,174.7387759,21,24,7,26,8,8,27,8,8,6,23,7,7,5,4,17,5,5,4,3,2,12,3,3,3,2,1,1,7,2,2,2,1,1,1,0,4,1,1,1,1,1,0,0,0,3,1,1,1,0,0,0,0,0,0,2,1,1,1,0,0,0,0,0,0,0
CT00124,Whangarei,-35.73167,174.32391,143,163,48,177,52,53,184,54,55,43,159,47,47,37,27,117,35,35,27,20,14,79,23,23,18,13,9,7,50,15,15,12,9,6,4,3,30,9,9,7,5,4,3,2,1,17,5,5,4,3,2,1,1,1,0,17,5,5,4,3,2,1,1,1,0,1
CT00125,Whangaroa,-35.05205502,173.7434618,14,16,5,18,5,5,19,5,6,4,16,5,5,4,3,12,3,4,3,2,1,8,2,2,2,1,1,1,5,1,1,1,1,1,0,0,3,1,1,1,1,0,0,0,0,2,1,1,0,0,0,0,0,0,0,2,1,1,0,0,0,0,0,0,0,0
CT00126,Woodville,-40.33773576,175.8669028,30,34,10,37,11,11,38,11,11,9,33,10,10,8,6,24,7,7,6,4,3,16,5,5,4,3,2,1,10,3,3,2,2,1,1,1,6,2,2,1,1,1,1,0,0,4,1,1,1,1,0,0,0,0,0,3,1,1,1,1,0,0,0,0,0,0
BR00001,Akaroa,-43.80467,172.966667,10,11,3,13,4,4,13,4,4,3,11,3,3,3,2,8,2,2,2,1,1,6,2,2,1,1,1,0,4,1,1,1,1,0,0,0,2,1,1,0,0,0,0,0,0,1,0,0,0,0,0,0,0,0,0,1,0,0,0,0,0,0,0,0,0,0
BR00002,Alexandra,-45.24917,169.37972,11,13,4,14,4,4,15,4,4,3,13,4,4,3,2,9,3,3,2,2,1,6,2,2,1,1,1,1,4,1,1,1,1,0,0,0,2,1,1,1,0,0,0,0,0,1,0,0,0,0,0,0,0,0,0,1,0,0,0,0,0,0,0,0,0,0
BR00003,Arrowtown,-44.9425,168.83583,5,6,2,6,2,2,7,2,2,2,6,2,2,1,1,4,1,1,1,1,1,3,1,1,1,0,0,0,2,1,1,0,0,0,0,0,1,0,0,0,0,0,0,0,0,1,0,0,0,0,0,0,0,0,0,1,0,0,0,0,0,0,0,0,0,0
BR00004,Ashburton,-43.90556,171.74556,79,90,27,98,29,29,102,30,30,24,88,26,26,21,15,65,19,19,15,11,8,44,13,13,10,7,5,4,28,8,8,6,5,3,2,2,16,5,5,4,3,2,1,1,1,10,3,3,2,2,1,1,1,0,0,9,3,3,2,2,1,1,1,0,0,0
BR00005,Auckland,-36.86667,174.76667,1322,1504,444,1638,483,488,1703,502,507,398,1470,434,438,343,250,1082,319,322,253,184,129,727,215,216,170,124,87,62,462,136,138,108,79,55,39,27,274,81,81,64,47,33,23,16,11,159,47,47,37,27,19,13,9,7,4,156,46,46,36,27,19,13,9,7,4,6
BR00006,Balclutha,-46.233,169.75,24,28,8,30,9,9,31,9,9,7,27,8,8,6,5,20,6,6,5,3,2,13,4,4,3,2,2,1,9,3,3,2,1,1,1,1,5,1,2,1,1,1,0,0,0,3,1,1,1,0,0,0,0,0,0,3,1,1,1,0,0,0,0,0,0,0
BR00007,Birkenhead,-36.80749,174.723051,41,46,14,50,15,15,52,15,16,12,45,13,13,11,8,33,10,10,8,6,4,22,7,7,5,4,3,2,14,4,4,3,2,2,1,1,8,2,2,2,1,1,1,0,0,5,1,1,1,1,1,0,0,0,0,5,1,1,1,1,1,0,0,0,0,0
BR00008,Blenheim,-41.514,173.96,72,81,24,89,26,26,92,27,27,22,80,23,24,19,14,59,17,17,14,10,7,39,12,12,9,7,5,3,25,7,7,6,4,3,2,1,15,4,4,3,3,2,1,1,1,9,3,3,2,1,1,1,1,0,0,8,2,3,2,1,1,1,0,0,0,0
BR00009,Bluff,-46.6,168.333,26,30,9,32,10,10,34,10,10,8,29,9,9,7,5,21,6,6,5,4,3,14,4,4,3,2,2,1,9,3,3,2,2,1,1,1,5,2,2,1,1,1,0,0,0,3,1,1,1,1,0,0,0,0,0,3,1,1,1,1,0,0,0,0,0,0
BR00010,Brunner,-42.4325,171.32278,9,10,3,11,3,3,11,3,3,3,10,3,3,2,2,7,2,2,2,1,1,5,1,1,1,1,1,0,3,1,1,1,1,0,0,0,2,1,1,0,0,0,0,0,0,1,0,0,0,0,0,0,0,0,0,1,0,0,0,0,0,0,0,0,0,0
BR00011,Cambridge,-37.87822,175.4402,34,38,11,42,12,12,43,13,13,10,37,11,11,9,6,28,8,8,6,5,3,18,5,6,4,3,2,2,12,3,3,3,2,1,1,1,7,2,2,2,1,1,1,0,0,4,1,1,1,1,0,0,0,0,0,4,1,1,1,1,0,0,0,0,0,0
BR00012,Carterton,-41.025,175.5275,27,31,9,34,10,10,35,10,10,8,30,9,9,7,5,22,7,7,5,4,3,15,4,4,3,3,2,1,10,3,3,2,2,1,1,1,6,2,2,1,1,1,0,0,0,3,1,1,1,1,0,0,0,0,0,3,1,1,1,1,0,0,0,0,0,0
BR00013,Christchurch,-43.55,172.6667,1104,1257,371,1369,404,407,1423,420,424,332,1228,362,366,287,209,904,267,269,211,154,108,608,179,181,142,103,72,52,386,114,115,90,66,46,33,23,229,67,68,53,39,27,19,14,10,133,39,40,31,23,16,11,8,6,4,130,38,39,30,22,15,11,8,5,3,5
BR00014,Cromwell,-45.045944,169.19556,10,11,3,12,4,4,13,4,4,3,11,3,3,3,2,8,2,2,2,1,1,6,2,2,1,1,1,0,4,1,1,1,1,0,0,0,2,1,1,0,0,0,0,0,0,1,0,0,0,0,0,0,0,0,0,1,0,0,0,0,0,0,0,0,0,0
BR00015,Dannevirke,-40.20611,176.09944,64,73,21,79,23,24,82,24,25,19,71,21,21,17,12,52,15,16,12,9,6,35,10,10,8,6,4,3,22,7,7,5,4,3,2,1,13,4,4,3,2,2,1,1,1,8,2,2,2,1,1,1,0,0,0,8,2,2,2,1,1,1,0,0,0,0
BR00016,Dargaville,-35.93833,173.87167,33,38,11,41,12,12,43,13,13,10,37,11,11,9,6,27,8,8,6,5,3,18,5,5,4,3,2,2,12,3,3,3,2,1,1,1,7,2,2,2,1,1,1,0,0,4,1,1,1,1,0,0,0,0,0,4,1,1,1,1,0,0,0,0,0,0
BR00017,Devonport,-36.831667,174.796278,142,161,48,176,52,52,183,54,54,43,158,47,47,37,27,116,34,35,27,20,14,78,23,23,18,13,9,7,50,15,15,12,8,6,4,3,29,9,9,7,5,3,2,2,1,17,5,5,4,3,2,1,1,1,0,17,5,5,4,3,2,1,1,1,0,1
BR00018,Dunedin,-45.87416,170.50361,961,1094,323,1192,351,355,1239,365,369,289,1069,315,318,250,182,787,232,234,184,134,94,529,156,157,124,90,63,45,336,99,100,79,57,40,28,20,199,59,59,46,34,24,17,12,8,116,34,34,27,20,14,10,7,5,3,113,33,34,26,19,13,10,7,5,3,4
BR00019,Eastbourne,-41.3,174.9,23,26,8,28,8,8,29,9,9,7,25,8,8,6,4,19,6,6,4,3,2,13,4,4,3,2,1,1,8,2,2,2,1,1,1,0,5,1,1,1,1,1,0,0,0,3,1,1,1,0,0,0,0,0,0,3,1,1,1,0,0,0,0,0,0,0
BR00020,Eketahuna,-40.647,175.704,15,17,5,18,5,5,19,6,6,4,16,5,5,4,3,12,4,4,3,2,1,8,2,2,2,1,1,1,5,2,2,1,1,1,0,0,3,1,1,1,1,0,0,0,0,2,1,1,0,0,0,0,0,0,0,2,1,1,0,0,0,0,0,0,0,0
BR00021,Eltham,-39.42972,174.29917,33,38,11,41,12,12,43,13,13,10,37,11,11,9,6,27,8,8,6,5,3,18,5,5,4,3,2,2,12,3,3,3,2,1,1,1,7,2,2,2,1,1,1,0,0,4,1,1,1,1,0,0,0,0,0,4,1,1,1,1,0,0,0,0,0,0
BR00022,Featherston,-41.117,175.317,17,20,6,21,6,6,22,7,7,5,19,6,6,4,3,14,4,4,3,2,2,9,3,3,2,2,1,1,6,2,2,1,1,1,1,0,4,1,1,1,1,0,0,0,0,2,1,1,0,0,0,0,0,0,0,2,1,1,0,0,0,0,0,0,0,0
BR00023,Feilding,-40.216667,175.566667,74,84,25,91,27,27,95,28,28,22,82,24,24,19,14,60,18,18,14,10,7,40,12,12,9,7,5,3,26,8,8,6,4,3,2,2,15,4,5,4,3,2,1,1,1,9,3,3,2,2,1,1,1,0,0,9,3,3,2,1,1,1,1,0,0,0
BR00024,Foxton,-40.47167,175.28583,28,31,9,34,10,10,36,10,11,8,31,9,9,7,5,23,7,7,5,4,3,15,4,5,4,3,2,1,10,3,3,2,2,1,1,1,6,2,2,1,1,1,0,0,0,3,1,1,1,1,0,0,0,0,0,3,1,1,1,1,0,0,0,0,0,0
BR00025,Geraldine,-44.09028,171.24333,16,18,5,20,6,6,20,6,6,5,18,5,5,4,3,13,4,4,3,2,2,9,3,3,2,1,1,1,6,2,2,1,1,1,0,0,3,1,1,1,1,0,0,0,0,2,1,1,0,0,0,0,0,0,0,2,1,1,0,0,0,0,0,0,0,0
BR00026,Gisborne,-38.6625,178.017778,176,200,59,218,64,65,226,67,67,53,195,58,58,46,33,144,42,43,34,24,17,97,29,29,23,16,12,8,61,18,18,14,10,7,5,4,36,11,11,8,6,4,3,2,2,21,6,6,5,4,3,2,1,1,1,21,6,6,5,4,2,2,1,1,1,1
BR00027,Gore,-46.09917,168.94639,61,69,20,75,22,22,78,23,23,18,67,20,20,16,11,50,15,15,12,8,6,33,10,10,8,6,4,3,21,6,6,5,4,3,2,1,13,4,4,3,2,1,1,1,1,7,2,2,2,1,1,1,0,0,0,7,2,2,2,1,1,1,0,0,0,0
BR00028,Green Island,-45.90278,170.43056,32,37,11,40,12,12,42,12,12,10,36,11,11,8,6,26,8,8,6,4,3,18,5,5,4,3,2,2,11,3,3,3,2,1,1,1,7,2,2,2,1,1,1,0,0,4,1,1,1,1,0,0,0,0,0,4,1,1,1,1,0,0,0,0,0,0
BR00029,Greymouth,-42.45,171.2075,82,93,27,101,30,30,105,31,31,25,91,27,27,21,15,67,20,20,16,11,8,45,13,13,11,8,5,4,29,8,9,7,5,3,2,2,17,5,5,4,3,2,1,1,1,10,3,3,2,2,1,1,1,0,0,10,3,3,2,2,1,1,1,0,0,0
BR00030,Greytown,-41.08,175.461,20,22,7,24,7,7,25,8,8,6,22,6,7,5,4,16,5,5,4,3,2,11,3,3,3,2,1,1,7,2,2,2,1,1,1,0,4,1,1,1,1,0,0,0,0,2,1,1,1,0,0,0,0,0,0,2,1,1,1,0,0,0,0,0,0,0
BR00031,Hamilton,-37.783,175.283,188,213,63,233,69,69,242,71,72,56,209,62,62,49,35,154,45,46,36,26,18,103,30,31,24,18,12,9,66,19,20,15,11,8,6,4,39,11,12,9,7,5,3,2,2,23,7,7,5,4,3,2,1,1,1,22,7,7,5,4,3,2,1,1,1,1
BR00032,Hampden,-45.32778,170.81667,5,6,2,7,2,2,7,2,2,2,6,2,2,1,1,4,1,1,1,1,1,3,1,1,1,1,0,0,2,1,1,0,0,0,0,0,1,0,0,0,0,0,0,0,0,1,0,0,0,0,0,0,0,0,0,1,0,0,0,0,0,0,0,0,0,0
BR00033,Hastings,-39.6381,176.84918,148,169,50,184,54,55,191,56,57,45,165,49,49,39,28,121,36,36,28,21,14,82,24,24,19,14,10,7,52,15,15,12,9,6,4,3,31,9,9,7,5,4,3,2,1,18,5,5,4,3,2,2,1,1,0,17,5,5,4,3,2,1,1,1,0,1
BR00034,Hawera,-39.59167,174.28333,68,78,23,85,25,25,88,26,26,21,76,22,23,18,13,56,17,17,13,10,7,38,11,11,9,6,4,3,24,7,7,6,4,3,2,1,14,4,4,3,2,2,1,1,1,8,2,2,2,1,1,1,0,0,0,8,2,2,2,1,1,1,0,0,0,0
BR00035,Hokitika,-42.71667,170.96667,36,41,12,45,13,13,47,14,14,11,40,12,12,9,7,30,9,9,7,5,4,20,6,6,5,3,2,2,13,4,4,3,2,2,1,1,8,2,2,2,1,1,1,0,0,4,1,1,1,1,1,0,0,0,0,4,1,1,1,1,1,0,0,0,0,0
BR00036,Inglewood,-39.15824,174.1802,19,22,6,24,7,7,25,7,7,6,21,6,6,5,4,16,5,5,4,3,2,11,3,3,2,2,1,1,7,2,2,2,1,1,1,0,4,1,1,1,1,0,0,0,0,2,1,1,1,0,0,0,0,0,0,2,1,1,1,0,0,0,0,0,0,0
BR00037,Invercargill,-46.4132,168.3538,251,286,84,311,92,93,324,96,96,76,279,82,83,65,48,206,61,61,48,35,24,138,41,41,32,24,16,12,88,26,26,21,15,10,7,5,52,15,15,12,9,6,4,3,2,30,9,9,7,5,4,3,2,1,1,30,9,9,7,5,4,3,2,1,1,1
BR00038,Invercargill South,-46.425,168.35,30,34,10,38,11,11,39,12,12,9,34,10,10,8,6,25,7,7,6,4,3,17,5,5,4,3,2,1,11,3,3,2,2,1,1,1,6,2,2,1,1,1,1,0,0,4,1,1,1,1,0,0,0,0,0,4,1,1,1,1,0,0,0,0,0,0
BR00039,Kaiapoi,-43.37832,172.64013,28,31,9,34,10,10,36,11,11,8,31,9,9,7,5,23,7,7,5,4,3,15,4,5,4,3,2,1,10,3,3,2,2,1,1,1,6,2,2,1,1,1,0,0,0,3,1,1,1,1,0,0,0,0,0,3,1,1,1,1,0,0,0,0,0,0
BR00040,Kaitangata,-46.275,169.85,28,32,10,35,10,11,37,11,11,9,32,9,9,7,5,23,7,7,5,4,3,16,5,5,4,3,2,1,10,3,3,2,2,1,1,1,6,2,2,1,1,1,0,0,0,3,1,1,1,1,0,0,0,0,0,3,1,1,1,1,0,0,0,0,0,0
BR00041,Kumara,-42.63111,171.18694,8,9,3,10,3,3,10,3,3,2,9,3,3,2,2,7,2,2,2,1,1,4,1,1,1,1,1,0,3,1,1,1,0,0,0,0,2,0,0,0,0,0,0,0,0,1,0,0,0,0,0,0,0,0,0,1,0,0,0,0,0,0,0,0,0,0
BR00042,Lawrence,-45.913,169.689,12,13,4,14,4,4,15,4,4,4,13,4,4,3,2,10,3,3,2,2,1,6,2,2,2,1,1,1,4,1,1,1,1,0,0,0,2,1,1,1,0,0,0,0,0,1,0,0,0,0,0,0,0,0,0,1,0,0,0,0,0,0,0,0,0,0
BR00043,Levin,-40.63333,175.275,32,37,11,40,12,12,42,12,12,10,36,11,11,8,6,27,8,8,6,5,3,18,5,5,4,3,2,2,11,3,3,3,2,1,1,1,7,2,2,2,1,1,1,0,0,4,1,1,1,1,0,0,0,0,0,4,1,1,1,1,0,0,0,0,0,0
BR00044,Lower Hutt,-41.21667,174.91667,93,106,31,115,34,34,120,35,36,28,103,31,31,24,18,76,22,23,18,13,9,51,15,15,12,9,6,4,33,10,10,8,6,4,3,2,19,6,6,4,3,2,2,1,1,11,3,3,3,2,1,1,1,0,0,11,3,3,3,2,1,1,1,0,0,0
BR00045,Lyttelton,-43.526945,172.632377,62,70,21,77,23,23,80,24,24,19,69,20,20,16,12,51,15,15,12,9,6,34,10,10,8,6,4,3,22,6,6,5,4,3,2,1,13,4,4,3,2,2,1,1,1,7,2,2,2,1,1,1,0,0,0,7,2,2,2,1,1,1,0,0,0,0
BR00046,Marton,-40.06917,175.37833,42,48,14,53,16,16,55,16,16,13,47,14,14,11,8,35,10,10,8,6,4,23,7,7,5,4,3,2,15,4,4,3,3,2,1,1,9,3,3,2,1,1,1,1,0,5,2,2,1,1,1,0,0,0,0,5,1,1,1,1,1,0,0,0,0,0
BR00047,Masterton,-40.95972,175.6575,127,145,43,158,47,47,164,48,49,38,141,42,42,33,24,104,31,31,24,18,12,70,21,21,16,12,8,6,44,13,13,10,8,5,4,3,26,8,8,6,4,3,2,2,1,15,5,5,4,3,2,1,1,1,0,15,4,4,4,3,2,1,1,1,0,1
BR00048,Mataura,-46.183,168.867,19,22,6,24,7,7,25,7,7,6,21,6,6,5,4,16,5,5,4,3,2,10,3,3,2,2,1,1,7,2,2,2,1,1,1,0,4,1,1,1,1,0,0,0,0,2,1,1,1,0,0,0,0,0,0,2,1,1,1,0,0,0,0,0,0,0
BR00049,Milton,-46.12083,169.96944,22,26,8,28,8,8,29,9,9,7,25,7,7,6,4,18,5,5,4,3,2,12,4,4,3,2,1,1,8,2,2,2,1,1,1,0,5,1,1,1,1,1,0,0,0,3,1,1,1,0,0,0,0,0,0,3,1,1,1,0,0,0,0,0,0,0
BR00050,Morrinsville,-37.65,175.517,22,25,7,27,8,8,28,8,8,7,24,7,7,6,4,18,5,5,4,3,2,12,4,4,3,2,1,1,8,2,2,2,1,1,1,0,4,1,1,1,1,1,0,0,0,3,1,1,1,0,0,0,0,0,0,3,1,1,1,0,0,0,0,0,0,0
BR00051,Mosgiel,-45.875,170.347,29,33,10,36,11,11,38,11,11,9,32,10,10,8,6,24,7,7,6,4,3,16,5,5,4,3,2,1,10,3,3,2,2,1,1,1,6,2,2,1,1,1,1,0,0,4,1,1,1,1,0,0,0,0,0,3,1,1,1,1,0,0,0,0,0,0
BR00052,Motueka,-41.12333,173.01472,24,28,8,30,9,9,31,9,9,7,27,8,8,6,5,20,6,6,5,3,2,13,4,4,3,2,2,1,8,2,3,2,1,1,1,1,5,1,1,1,1,1,0,0,0,3,1,1,1,0,0,0,0,0,0,3,1,1,1,0,0,0,0,0,0,0
BR00053,Mount Albert,-36.884,174.716,183,209,62,227,67,68,236,70,70,55,204,60,61,48,35,150,44,45,35,26,18,101,30,30,24,17,12,9,64,19,19,15,11,8,5,4,38,11,11,9,6,5,3,2,2,22,7,7,5,4,3,2,1,1,1,22,6,6,5,4,3,2,1,1,1,1
BR00054,Mount Eden,-36.88158,174.76204,237,269,79,293,87,87,305,90,91,71,263,78,78,62,45,194,57,58,45,33,23,130,38,39,30,22,15,11,83,24,25,19,14,10,7,5,49,14,15,11,8,6,4,3,2,29,8,8,7,5,3,2,2,1,1,28,8,8,7,5,3,2,2,1,1,1
BR00055,Napier,-39.4926,176.91233,232,264,78,288,85,86,299,88,89,70,258,76,77,60,44,190,56,57,44,32,23,128,38,38,30,22,15,11,81,24,24,19,14,10,7,5,48,14,14,11,8,6,4,3,2,28,8,8,7,5,3,2,2,1,1,27,8,8,6,5,3,2,2,1,1,1
BR00056,Naseby,-45.016667,170.133333,4,4,1,5,1,1,5,1,1,1,4,1,1,1,1,3,1,1,1,1,0,2,1,1,0,0,0,0,1,0,0,0,0,0,0,0,1,0,0,0,0,0,0,0,0,0,0,0,0,0,0,0,0,0,0,0,0,0,0,0,0,0,0,0,0,0
BR00057,Nelson,-41.27078,173.28404,152,173,51,189,56,56,196,58,58,46,170,50,50,40,29,125,37,37,29,21,15,84,25,25,20,14,10,7,53,16,16,12,9,6,5,3,32,9,9,7,5,4,3,2,1,18,5,5,4,3,2,2,1,1,0,18,5,5,4,3,2,2,1,1,0,1
BR00058,New Brighton,-43.50962726,172.7303742,63,72,21,79,23,23,82,24,24,19,71,21,21,16,12,52,15,15,12,9,6,35,10,10,8,6,4,3,22,7,7,5,4,3,2,1,13,4,4,3,2,2,1,1,1,8,2,2,2,1,1,1,0,0,0,7,2,2,2,1,1,1,0,0,0,0
BR00059,New Plymouth,-39.055626,174.075226,188,214,63,233,69,69,242,71,72,57,209,62,62,49,36,154,45,46,36,26,18,103,31,31,24,18,12,9,66,19,20,15,11,8,6,4,39,11,12,9,7,5,3,2,2,23,7,7,5,4,3,2,1,1,1,22,7,7,5,4,3,2,1,1,1,1
BR00060,Newmarket,-36.869862,174.777578,50,57,17,62,18,18,64,19,19,15,56,16,17,13,9,41,12,12,10,7,5,28,8,8,6,5,3,2,17,5,5,4,3,2,1,1,10,3,3,2,2,1,1,1,0,6,2,2,1,1,1,1,0,0,0,6,2,2,1,1,1,0,0,0,0,0
BR00061,Ngaruawahia,-37.66738,175.15554,18,21,6,23,7,7,24,7,7,6,20,6,6,5,3,15,4,4,4,3,2,10,3,3,2,2,1,1,6,2,2,1,1,1,1,0,4,1,1,1,1,0,0,0,0,2,1,1,1,0,0,0,0,0,0,2,1,1,1,0,0,0,0,0,0,0
BR00062,Northcote,-36.805,174.744,33,38,11,41,12,12,43,13,13,10,37,11,11,9,6,27,8,8,6,5,3,18,5,5,4,3,2,2,12,3,3,3,2,1,1,1,7,2,2,2,1,1,1,0,0,4,1,1,1,1,0,0,0,0,0,4,1,1,1,1,0,0,0,0,0,0
BR00063,Oamaru,-45.09746,170.96911,95,108,32,118,35,35,122,36,36,29,106,31,31,25,18,78,23,23,18,13,9,52,15,16,12,9,6,4,33,10,10,8,6,4,3,2,20,6,6,5,3,2,2,1,1,11,3,3,3,2,1,1,1,0,0,11,3,3,3,2,1,1,1,0,0,0
BR00064,Ohakune,-39.41861,175.39944,25,29,8,31,9,9,32,10,10,8,28,8,8,7,5,21,6,6,5,3,2,14,4,4,3,2,2,1,9,3,3,2,1,1,1,1,5,2,2,1,1,1,0,0,0,3,1,1,1,1,0,0,0,0,0,3,1,1,1,1,0,0,0,0,0,0
BR00065,Onehunga,-36.9223,174.7838,114,130,38,142,42,42,147,44,44,34,127,38,38,30,22,94,28,28,22,16,11,63,19,19,15,11,7,5,40,12,12,9,7,5,3,2,24,7,7,6,4,3,2,1,1,14,4,4,3,2,2,1,1,1,0,13,4,4,3,2,2,1,1,1,0,1
BR00066,Opotiki,-38.00915,177.28706,18,21,6,23,7,7,24,7,7,6,20,6,6,5,3,15,4,4,4,3,2,10,3,3,2,2,1,1,6,2,2,1,1,1,1,0,4,1,1,1,1,0,0,0,0,2,1,1,1,0,0,0,0,0,0,2,1,1,1,0,0,0,0,0,0,0
BR00067,Otahuhu,-36.9382,174.84019,45,52,15,56,17,17,59,17,17,14,51,15,15,12,9,37,11,11,9,6,4,25,7,7,6,4,3,2,16,5,5,4,3,2,1,1,9,3,3,2,2,1,1,1,0,5,2,2,1,1,1,0,0,0,0,5,2,2,1,1,1,0,0,0,0,0
BR00068,Otaki,-40.75833,175.15,17,20,6,22,6,6,22,7,7,5,19,6,6,5,3,14,4,4,3,2,2,10,3,3,2,2,1,1,6,2,2,1,1,1,1,0,4,1,1,1,1,0,0,0,0,2,1,1,0,0,0,0,0,0,0,2,1,1,0,0,0,0,0,0,0,0
BR00069,Paeroa,-37.36667,175.66667,27,31,9,33,10,10,35,10,10,8,30,9,9,7,5,22,7,7,5,4,3,15,4,4,3,3,2,1,9,3,3,2,2,1,1,1,6,2,2,1,1,1,0,0,0,3,1,1,1,1,0,0,0,0,0,3,1,1,1,1,0,0,0,0,0,0
BR00070,Pahiatua,-40.45333,175.84083,22,25,7,27,8,8,28,8,8,7,24,7,7,6,4,18,5,5,4,3,2,12,4,4,3,2,1,1,8,2,2,2,1,1,1,0,5,1,1,1,1,1,0,0,0,3,1,1,1,0,0,0,0,0,0,3,1,1,1,0,0,0,0,0,0,0
BR00071,Palmerston,-45.484026,170.715265,13,15,4,16,5,5,17,5,5,4,15,4,4,3,3,11,3,3,3,2,1,7,2,2,2,1,1,1,5,1,1,1,1,1,0,0,3,1,1,1,0,0,0,0,0,2,0,0,0,0,0,0,0,0,0,2,0,0,0,0,0,0,0,0,0,0
BR00072,Palmerston North,-40.35636,175.61113,257,292,86,318,94,95,331,98,98,77,286,84,85,67,49,210,62,63,49,36,25,141,42,42,33,24,17,12,90,26,27,21,15,11,8,5,53,16,16,12,9,6,5,3,2,31,9,9,7,5,4,3,2,1,1,30,9,9,7,5,4,3,2,1,1,1
BR00073,Patea,-39.75722,174.47667,19,22,6,24,7,7,25,7,7,6,21,6,6,5,4,16,5,5,4,3,2,11,3,3,2,2,1,1,7,2,2,2,1,1,1,0,4,1,1,1,1,0,0,0,0,2,1,1,1,0,0,0,0,0,0,2,1,1,1,0,0,0,0,0,0,0
BR00074,Petone,-41.22166578,174.8734632,130,148,44,161,47,48,167,49,50,39,144,43,43,34,25,106,31,32,25,18,13,71,21,21,17,12,8,6,45,13,14,11,8,5,4,3,27,8,8,6,5,3,2,2,1,16,5,5,4,3,2,1,1,1,0,15,5,5,4,3,2,1,1,1,0,1
BR00075,Picton,-41.29067,174.00801,22,25,7,28,8,8,29,8,9,7,25,7,7,6,4,18,5,5,4,3,2,12,4,4,3,2,1,1,8,2,2,2,1,1,1,0,5,1,1,1,1,1,0,0,0,3,1,1,1,0,0,0,0,0,0,3,1,1,1,0,0,0,0,0,0,0
BR00076,Port Chalmers,-45.8178,170.6188,43,49,14,53,16,16,55,16,16,13,48,14,14,11,8,35,10,10,8,6,4,24,7,7,6,4,3,2,15,4,4,4,3,2,1,1,9,3,3,2,2,1,1,1,0,5,2,2,1,1,1,0,0,0,0,5,1,2,1,1,1,0,0,0,0,0
BR00077,Pukekohe,-37.2,174.95,30,34,10,38,11,11,39,12,12,9,34,10,10,8,6,25,7,7,6,4,3,17,5,5,4,3,2,1,11,3,3,2,2,1,1,1,6,2,2,1,1,1,1,0,0,4,1,1,1,1,0,0,0,0,0,4,1,1,1,1,0,0,0,0,0,0
BR00078,Queenstown,-45.03023,168.66271,12,14,4,15,5,5,16,5,5,4,14,4,4,3,2,10,3,3,2,2,1,7,2,2,2,1,1,1,4,1,1,1,1,1,0,0,3,1,1,1,0,0,0,0,0,1,0,0,0,0,0,0,0,0,0,1,0,0,0,0,0,0,0,0,0,0
BR00079,Rangiora,-43.30437,172.58356,33,38,11,41,12,12,43,13,13,10,37,11,11,9,6,27,8,8,6,5,3,18,5,5,4,3,2,2,12,3,3,3,2,1,1,1,7,2,2,2,1,1,1,0,0,4,1,1,1,1,0,0,0,0,0,4,1,1,1,1,0,0,0,0,0,0
BR00080,Riccarton,-43.52998,172.59744,53,61,18,66,20,20,69,20,20,16,59,18,18,14,10,44,13,13,10,7,5,29,9,9,7,5,3,2,19,6,6,4,3,2,2,1,11,3,3,3,2,1,1,1,0,6,2,2,2,1,1,1,0,0,0,6,2,2,1,1,1,1,0,0,0,0
BR00081,Richmond,-41.3333,173.183,17,19,6,21,6,6,22,6,6,5,19,6,6,4,3,14,4,4,3,2,2,9,3,3,2,2,1,1,6,2,2,1,1,1,1,0,4,1,1,1,1,0,0,0,0,2,1,1,0,0,0,0,0,0,0,2,1,1,0,0,0,0,0,0,0,0
BR00082,Riverton,-46.35,168.01667,14,16,5,17,5,5,18,5,5,4,15,5,5,4,3,11,3,3,3,2,1,8,2,2,2,1,1,1,5,1,1,1,1,1,0,0,3,1,1,1,0,0,0,0,0,2,0,0,0,0,0,0,0,0,0,2,0,0,0,0,0,0,0,0,0,0
BR00083,Ross,-42.89583,170.81417,8,9,3,9,3,3,10,3,3,2,8,2,3,2,1,6,2,2,1,1,1,4,1,1,1,1,0,0,3,1,1,1,0,0,0,0,2,0,0,0,0,0,0,0,0,1,0,0,0,0,0,0,0,0,0,1,0,0,0,0,0,0,0,0,0,0
BR00084,Rotorua,-38.13874,176.24516,63,72,21,79,23,23,82,24,24,19,71,21,21,16,12,52,15,15,12,9,6,35,10,10,8,6,4,3,22,7,7,5,4,3,2,1,13,4,4,3,2,2,1,1,1,8,2,2,2,1,1,1,0,0,0,7,2,2,2,1,1,1,0,0,0,0
BR00085,Roxburgh,-45.53905,169.3123,6,7,2,8,2,2,8,2,2,2,7,2,2,2,1,5,2,2,1,1,1,4,1,1,1,1,0,0,2,1,1,1,0,0,0,0,1,0,0,0,0,0,0,0,0,1,0,0,0,0,0,0,0,0,0,1,0,0,0,0,0,0,0,0,0,0
BR00086,Runanga,-42.4020632,171.2465516,20,23,7,25,7,7,26,8,8,6,22,7,7,5,4,17,5,5,4,3,2,11,3,3,3,2,1,1,7,2,2,2,1,1,1,0,4,1,1,1,1,0,0,0,0,2,1,1,1,0,0,0,0,0,0,2,1,1,1,0,0,0,0,0,0,0
BR00087,Shannon,-40.5472,175.4107,17,19,6,21,6,6,21,6,6,5,18,5,6,4,3,14,4,4,3,2,2,9,3,3,2,2,1,1,6,2,2,1,1,1,0,0,3,1,1,1,1,0,0,0,0,2,1,1,0,0,0,0,0,0,0,2,1,1,0,0,0,0,0,0,0,0
BR00088,St. Kilda,-45.9048,170.5009,101,115,34,125,37,37,130,38,39,30,112,33,33,26,19,82,24,25,19,14,10,55,16,16,13,9,7,5,35,10,10,8,6,4,3,2,21,6,6,5,4,2,2,1,1,12,4,4,3,2,1,1,1,1,0,12,4,4,3,2,1,1,1,0,0,0
BR00089,Stratford,-39.33708,174.28382,51,58,17,63,19,19,65,19,19,15,57,17,17,13,10,42,12,12,10,7,5,28,8,8,7,5,3,2,18,5,5,4,3,2,2,1,11,3,3,2,2,1,1,1,0,6,2,2,1,1,1,1,0,0,0,6,2,2,1,1,1,1,0,0,0,0
BR00090,Sumner,-43.57144,172.76447,49,55,16,60,18,18,63,18,19,15,54,16,16,13,9,40,12,12,9,7,5,27,8,8,6,5,3,2,17,5,5,4,3,2,1,1,10,3,3,2,2,1,1,1,0,6,2,2,1,1,1,0,0,0,0,6,2,2,1,1,1,0,0,0,0,0
BR00091,Taihape,-39.6777,175.7988055,34,39,11,42,12,13,44,13,13,10,38,11,11,9,6,28,8,8,7,5,3,19,6,6,4,3,2,2,12,4,4,3,2,1,1,1,7,2,2,2,1,1,1,0,0,4,1,1,1,1,0,0,0,0,0,4,1,1,1,1,0,0,0,0,0,0
BR00092,Takapuna,-36.787,174.772,63,72,21,78,23,23,81,24,24,19,70,21,21,16,12,52,15,15,12,9,6,35,10,10,8,6,4,3,22,7,7,5,4,3,2,1,13,4,4,3,2,2,1,1,1,8,2,2,2,1,1,1,0,0,0,7,2,2,2,1,1,1,0,0,0,0
BR00093,Tapanui,-45.94332,169.2605276,5,6,2,6,2,2,6,2,2,2,6,2,2,1,1,4,1,1,1,1,0,3,1,1,1,0,0,0,2,1,1,0,0,0,0,0,1,0,0,0,0,0,0,0,0,1,0,0,0,0,0,0,0,0,0,1,0,0,0,0,0,0,0,0,0,0
BR00094,Taumarunui,-38.8833,175.2666,35,40,12,43,13,13,45,13,13,10,39,11,12,9,7,29,8,8,7,5,3,19,6,6,4,3,2,2,12,4,4,3,2,1,1,1,7,2,2,2,1,1,1,0,0,4,1,1,1,1,0,0,0,0,0,4,1,1,1,1,0,0,0,0,0,0
BR00095,Tauranga,-37.68611,176.16667,36,41,12,45,13,13,47,14,14,11,40,12,12,9,7,30,9,9,7,5,4,20,6,6,5,3,2,2,13,4,4,3,2,2,1,1,8,2,2,2,1,1,1,0,0,4,1,1,1,1,1,0,0,0,0,4,1,1,1,1,1,0,0,0,0,0
BR00096,Te Aroha,-37.533,175.717,35,39,12,43,13,13,45,13,13,10,38,11,11,9,7,28,8,8,7,5,3,19,6,6,4,3,2,2,12,4,4,3,2,1,1,1,7,2,2,2,1,1,1,0,0,4,1,1,1,1,0,0,0,0,0,4,1,1,1,1,0,0,0,0,0,0
BR00097,Te Awamutu,-38.00822,175.3302,25,28,8,31,9,9,32,9,10,7,28,8,8,6,5,20,6,6,5,3,2,14,4,4,3,2,2,1,9,3,3,2,1,1,1,1,5,2,2,1,1,1,0,0,0,3,1,1,1,1,0,0,0,0,0,3,1,1,1,0,0,0,0,0,0,0
BR00098,Te Kuiti,-38.332983,175.163456,37,42,12,46,13,14,48,14,14,11,41,12,12,10,7,30,9,9,7,5,4,20,6,6,5,3,2,2,13,4,4,3,2,2,1,1,8,2,2,2,1,1,1,0,0,4,1,1,1,1,1,0,0,0,0,4,1,1,1,1,1,0,0,0,0,0
BR00099,Temuka,-44.2453,171.27786,29,33,10,35,10,11,37,11,11,9,32,9,9,7,5,23,7,7,5,4,3,16,5,5,4,3,2,1,10,3,3,2,2,1,1,1,6,2,2,1,1,1,1,0,0,3,1,1,1,1,0,0,0,0,0,3,1,1,1,1,0,0,0,0,0,0
BR00100,Thames,-37.138389,175.5405,78,89,26,97,29,29,101,30,30,24,87,26,26,20,15,64,19,19,15,11,8,43,13,13,10,7,5,4,27,8,8,6,5,3,2,2,16,5,5,4,3,2,1,1,1,9,3,3,2,2,1,1,1,0,0,9,3,3,2,2,1,1,1,0,0,0
BR00101,Timaru,-44.39672,171.25364,231,262,77,286,84,85,297,88,88,69,256,76,76,60,44,189,56,56,44,32,22,127,37,38,30,22,15,11,81,24,24,19,14,10,7,5,48,14,14,11,8,6,4,3,2,28,8,8,6,5,3,2,2,1,1,27,8,8,6,5,3,2,2,1,1,1
BR00102,Waihi,-37.3833,175.833,65,74,22,80,24,24,84,25,25,20,72,21,21,17,12,53,16,16,12,9,6,36,11,11,8,6,4,3,23,7,7,5,4,3,2,1,13,4,4,3,2,2,1,1,1,8,2,2,2,1,1,1,0,0,0,8,2,2,2,1,1,1,0,0,0,0
BR00103,Waikouaiti,-45.59444,170.67222,10,11,3,12,4,4,12,4,4,3,11,3,3,3,2,8,2,2,2,1,1,5,2,2,1,1,1,0,3,1,1,1,1,0,0,0,2,1,1,0,0,0,0,0,0,1,0,0,0,0,0,0,0,0,0,1,0,0,0,0,0,0,0,0,0,0
BR00104,Waimate,-44.72836,171.05009,34,39,12,43,13,13,44,13,13,10,38,11,11,9,6,28,8,8,7,5,3,19,6,6,4,3,2,2,12,4,4,3,2,1,1,1,7,2,2,2,1,1,1,0,0,4,1,1,1,1,0,0,0,0,0,4,1,1,1,1,0,0,0,0,0,0
BR00105,Waipawa,-39.9416,176.58963,18,21,6,23,7,7,23,7,7,5,20,6,6,5,3,15,4,4,3,3,2,10,3,3,2,2,1,1,6,2,2,1,1,1,1,0,4,1,1,1,1,0,0,0,0,2,1,1,1,0,0,0,0,0,0,2,1,1,1,0,0,0,0,0,0,0
BR00106,Waipukurau,-39.9917,176.5583,22,26,8,28,8,8,29,9,9,7,25,7,7,6,4,18,5,5,4,3,2,12,4,4,3,2,1,1,8,2,2,2,1,1,1,0,5,1,1,1,1,1,0,0,0,3,1,1,1,0,0,0,0,0,0,3,1,1,1,0,0,0,0,0,0,0
BR00107,Wairoa,-39.03517,177.41803,31,35,10,38,11,11,40,12,12,9,34,10,10,8,6,25,7,8,6,4,3,17,5,5,4,3,2,1,11,3,3,3,2,1,1,1,6,2,2,1,1,1,1,0,0,4,1,1,1,1,0,0,0,0,0,4,1,1,1,1,0,0,0,0,0,0
BR00108,Waitara,-39.00158,174.23836,26,29,9,32,9,9,33,10,10,8,28,8,8,7,5,21,6,6,5,4,2,14,4,4,3,2,2,1,9,3,3,2,2,1,1,1,5,2,2,1,1,1,0,0,0,3,1,1,1,1,0,0,0,0,0,3,1,1,1,1,0,0,0,0,0,0
BR00109,Wanganui,-39.9333,175.05,269,306,90,333,98,99,347,102,103,81,299,88,89,70,51,220,65,66,51,37,26,148,44,44,35,25,18,13,94,28,28,22,16,11,8,6,56,16,17,13,9,7,5,3,2,32,10,10,8,6,4,3,2,1,1,32,9,9,7,5,4,3,2,1,1,1
BR00110,Wellington,-41.28664,174.77557,1446,1645,485,1792,529,533,1863,550,554,435,1608,474,479,376,273,1184,349,352,276,201,141,796,235,237,186,135,95,67,506,149,150,118,86,60,43,30,299,88,89,70,51,36,25,18,13,174,51,52,41,30,21,15,10,7,5,170,50,51,40,29,20,14,10,7,5,6
BR00111,West Harbour,-36.8094,174.6418,27,31,9,34,10,10,35,10,10,8,30,9,9,7,5,22,7,7,5,4,3,15,4,4,4,3,2,1,10,3,3,2,2,1,1,1,6,2,2,1,1,1,0,0,0,3,1,1,1,1,0,0,0,0,0,3,1,1,1,1,0,0,0,0,0,0
BR00112,Westport,-41.75262,171.6037,62,71,21,77,23,23,80,24,24,19,69,20,21,16,12,51,15,15,12,9,6,34,10,10,8,6,4,3,22,6,6,5,4,3,2,1,13,4,4,3,2,2,1,1,1,7,2,2,2,1,1,1,0,0,0,7,2,2,2,1,1,1,0,0,0,0
BR00113,Whakatane,-37.9585,176.985,27,31,9,34,10,10,35,10,10,8,30,9,9,7,5,22,7,7,5,4,3,15,4,4,3,3,2,1,10,3,3,2,2,1,1,1,6,2,2,1,1,1,0,0,0,3,1,1,1,1,0,0,0,0,0,3,1,1,1,1,0,0,0,0,0,0
BR00114,Whangarei,-35.73167,174.32391,65,74,22,80,24,24,83,25,25,19,72,21,21,17,12,53,16,16,12,9,6,36,11,11,8,6,4,3,23,7,7,5,4,3,2,1,13,4,4,3,2,2,1,1,1,8,2,2,2,1,1,1,0,0,0,8,2,2,2,1,1,1,0,0,0,0
BR00115,Winton,-46.15,168.33333,10,12,3,13,4,4,13,4,4,3,11,3,3,3,2,8,2,2,2,1,1,6,2,2,1,1,1,0,4,1,1,1,1,0,0,0,2,1,1,0,0,0,0,0,0,1,0,0,0,0,0,0,0,0,0,1,0,0,0,0,0,0,0,0,0,0
BR00116,Woodville,-40.3371,175.8667,19,21,6,23,7,7,24,7,7,6,21,6,6,5,4,15,5,5,4,3,2,10,3,3,2,2,1,1,7,2,2,2,1,1,1,0,4,1,1,1,1,0,0,0,0,2,1,1,1,0,0,0,0,0,0,2,1,1,1,0,0,0,0,0,0,0
BR00117,Woolston,-43.55,172.683333,69,78,23,86,25,25,89,26,26,21,77,23,23,18,13,56,17,17,13,10,7,38,11,11,9,6,5,3,24,7,7,6,4,3,2,1,14,4,4,3,2,2,1,1,1,8,2,2,2,1,1,1,0,0,0,8,2,2,2,1,1,1,0,0,0,0
