geo_unit,0,1,2,3,4,5,6,7,8,9,10,11,12,13,14,15,16,17,18,19,20,21,22,23,24,25,26,27,28,29,30,31,32,33,34,35,36,37,38,39,40,41,42,43,44,45,46,47,48,49,50,51,52,53,54,55,56,57,58,59,60,61,62,63,64,65,66,67,68,69,70,71,72,73,74,75,76,77,78,79,80,81,82,83,84,85,86,87,88,89,90,91,92,93,94,95,96,97,98,99,100,101,102,103,104,105
CT00001,21,20,20,21,20,19,18,19,18,18,17,15,15,15,15,15,15,14,13,13,13,13,13,13,13,13,13,13,14,14,14,14,13,13,13,13,13,12,12,12,12,12,10,10,10,10,10,8,8,8,8,8,5,5,5,5,5,5,5,5,5,5,4,4,4,4,4,3,3,3,3,3,2,2,2,2,2,1,1,1,1,1,1,1,0,0,0,0,0,0,0,0,0,0,0,0,0,0,0,0,0,0,0,0,0,0
CT00002,17,17,16,16,15,15,15,15,14,14,13,12,12,12,12,12,12,11,10,10,10,10,10,10,10,10,10,11,11,11,11,11,11,11,11,11,11,10,10,10,10,10,8,8,8,8,8,6,6,6,6,6,4,5,5,5,5,3,3,3,3,3,3,3,3,3,3,2,2,2,2,2,1,1,1,1,1,1,1,1,1,1,0,0,0,0,0,0,0,0,0,0,0,0,0,0,0,0,0,0,0,0,0,0,0,0
CT00003,32,31,30,31,31,28,28,28,27,27,25,23,23,22,22,22,22,21,20,20,20,20,19,19,19,20,20,20,20,20,21,21,20,20,20,20,20,18,18,18,18,18,15,15,15,15,15,12,12,12,12,12,8,8,8,8,8,7,7,7,7,7,6,6,6,6,6,4,4,4,4,4,3,3,3,3,3,2,2,2,2,2,1,1,1,1,1,1,0,0,0,0,0,0,0,0,0,0,0,0,0,0,0,0,0,0
CT00004,148,142,140,143,143,131,129,131,125,124,116,108,105,104,104,104,104,96,91,92,92,92,90,90,90,91,91,94,95,95,95,95,93,94,94,94,94,84,85,85,84,84,67,68,68,68,68,56,56,56,56,56,38,38,38,38,38,32,32,33,33,33,27,27,27,27,27,19,19,19,19,19,15,15,16,16,16,10,10,10,10,10,4,4,3,3,3,3,2,2,1,1,1,1,1,1,1,0,0,0,0,0,0,0,0,0
CT00005,11,10,10,11,10,10,9,10,9,9,8,8,8,8,8,8,8,7,7,7,7,7,7,7,7,7,7,7,7,7,7,7,7,7,7,7,7,6,6,6,6,6,5,5,5,5,5,4,4,4,4,4,3,3,3,3,3,2,2,2,2,2,2,2,2,2,2,1,1,1,1,1,1,1,1,1,1,1,1,1,1,1,0,0,0,0,0,0,0,0,0,0,0,0,0,0,0,0,0,0,0,0,0,0,0,0
CT00006,13,13,12,13,12,12,12,11,11,11,10,10,9,9,9,9,9,9,8,8,8,8,8,8,8,8,8,8,8,8,8,8,8,8,8,8,8,7,7,7,7,7,6,6,6,6,6,5,5,5,5,5,3,3,3,3,3,2,3,3,3,3,2,2,2,2,2,1,1,1,1,1,1,1,1,1,1,1,1,1,1,1,0,0,0,0,0,0,0,0,0,0,0,0,0,0,0,0,0,0,0,0,0,0,0,0
CT00007,24,24,22,23,22,23,22,21,19,20,19,17,17,16,16,16,16,14,14,14,14,14,14,14,14,14,14,14,14,14,14,14,15,15,15,15,15,13,13,13,13,13,10,10,10,10,10,9,9,9,9,9,6,6,6,6,6,5,5,5,5,5,4,4,4,4,4,3,3,3,3,3,2,2,2,2,2,1,1,1,1,1,1,1,1,0,0,0,0,0,0,0,0,0,0,0,0,0,0,0,0,0,0,0,0,0
CT00008,58,59,55,58,54,55,53,50,48,48,46,43,42,39,39,39,39,39,36,36,36,36,35,35,35,35,35,37,37,37,37,37,38,38,38,38,38,33,34,34,33,33,26,26,26,26,26,21,21,21,21,21,14,15,15,15,15,11,11,11,11,11,8,8,8,8,8,5,6,6,6,6,4,4,4,4,4,3,3,3,3,3,2,1,1,1,1,1,1,1,0,0,0,0,0,0,0,0,0,0,0,0,0,0,0,0
CT00009,55,54,53,50,56,52,51,52,49,50,49,47,47,42,42,42,42,39,35,35,35,35,33,33,33,33,33,34,34,34,34,34,37,37,37,37,37,35,36,36,35,35,30,30,30,30,30,25,26,26,25,25,18,18,18,18,18,14,15,15,15,15,13,13,13,13,13,10,10,10,10,10,7,7,8,8,8,6,6,5,5,5,2,2,2,1,1,1,1,1,1,1,1,1,1,1,1,0,0,0,0,0,0,0,0,0
CT00010,59,66,58,61,73,61,61,56,72,57,57,58,47,43,43,43,43,46,45,45,45,45,35,35,36,36,36,44,44,44,44,44,43,44,44,44,44,47,47,47,47,47,39,39,39,39,39,29,29,29,29,29,20,20,20,20,20,14,14,14,14,14,15,15,15,15,15,10,10,10,10,10,14,14,14,14,14,12,11,11,11,11,3,3,3,3,3,3,2,2,2,2,2,2,2,2,2,0,0,0,0,0,0,0,0,0
CT00011,8,9,8,8,8,8,8,7,7,7,7,6,6,6,6,6,6,6,5,5,5,5,5,5,5,5,5,5,5,5,5,5,5,6,6,6,6,5,5,5,5,5,4,4,4,4,4,3,3,3,3,3,2,2,2,2,2,2,2,2,2,2,1,1,1,1,1,1,1,1,1,1,1,1,1,1,1,0,0,0,0,0,0,0,0,0,0,0,0,0,0,0,0,0,0,0,0,0,0,0,0,0,0,0,0,0
CT00012,16,16,15,16,16,15,14,14,14,14,13,12,12,11,11,12,12,11,10,10,10,10,10,10,10,10,10,10,10,10,10,10,10,10,10,10,10,9,9,9,9,9,7,7,7,7,7,6,6,6,6,6,4,4,4,4,4,4,4,4,4,4,3,3,3,3,3,2,2,2,2,2,2,2,2,2,2,1,1,1,1,1,0,0,0,0,0,0,0,0,0,0,0,0,0,0,0,0,0,0,0,0,0,0,0,0
CT00013,30,31,29,28,29,27,27,27,26,25,24,22,23,21,21,21,21,20,19,19,19,19,17,18,18,18,18,18,19,19,19,19,18,18,18,18,18,15,15,15,15,15,12,12,12,12,12,9,9,9,9,9,6,6,6,6,6,5,5,5,5,5,4,4,4,4,4,3,3,3,3,3,2,2,2,2,2,1,1,1,1,1,1,1,1,0,0,0,0,0,0,0,0,0,0,0,0,0,0,0,0,0,0,0,0,0
CT00014,83,81,81,76,85,79,77,80,75,76,75,72,71,64,64,64,64,59,52,53,53,53,50,50,50,51,51,51,51,51,52,52,56,56,56,56,56,54,54,54,54,54,45,46,46,46,46,38,39,39,39,39,27,27,27,27,27,22,22,22,22,22,20,20,20,20,20,14,15,15,15,15,11,11,11,11,11,9,8,8,8,8,3,3,2,2,2,2,2,1,1,1,1,1,1,1,1,0,0,0,0,0,0,0,0,0
CT00015,14,15,15,14,14,15,13,14,13,13,13,12,11,10,10,10,10,9,8,9,9,9,8,9,9,9,9,9,9,9,9,9,10,10,10,10,10,9,9,9,9,9,7,7,7,7,7,5,5,5,5,5,4,4,4,4,4,3,3,3,3,3,3,3,3,3,3,2,2,2,2,2,1,2,2,2,2,1,1,1,1,1,0,0,0,0,0,0,0,0,0,0,0,0,0,0,0,0,0,0,0,0,0,0,0,0
CT00016,78,75,76,67,64,66,60,59,56,67,52,39,50,55,55,55,55,50,46,46,46,46,49,49,49,49,49,46,47,47,47,47,48,48,48,48,48,44,44,44,44,44,31,31,31,31,31,30,30,30,30,30,22,22,22,22,22,16,16,16,16,16,13,13,13,13,13,10,10,10,10,10,8,8,9,9,9,4,4,4,4,4,2,2,2,1,1,1,1,1,1,1,1,1,1,1,1,0,0,0,0,0,0,0,0,0
CT00017,28,28,26,28,26,26,25,23,23,22,21,20,20,18,18,18,18,18,17,17,17,17,17,17,17,17,17,17,18,18,18,18,18,18,18,18,18,16,16,16,16,16,12,12,12,12,12,10,10,10,10,10,7,7,7,7,7,5,5,5,5,5,4,4,4,4,4,3,3,3,3,3,2,2,2,2,2,1,1,1,1,1,1,1,1,0,0,0,0,0,0,0,0,0,0,0,0,0,0,0,0,0,0,0,0,0
CT00018,55,55,52,52,49,49,49,47,44,46,43,39,39,37,38,38,38,37,33,34,34,34,32,33,33,33,33,35,36,35,36,36,35,36,36,36,36,33,33,33,33,33,25,25,25,25,25,19,20,20,20,20,14,15,15,15,15,11,11,11,11,11,9,9,9,9,9,6,6,6,6,6,4,4,5,5,5,3,3,3,3,3,1,1,1,1,1,1,1,1,0,0,0,0,0,0,0,0,0,0,0,0,0,0,0,0
CT00019,12,12,12,12,11,11,11,10,10,10,9,9,9,8,8,8,8,8,7,8,8,8,7,7,7,7,7,8,8,8,8,8,8,8,8,8,8,7,7,7,7,7,5,5,5,5,5,4,4,4,4,4,3,3,3,3,3,2,2,2,2,2,2,2,2,2,2,1,1,1,1,1,1,1,1,1,1,1,1,1,1,1,0,0,0,0,0,0,0,0,0,0,0,0,0,0,0,0,0,0,0,0,0,0,0,0
CT00020,167,167,158,166,155,157,150,141,136,136,130,122,120,111,111,112,112,110,103,103,103,103,100,100,100,101,101,105,106,106,107,107,107,108,108,108,108,95,96,96,95,95,74,74,74,74,74,59,59,59,59,59,41,41,41,41,41,32,32,32,32,32,24,24,24,24,24,16,16,16,16,16,12,12,12,13,13,9,8,8,8,8,4,4,3,3,3,3,2,2,1,1,1,1,1,1,1,0,0,0,0,0,0,0,0,0
CT00021,43,45,42,40,42,39,39,39,37,37,34,31,32,30,31,31,31,28,27,27,27,27,25,25,25,25,25,26,27,27,27,27,25,25,25,25,25,22,22,22,22,22,17,17,17,17,17,13,13,13,13,13,9,9,9,9,9,7,7,7,7,7,5,5,6,6,6,4,4,4,4,4,3,3,3,3,3,2,2,2,2,2,1,1,1,1,1,1,0,0,0,0,0,0,0,0,0,0,0,0,0,0,0,0,0,0
CT00022,28,29,27,27,26,25,25,25,23,24,22,21,20,19,20,20,20,19,17,17,17,17,17,17,17,17,17,18,18,18,19,19,18,19,19,19,19,17,17,17,17,17,13,13,13,13,13,10,10,10,10,10,8,8,8,8,8,6,6,6,6,6,5,5,5,5,5,3,3,3,3,3,2,2,2,2,2,2,2,1,1,1,1,1,1,0,0,0,0,0,0,0,0,0,0,0,0,0,0,0,0,0,0,0,0,0
CT00023,48,46,46,47,46,43,42,42,41,40,38,35,34,34,34,34,34,31,30,30,30,30,29,29,29,30,30,31,31,31,31,31,30,31,31,31,31,27,28,28,27,27,22,22,22,22,22,18,18,18,18,18,12,12,12,12,12,10,11,11,11,11,9,9,9,9,9,6,6,6,6,6,5,5,5,5,5,3,3,3,3,3,1,1,1,1,1,1,1,1,0,0,0,0,0,0,0,0,0,0,0,0,0,0,0,0
CT00024,47,49,46,44,46,43,43,42,40,40,38,34,35,33,33,33,33,31,29,30,30,30,27,27,27,28,28,29,29,29,29,29,28,28,28,28,28,24,24,24,24,24,19,19,19,19,19,14,14,14,14,14,10,10,10,10,10,8,8,8,8,8,6,6,6,6,6,4,4,4,4,4,3,3,3,3,3,2,2,2,2,2,1,1,1,1,1,1,1,0,0,0,0,0,0,0,0,0,0,0,0,0,0,0,0,0
CT00025,23,22,22,22,22,20,20,20,19,19,18,17,16,16,16,16,16,15,14,14,14,14,14,14,14,14,14,15,15,15,15,15,15,15,15,15,15,13,13,13,13,13,10,11,11,11,11,9,9,9,9,9,6,6,6,6,6,5,5,5,5,5,4,4,4,4,4,3,3,3,3,3,2,2,2,2,2,2,2,2,1,1,1,1,0,0,0,0,0,0,0,0,0,0,0,0,0,0,0,0,0,0,0,0,0,0
CT00026,46,46,44,43,41,41,41,40,37,39,36,33,32,31,32,32,32,31,28,28,28,28,27,27,27,28,28,29,30,30,30,30,30,30,30,30,30,27,28,28,28,28,21,21,21,21,21,16,17,17,17,17,12,12,12,12,12,9,9,9,9,9,7,7,7,8,8,5,5,5,5,5,4,4,4,4,4,3,2,2,2,2,1,1,1,1,1,1,1,0,0,0,0,0,0,0,0,0,0,0,0,0,0,0,0,0
CT00027,0,0,0,0,0,0,0,0,0,0,0,0,0,0,0,0,0,0,0,0,0,0,0,0,0,0,0,0,0,0,0,0,0,0,0,0,0,0,0,0,0,0,0,0,0,0,0,0,0,0,0,0,0,0,0,0,0,0,0,0,0,0,0,0,0,0,0,0,0,0,0,0,0,0,0,0,0,0,0,0,0,0,0,0,0,0,0,0,0,0,0,0,0,0,0,0,0,0,0,0,0,0,0,0,0,0
CT00028,123,123,117,123,114,116,110,104,101,100,96,90,88,82,82,82,82,82,76,76,76,76,74,74,74,75,75,78,78,78,79,79,79,80,80,80,80,70,71,71,70,70,55,55,55,55,55,43,44,44,44,44,30,31,31,31,31,23,24,24,24,24,17,18,18,18,18,12,12,12,12,12,9,9,9,9,9,6,6,6,6,6,3,3,2,2,2,2,2,1,1,1,1,1,1,1,1,0,0,0,0,0,0,0,0,0
CT00029,68,65,64,66,65,60,59,60,57,57,53,50,48,48,48,48,48,44,42,42,42,42,41,41,41,42,42,43,43,43,44,44,43,43,43,43,43,39,39,39,39,39,31,31,31,31,31,26,26,26,26,26,18,18,18,18,18,15,15,15,15,15,12,12,12,12,12,9,9,9,9,9,7,7,7,7,7,5,5,5,4,4,2,2,1,1,1,1,1,1,1,1,1,1,0,0,0,0,0,0,0,0,0,0,0,0
CT00030,57,64,56,59,70,59,59,54,70,55,55,55,45,41,41,41,41,44,43,43,43,43,34,34,34,35,35,42,42,43,43,43,42,42,42,42,42,45,45,45,45,45,38,38,38,38,38,28,28,28,28,28,19,19,19,19,19,13,14,14,14,14,14,14,15,15,15,10,10,10,10,10,14,14,14,14,14,11,11,11,11,11,3,3,3,3,3,3,2,2,2,2,2,2,2,2,2,0,0,0,0,0,0,0,0,0
CT00031,19,19,18,19,19,17,17,17,16,16,15,14,14,14,14,14,14,13,12,12,12,12,12,12,12,12,12,12,12,12,12,12,12,12,12,12,12,11,11,11,11,11,9,9,9,9,9,7,7,7,7,7,5,5,5,5,5,4,4,4,4,4,4,4,4,4,4,2,3,3,3,3,2,2,2,2,2,1,1,1,1,1,1,0,0,0,0,0,0,0,0,0,0,0,0,0,0,0,0,0,0,0,0,0,0,0
CT00032,43,44,41,43,40,41,39,37,36,36,34,32,31,29,29,29,29,29,27,27,27,27,26,26,26,26,26,27,28,28,28,28,28,28,28,28,28,25,25,25,25,25,19,19,19,19,19,15,15,15,15,15,11,11,11,11,11,8,8,8,8,8,6,6,6,6,6,4,4,4,4,4,3,3,3,3,3,2,2,2,2,2,1,1,1,1,1,1,1,0,0,0,0,0,0,0,0,0,0,0,0,0,0,0,0,0
CT00033,71,74,70,66,69,65,65,64,61,60,57,52,53,50,51,51,51,47,45,45,45,45,41,42,42,42,42,44,44,44,44,44,42,42,42,42,42,36,36,36,36,36,28,29,29,29,29,21,21,21,21,21,14,15,15,15,15,12,12,12,12,12,9,9,9,9,9,7,7,7,7,7,5,5,5,5,5,3,3,3,3,3,2,2,1,1,1,1,1,1,0,0,0,0,0,0,0,0,0,0,0,0,0,0,0,0
CT00034,144,137,139,123,118,122,110,109,102,122,94,72,91,101,101,101,101,91,84,84,84,84,90,90,90,90,90,85,85,85,86,86,87,88,88,88,88,81,81,81,80,80,57,57,57,57,57,55,55,55,55,55,39,39,39,39,39,29,29,29,29,29,24,24,24,24,24,19,19,19,19,19,15,15,16,16,16,8,8,8,7,7,4,3,3,2,2,2,2,2,1,1,1,1,1,1,1,0,0,0,0,0,0,0,0,0
CT00035,48,46,45,46,46,42,41,42,40,40,37,35,34,33,33,33,33,31,29,29,30,30,29,29,29,29,29,30,30,30,31,31,30,30,30,30,30,27,27,27,27,27,22,22,22,22,22,18,18,18,18,18,12,12,12,12,12,10,10,10,11,11,9,9,9,9,9,6,6,6,6,6,5,5,5,5,5,3,3,3,3,3,1,1,1,1,1,1,1,1,0,0,0,0,0,0,0,0,0,0,0,0,0,0,0,0
CT00036,66,66,62,66,61,62,59,56,54,54,51,48,47,44,44,44,44,43,40,40,41,41,39,39,39,40,40,41,42,42,42,42,42,42,42,42,42,37,38,38,37,37,29,29,29,29,29,23,23,23,23,23,16,16,16,16,16,12,13,13,13,13,9,9,9,9,9,6,6,6,6,6,5,5,5,5,5,3,3,3,3,3,2,1,1,1,1,1,1,1,0,0,0,0,0,0,0,0,0,0,0,0,0,0,0,0
CT00037,38,38,36,38,36,36,34,33,31,31,30,28,28,26,26,26,26,25,24,24,24,24,23,23,23,23,23,24,24,24,25,25,25,25,25,25,25,22,22,22,22,22,17,17,17,17,17,14,14,14,14,14,9,10,10,10,10,7,7,7,7,7,5,5,6,6,6,4,4,4,4,4,3,3,3,3,3,2,2,2,2,2,1,1,1,1,1,1,0,0,0,0,0,0,0,0,0,0,0,0,0,0,0,0,0,0
CT00038,62,63,60,59,56,56,56,54,50,53,49,45,44,43,43,43,43,42,38,38,38,38,37,37,37,38,38,40,41,40,41,41,40,41,41,41,41,37,38,38,37,37,28,29,29,29,29,22,23,23,22,22,17,17,17,17,17,12,12,13,13,13,10,10,10,10,10,7,7,7,7,7,5,5,5,5,5,3,3,3,3,3,2,1,1,1,1,1,1,1,0,0,0,0,0,0,0,0,0,0,0,0,0,0,0,0
CT00039,78,79,75,74,71,70,70,68,63,66,61,57,55,54,54,54,54,53,48,48,48,48,46,47,47,47,47,50,51,51,51,51,51,51,51,51,51,47,47,47,47,47,36,36,36,36,36,28,28,28,28,28,21,21,21,21,21,16,16,16,16,16,13,13,13,13,13,9,9,9,9,9,6,6,7,7,7,4,4,4,4,4,2,2,2,1,1,1,1,1,1,1,1,0,0,0,0,0,0,0,0,0,0,0,0,0
CT00040,38,42,37,39,46,39,39,36,46,36,37,37,30,27,27,27,27,29,28,29,29,29,23,23,23,23,23,28,28,28,28,28,28,28,28,28,28,30,30,30,30,30,25,25,25,25,25,18,18,18,18,18,13,13,13,13,13,9,9,9,9,9,10,10,10,10,10,6,6,6,7,7,9,9,9,9,9,7,7,7,7,7,2,2,2,2,2,2,2,1,1,1,1,1,1,1,1,0,0,0,0,0,0,0,0,0
CT00041,40,41,39,37,39,36,36,36,34,34,32,29,30,28,28,28,28,26,25,25,25,25,23,23,23,23,23,24,25,25,25,25,23,24,24,24,24,20,20,20,20,20,16,16,16,16,16,12,12,12,12,12,8,8,8,8,8,7,7,7,7,7,5,5,5,5,5,4,4,4,4,4,3,3,3,3,3,2,2,2,2,2,1,1,1,1,1,1,0,0,0,0,0,0,0,0,0,0,0,0,0,0,0,0,0,0
CT00042,29,28,27,28,28,26,25,25,24,24,22,21,20,20,20,20,20,19,18,18,18,18,17,17,17,18,18,18,18,18,18,18,18,18,18,18,18,16,16,16,16,16,13,13,13,13,13,11,11,11,11,11,7,7,7,7,7,6,6,6,6,6,5,5,5,5,5,4,4,4,4,4,3,3,3,3,3,2,2,2,2,2,1,1,1,1,1,1,0,0,0,0,0,0,0,0,0,0,0,0,0,0,0,0,0,0
CT00043,55,56,53,52,50,49,49,48,44,47,43,40,39,38,38,38,38,37,34,34,34,34,33,33,33,33,33,35,36,36,36,36,36,36,36,36,36,33,33,33,33,33,25,25,25,25,25,20,20,20,20,20,15,15,15,15,15,11,11,11,11,11,9,9,9,9,9,6,7,7,7,7,4,5,5,5,5,3,3,3,3,3,1,1,1,1,1,1,1,1,0,0,0,0,0,0,0,0,0,0,0,0,0,0,0,0
CT00044,45,46,44,41,43,41,40,40,38,38,36,33,33,32,32,32,32,29,28,28,28,28,26,26,26,26,26,27,28,28,28,28,26,26,26,26,26,23,23,23,23,23,18,18,18,18,18,13,13,13,13,13,9,9,9,9,9,7,7,8,8,8,6,6,6,6,6,4,4,4,4,4,3,3,3,3,3,2,2,2,2,2,1,1,1,1,1,1,0,0,0,0,0,0,0,0,0,0,0,0,0,0,0,0,0,0
CT00045,15,15,14,15,14,14,13,13,12,12,12,11,11,10,10,10,10,10,9,9,9,9,9,9,9,9,9,9,10,9,10,10,10,10,10,10,10,9,9,9,9,9,7,7,7,7,7,5,5,5,5,5,4,4,4,4,4,3,3,3,3,3,2,2,2,2,2,1,1,1,1,1,1,1,1,1,1,1,1,1,1,1,0,0,0,0,0,0,0,0,0,0,0,0,0,0,0,0,0,0,0,0,0,0,0,0
CT00046,32,32,31,30,29,28,28,28,26,27,25,23,22,22,22,22,22,21,19,20,20,20,19,19,19,19,19,20,21,21,21,21,21,21,21,21,21,19,19,19,19,19,14,15,15,15,15,11,12,12,11,11,8,9,9,9,9,6,6,6,6,6,5,5,5,5,5,4,4,4,4,4,3,3,3,3,3,2,2,2,2,2,1,1,1,1,1,1,0,0,0,0,0,0,0,0,0,0,0,0,0,0,0,0,0,0
CT00047,24,23,23,23,23,21,21,21,20,20,19,17,17,17,17,17,17,16,15,15,15,15,15,15,15,15,15,15,15,15,15,15,15,15,15,15,15,14,14,14,14,14,11,11,11,11,11,9,9,9,9,9,6,6,6,6,6,5,5,5,5,5,4,4,4,4,4,3,3,3,3,3,2,2,3,3,3,2,2,2,2,2,1,1,1,0,0,0,0,0,0,0,0,0,0,0,0,0,0,0,0,0,0,0,0,0
CT00048,22,24,22,22,23,21,21,22,20,20,20,18,18,16,16,16,16,14,13,13,13,13,13,13,13,13,13,13,13,13,13,13,13,13,13,13,13,11,12,12,11,11,9,9,9,9,9,7,7,7,7,7,5,5,5,5,5,5,5,5,5,5,4,4,4,4,4,3,3,3,3,3,2,2,2,2,2,1,1,1,1,1,1,1,0,0,0,0,0,0,0,0,0,0,0,0,0,0,0,0,0,0,0,0,0,0
CT00049,59,56,56,57,57,52,51,52,50,49,46,43,42,41,41,41,41,38,36,37,37,37,36,36,36,36,36,37,38,38,38,38,37,37,37,37,37,34,34,34,34,34,27,27,27,27,27,22,22,22,22,22,15,15,15,15,15,13,13,13,13,13,11,11,11,11,11,8,8,8,8,8,6,6,6,6,6,4,4,4,4,4,2,1,1,1,1,1,1,1,1,1,1,0,0,0,0,0,0,0,0,0,0,0,0,0
CT00050,42,40,39,40,40,37,36,37,35,35,32,30,29,29,29,29,29,27,26,26,26,26,25,25,25,25,25,26,26,26,27,27,26,26,26,26,26,24,24,24,24,24,19,19,19,19,19,16,16,16,16,16,11,11,11,11,11,9,9,9,9,9,8,8,8,8,8,5,5,5,5,5,4,4,4,4,4,3,3,3,3,3,1,1,1,1,1,1,1,0,0,0,0,0,0,0,0,0,0,0,0,0,0,0,0,0
CT00051,35,35,33,33,31,31,31,30,28,29,27,25,24,24,24,24,24,23,21,21,21,21,21,21,21,21,21,22,23,22,23,23,22,23,23,23,23,21,21,21,21,21,16,16,16,16,16,12,13,13,12,12,9,9,9,9,9,7,7,7,7,7,6,6,6,6,6,4,4,4,4,4,3,3,3,3,3,2,2,2,2,2,1,1,1,1,1,1,0,0,0,0,0,0,0,0,0,0,0,0,0,0,0,0,0,0
CT00052,37,35,35,36,36,33,32,33,31,31,29,27,26,26,26,26,26,24,23,23,23,23,22,23,23,23,23,23,24,24,24,24,23,24,24,24,24,21,21,21,21,21,17,17,17,17,17,14,14,14,14,14,10,10,10,10,10,8,8,8,8,8,7,7,7,7,7,5,5,5,5,5,4,4,4,4,4,3,3,2,2,2,1,1,1,1,1,1,1,0,0,0,0,0,0,0,0,0,0,0,0,0,0,0,0,0
CT00053,55,56,53,52,50,49,49,48,44,47,43,40,39,38,38,38,38,37,33,34,34,34,33,33,33,33,33,35,36,36,36,36,35,36,36,36,36,33,33,33,33,33,25,25,25,25,25,20,20,20,20,20,15,15,15,15,15,11,11,11,11,11,9,9,9,9,9,6,6,6,7,7,4,5,5,5,5,3,3,3,3,3,1,1,1,1,1,1,1,1,0,0,0,0,0,0,0,0,0,0,0,0,0,0,0,0
CT00054,31,31,31,29,32,30,29,30,28,29,28,27,27,24,24,24,24,22,20,20,20,20,19,19,19,19,19,19,19,19,20,20,21,21,21,21,21,20,20,20,20,20,17,17,17,17,17,15,15,15,15,15,10,10,10,10,10,8,8,8,8,8,7,8,8,8,8,5,6,6,6,6,4,4,4,4,4,3,3,3,3,3,1,1,1,1,1,1,1,1,0,0,0,0,0,0,0,0,0,0,0,0,0,0,0,0
CT00055,74,74,70,74,69,69,66,62,60,60,57,54,53,49,49,49,49,49,45,45,46,46,44,44,44,45,45,46,47,47,47,47,47,48,48,48,48,42,42,42,42,42,33,33,33,33,33,26,26,26,26,26,18,18,18,18,18,14,14,14,14,14,10,11,11,11,11,7,7,7,7,7,5,5,5,6,6,4,4,4,3,3,2,2,1,1,1,1,1,1,0,0,0,0,0,0,0,0,0,0,0,0,0,0,0,0
CT00056,91,91,84,85,83,88,82,78,72,73,70,63,63,61,61,61,61,51,53,54,54,54,53,53,53,54,54,53,53,53,54,54,56,56,56,56,56,50,50,50,50,50,38,38,38,38,38,32,33,33,33,33,23,23,23,23,23,20,20,20,20,20,15,15,15,15,15,11,11,11,11,11,8,9,9,9,9,5,5,5,5,5,3,2,2,2,2,2,1,1,1,1,1,1,1,1,1,0,0,0,0,0,0,0,0,0
CT00057,34,35,33,32,31,31,31,30,28,29,27,25,24,24,24,24,24,23,21,21,21,21,20,21,21,21,21,22,22,22,22,22,22,23,23,22,22,20,21,21,21,21,16,16,16,16,16,12,12,12,12,12,9,9,9,9,9,7,7,7,7,7,6,6,6,6,6,4,4,4,4,4,3,3,3,3,3,2,2,2,2,2,1,1,1,1,1,1,0,0,0,0,0,0,0,0,0,0,0,0,0,0,0,0,0,0
CT00058,10,10,10,9,8,9,8,8,7,9,7,5,6,7,7,7,7,6,6,6,6,6,6,6,6,6,6,6,6,6,6,6,6,6,6,6,6,6,6,6,6,6,4,4,4,4,4,4,4,4,4,4,3,3,3,3,3,2,2,2,2,2,2,2,2,2,2,1,1,1,1,1,1,1,1,1,1,1,1,1,1,1,0,0,0,0,0,0,0,0,0,0,0,0,0,0,0,0,0,0,0,0,0,0,0,0
CT00059,68,68,64,68,63,64,61,58,56,56,53,50,49,45,45,46,46,45,42,42,42,42,41,41,41,41,41,43,43,43,43,43,44,44,44,44,44,39,39,39,39,39,30,30,30,30,30,24,24,24,24,24,17,17,17,17,17,13,13,13,13,13,10,10,10,10,10,6,6,6,7,7,5,5,5,5,5,4,3,3,3,3,2,2,1,1,1,1,1,1,0,0,0,0,0,0,0,0,0,0,0,0,0,0,0,0
CT00060,10,10,10,10,9,9,9,9,8,9,8,7,7,7,7,7,7,7,6,6,6,6,6,6,6,6,6,7,7,7,7,7,7,7,7,7,7,6,6,6,6,6,5,5,5,5,5,4,4,4,4,4,3,3,3,3,3,2,2,2,2,2,2,2,2,2,2,1,1,1,1,1,1,1,1,1,1,1,1,1,1,1,0,0,0,0,0,0,0,0,0,0,0,0,0,0,0,0,0,0,0,0,0,0,0,0
CT00061,56,56,53,56,52,53,50,48,46,46,44,41,40,37,37,38,38,37,35,35,35,35,34,34,34,34,34,35,36,36,36,36,36,36,36,36,36,32,32,32,32,32,25,25,25,25,25,20,20,20,20,20,14,14,14,14,14,11,11,11,11,11,8,8,8,8,8,5,5,5,5,5,4,4,4,4,4,3,3,3,3,3,1,1,1,1,1,1,1,1,0,0,0,0,0,0,0,0,0,0,0,0,0,0,0,0
CT00062,6,5,5,5,5,5,5,5,5,5,4,4,4,4,4,4,4,4,3,3,3,3,3,3,3,3,3,3,4,4,4,4,3,4,4,4,4,3,3,3,3,3,3,3,3,3,3,2,2,2,2,2,1,1,1,1,1,1,1,1,1,1,1,1,1,1,1,1,1,1,1,1,1,1,1,1,1,0,0,0,0,0,0,0,0,0,0,0,0,0,0,0,0,0,0,0,0,0,0,0,0,0,0,0,0,0
CT00063,19,20,19,19,19,20,17,19,18,18,17,16,15,13,13,13,13,12,11,11,11,11,11,11,11,11,11,12,12,12,12,12,13,14,14,14,14,12,12,12,12,12,9,10,10,10,10,7,7,7,7,7,5,5,5,5,5,4,4,4,4,4,4,4,4,4,4,2,2,2,2,2,2,2,2,2,2,1,1,1,1,1,1,1,0,0,0,0,0,0,0,0,0,0,0,0,0,0,0,0,0,0,0,0,0,0
CT00064,34,34,32,34,32,32,31,29,28,28,27,25,25,23,23,23,23,23,21,21,21,21,20,21,21,21,21,22,22,22,22,22,22,22,22,22,22,20,20,20,20,20,15,15,15,15,15,12,12,12,12,12,8,8,8,8,8,7,7,7,7,7,5,5,5,5,5,3,3,3,3,3,2,2,3,3,3,2,2,2,2,2,1,1,1,1,1,1,0,0,0,0,0,0,0,0,0,0,0,0,0,0,0,0,0,0
CT00065,42,42,40,42,39,39,38,35,34,34,33,31,30,28,28,28,28,28,26,26,26,26,25,25,25,25,25,26,27,27,27,27,27,27,27,27,27,24,24,24,24,24,19,19,19,19,19,15,15,15,15,15,10,10,10,10,10,8,8,8,8,8,6,6,6,6,6,4,4,4,4,4,3,3,3,3,3,2,2,2,2,2,1,1,1,1,1,1,1,0,0,0,0,0,0,0,0,0,0,0,0,0,0,0,0,0
CT00066,29,28,28,25,24,25,22,22,21,25,19,15,19,21,21,21,21,19,17,17,17,17,18,18,18,19,19,17,17,17,18,18,18,18,18,18,18,17,17,17,16,16,12,12,12,12,12,11,11,11,11,11,8,8,8,8,8,6,6,6,6,6,5,5,5,5,5,4,4,4,4,4,3,3,3,3,3,2,2,2,2,2,1,1,1,1,1,1,0,0,0,0,0,0,0,0,0,0,0,0,0,0,0,0,0,0
CT00067,42,42,40,39,38,37,37,36,33,35,33,30,29,29,29,29,29,28,25,26,26,26,25,25,25,25,25,26,27,27,27,27,27,27,27,27,27,25,25,25,25,25,19,19,19,19,19,15,15,15,15,15,11,11,11,11,11,8,8,8,8,8,7,7,7,7,7,5,5,5,5,5,3,3,3,4,4,2,2,2,2,2,1,1,1,1,1,1,1,0,0,0,0,0,0,0,0,0,0,0,0,0,0,0,0,0
CT00068,51,51,49,51,48,48,46,44,42,42,40,38,37,34,34,34,34,34,32,32,32,32,31,31,31,31,31,32,33,33,33,33,33,33,33,33,33,29,29,29,29,29,23,23,23,23,23,18,18,18,18,18,13,13,13,13,13,10,10,10,10,10,7,7,7,7,7,5,5,5,5,5,4,4,4,4,4,3,3,3,2,2,1,1,1,1,1,1,1,0,0,0,0,0,0,0,0,0,0,0,0,0,0,0,0,0
CT00069,22,21,21,22,21,20,19,20,19,19,17,16,16,16,16,16,16,14,14,14,14,14,13,14,14,14,14,14,14,14,14,14,14,14,14,14,14,13,13,13,13,13,10,10,10,10,10,8,8,8,8,8,6,6,6,6,6,5,5,5,5,5,4,4,4,4,4,3,3,3,3,3,2,2,2,2,2,2,2,1,1,1,1,1,0,0,0,0,0,0,0,0,0,0,0,0,0,0,0,0,0,0,0,0,0,0
CT00070,38,39,37,36,34,34,34,33,31,32,30,28,27,26,26,26,26,26,23,23,24,24,23,23,23,23,23,24,25,25,25,25,25,25,25,25,25,23,23,23,23,23,17,18,18,18,18,14,14,14,14,14,10,10,10,10,10,8,8,8,8,8,6,6,6,6,6,4,5,4,5,5,3,3,3,3,3,2,2,2,2,2,1,1,1,1,1,1,0,0,0,0,0,0,0,0,0,0,0,0,0,0,0,0,0,0
CT00071,64,62,61,62,62,57,56,57,54,54,50,47,45,45,45,45,45,42,40,40,40,40,39,39,39,39,39,41,41,41,41,41,41,41,41,41,41,37,37,37,37,37,29,29,29,29,29,24,24,24,24,24,17,17,17,17,17,14,14,14,14,14,12,12,12,12,12,8,8,8,8,8,7,7,7,7,7,4,4,4,4,4,2,2,1,1,1,1,1,1,1,1,1,0,0,0,0,0,0,0,0,0,0,0,0,0
CT00072,33,31,32,28,27,28,25,25,23,28,22,16,21,23,23,23,23,21,19,19,19,19,20,20,20,21,21,19,19,19,20,20,20,20,20,20,20,18,18,18,18,18,13,13,13,13,13,13,13,13,13,13,9,9,9,9,9,7,7,7,7,7,5,5,5,5,5,4,4,4,4,4,3,4,4,4,4,2,2,2,2,2,1,1,1,1,1,1,0,0,0,0,0,0,0,0,0,0,0,0,0,0,0,0,0,0
CT00073,43,45,42,40,42,39,39,39,37,37,35,32,32,31,31,31,31,29,27,27,27,27,25,25,25,25,25,27,27,27,27,27,25,26,26,26,26,22,22,22,22,22,17,17,17,17,17,13,13,13,13,13,9,9,9,9,9,7,7,7,7,7,5,5,6,6,6,4,4,4,4,4,3,3,3,3,3,2,2,2,2,2,1,1,1,1,1,1,0,0,0,0,0,0,0,0,0,0,0,0,0,0,0,0,0,0
CT00074,20,20,20,19,21,20,19,20,18,19,18,18,17,16,16,16,16,15,13,13,13,13,12,12,12,13,13,13,13,13,13,13,14,14,14,14,14,13,13,13,13,13,11,11,11,11,11,9,10,10,9,9,7,7,7,7,7,5,5,5,5,5,5,5,5,5,5,4,4,4,4,4,3,3,3,3,3,2,2,2,2,2,1,1,1,0,0,0,0,0,0,0,0,0,0,0,0,0,0,0,0,0,0,0,0,0
CT00075,79,79,75,79,73,74,71,67,65,64,61,58,57,53,53,53,53,52,49,49,49,49,47,47,47,48,48,50,50,50,50,50,51,51,51,51,51,45,45,45,45,45,35,35,35,35,35,28,28,28,28,28,20,20,20,20,20,15,15,15,15,15,11,11,11,11,11,7,7,7,8,8,6,6,6,6,6,4,4,4,4,4,2,2,1,1,1,1,1,1,1,1,1,0,0,0,0,0,0,0,0,0,0,0,0,0
CT00076,17,17,16,16,15,15,15,14,13,14,13,12,12,11,11,11,11,11,10,10,10,10,10,10,10,10,10,11,11,11,11,11,11,11,11,11,11,10,10,10,10,10,8,8,8,8,8,6,6,6,6,6,4,4,4,4,4,3,3,3,3,3,3,3,3,3,3,2,2,2,2,2,1,1,1,1,1,1,1,1,1,1,0,0,0,0,0,0,0,0,0,0,0,0,0,0,0,0,0,0,0,0,0,0,0,0
CT00077,68,68,65,68,64,64,61,58,56,56,53,50,49,46,46,46,46,45,42,42,42,42,41,41,41,41,41,43,44,44,44,44,44,44,44,44,44,39,39,39,39,39,30,31,31,30,30,24,24,24,24,24,17,17,17,17,17,13,13,13,13,13,10,10,10,10,10,6,6,6,7,7,5,5,5,5,5,4,3,3,3,3,2,2,1,1,1,1,1,1,0,0,0,0,0,0,0,0,0,0,0,0,0,0,0,0
CT00078,36,35,34,35,35,32,32,32,31,30,28,26,26,25,25,26,26,24,22,22,23,23,22,22,22,22,22,23,23,23,23,23,23,23,23,23,23,21,21,21,21,21,17,17,17,17,17,14,14,14,14,14,9,9,9,9,9,8,8,8,8,8,7,7,7,7,7,5,5,5,5,5,4,4,4,4,4,2,2,2,2,2,1,1,1,1,1,1,1,0,0,0,0,0,0,0,0,0,0,0,0,0,0,0,0,0
CT00079,101,102,97,95,91,90,90,87,81,86,79,73,71,69,69,70,70,68,61,62,62,62,60,60,60,61,61,64,66,65,66,66,65,66,66,66,66,60,61,61,61,61,46,46,46,46,46,36,37,37,36,36,27,27,27,27,27,20,20,20,20,20,16,16,16,17,17,12,12,12,12,12,8,8,8,9,9,6,5,5,5,5,3,2,2,2,2,2,1,1,1,1,1,1,1,0,0,0,0,0,0,0,0,0,0,0
CT00080,44,44,41,44,41,41,39,37,36,36,34,32,31,29,29,29,29,29,27,27,27,27,26,26,26,26,26,28,28,28,28,28,28,28,28,28,28,25,25,25,25,25,19,20,20,19,19,15,16,16,15,15,11,11,11,11,11,8,8,8,8,8,6,6,6,6,6,4,4,4,4,4,3,3,3,3,3,2,2,2,2,2,1,1,1,1,1,1,1,0,0,0,0,0,0,0,0,0,0,0,0,0,0,0,0,0
CT00081,26,26,25,26,24,25,23,22,21,21,20,19,19,17,17,18,18,17,16,16,16,16,16,16,16,16,16,17,17,17,17,17,17,17,17,17,17,15,15,15,15,15,12,12,12,12,12,9,9,9,9,9,6,6,6,6,6,5,5,5,5,5,4,4,4,4,4,2,2,2,3,3,2,2,2,2,2,1,1,1,1,1,1,1,0,0,0,0,0,0,0,0,0,0,0,0,0,0,0,0,0,0,0,0,0,0
CT00082,22,21,20,21,21,19,19,19,18,18,17,16,15,15,15,15,15,14,13,13,13,13,13,13,13,13,13,14,14,14,14,14,14,14,14,14,14,12,12,12,12,12,10,10,10,10,10,8,8,8,8,8,6,6,6,6,6,5,5,5,5,5,4,4,4,4,4,3,3,3,3,3,2,2,2,2,2,1,1,1,1,1,1,1,0,0,0,0,0,0,0,0,0,0,0,0,0,0,0,0,0,0,0,0,0,0
CT00083,15,14,13,14,13,14,13,13,12,12,11,10,10,10,10,10,10,8,9,9,9,9,9,9,9,9,9,8,9,9,9,9,9,9,9,9,9,8,8,8,8,8,6,6,6,6,6,5,5,5,5,5,4,4,4,4,4,3,3,3,3,3,2,2,2,2,2,2,2,2,2,2,1,1,1,1,1,1,1,1,1,1,0,0,0,0,0,0,0,0,0,0,0,0,0,0,0,0,0,0,0,0,0,0,0,0
CT00084,319,343,315,321,332,313,306,315,292,293,293,266,268,234,234,235,235,199,188,189,189,189,183,184,184,185,185,188,189,189,190,190,187,188,188,188,188,167,168,168,167,167,135,135,135,135,135,107,108,108,108,108,79,79,79,79,79,70,70,71,71,71,56,57,57,57,57,40,40,40,41,41,28,29,29,30,30,18,18,18,17,17,9,8,7,6,6,6,5,4,3,3,3,3,2,2,2,0,0,0,0,0,0,0,0,0
CT00085,23,22,22,22,22,20,20,20,19,19,18,17,16,16,16,16,16,15,14,14,14,14,14,14,14,14,14,15,15,15,15,15,15,15,15,15,15,13,13,13,13,13,10,11,11,11,11,9,9,9,9,9,6,6,6,6,6,5,5,5,5,5,4,4,4,4,4,3,3,3,3,3,2,2,2,2,2,2,2,2,1,1,1,1,0,0,0,0,0,0,0,0,0,0,0,0,0,0,0,0,0,0,0,0,0,0
CT00086,69,72,68,64,67,63,63,62,59,59,55,51,52,49,49,49,49,46,43,43,44,44,40,40,40,41,41,43,43,43,43,43,41,41,41,41,41,35,35,35,35,35,28,28,28,28,28,20,21,21,20,20,14,14,14,14,14,12,12,12,12,12,9,9,9,9,9,6,6,6,6,6,4,5,5,5,5,3,3,3,3,3,2,1,1,1,1,1,1,1,0,0,0,0,0,0,0,0,0,0,0,0,0,0,0,0
CT00087,58,57,57,53,60,56,54,56,52,53,53,50,49,45,45,45,45,41,37,37,37,37,35,35,35,36,36,36,36,36,36,36,39,39,39,39,39,38,38,38,38,38,32,32,32,32,32,27,27,27,27,27,19,19,19,19,19,15,15,16,16,16,14,14,14,14,14,10,10,10,10,10,8,8,8,8,8,6,6,6,6,6,2,2,2,1,1,1,1,1,1,1,1,1,1,1,1,0,0,0,0,0,0,0,0,0
CT00088,22,24,23,23,22,24,21,22,21,21,20,19,18,16,16,16,16,14,13,13,13,13,13,13,13,13,13,14,14,14,14,14,16,16,16,16,16,14,14,14,14,14,11,11,11,11,11,8,9,9,9,9,6,6,6,6,6,5,5,5,5,5,4,4,4,4,4,3,3,3,3,3,2,2,2,2,2,2,2,2,2,2,1,1,1,0,0,0,0,0,0,0,0,0,0,0,0,0,0,0,0,0,0,0,0,0
CT00089,63,65,62,58,61,57,57,56,54,53,50,46,47,44,44,45,45,41,39,39,40,40,36,37,37,37,37,39,39,39,39,39,37,37,37,37,37,32,32,32,32,32,25,25,25,25,25,18,19,19,19,19,13,13,13,13,13,10,11,11,11,11,8,8,8,8,8,6,6,6,6,6,4,4,4,4,4,3,3,3,3,3,2,1,1,1,1,1,1,1,0,0,0,0,0,0,0,0,0,0,0,0,0,0,0,0
CT00090,60,60,57,60,56,56,54,51,49,49,47,44,43,40,40,40,40,40,37,37,37,37,36,36,36,36,36,38,38,38,38,38,39,39,39,39,39,34,34,34,34,34,27,27,27,27,27,21,21,21,21,21,15,15,15,15,15,11,12,12,12,12,8,9,9,9,9,6,6,6,6,6,4,4,4,5,5,3,3,3,3,3,2,1,1,1,1,1,1,1,0,0,0,0,0,0,0,0,0,0,0,0,0,0,0,0
CT00091,13,12,12,12,12,11,11,11,11,11,10,9,9,9,9,9,9,8,8,8,8,8,8,8,8,8,8,8,8,8,8,8,8,8,8,8,8,7,7,7,7,7,6,6,6,6,6,5,5,5,5,5,3,3,3,3,3,3,3,3,3,3,2,2,2,2,2,2,2,2,2,2,1,1,1,1,1,1,1,1,1,1,0,0,0,0,0,0,0,0,0,0,0,0,0,0,0,0,0,0,0,0,0,0,0,0
CT00092,23,23,22,23,21,22,21,20,19,19,18,17,17,15,15,15,15,15,14,14,14,14,14,14,14,14,14,15,15,15,15,15,15,15,15,15,15,13,13,13,13,13,10,10,10,10,10,8,8,8,8,8,6,6,6,6,6,4,4,4,4,4,3,3,3,3,3,2,2,2,2,2,2,2,2,2,2,1,1,1,1,1,1,1,0,0,0,0,0,0,0,0,0,0,0,0,0,0,0,0,0,0,0,0,0,0
CT00093,57,56,55,52,58,54,53,54,51,52,51,49,48,44,44,44,44,40,36,36,36,36,34,34,34,35,35,35,35,35,35,35,38,38,38,38,38,37,37,37,37,37,31,31,31,31,31,26,26,26,26,26,19,19,19,19,19,15,15,15,15,15,13,14,14,14,14,10,10,10,10,10,8,8,8,8,8,6,6,6,6,6,2,2,2,1,1,1,1,1,1,1,1,1,1,1,1,0,0,0,0,0,0,0,0,0
CT00094,12,12,12,10,10,10,9,9,9,10,8,6,8,9,9,9,9,8,7,7,7,7,8,8,8,8,8,7,7,7,7,7,7,7,7,7,7,7,7,7,7,7,5,5,5,5,5,5,5,5,5,5,3,3,3,3,3,2,2,2,2,2,2,2,2,2,2,2,2,2,2,2,1,1,1,1,1,1,1,1,1,1,0,0,0,0,0,0,0,0,0,0,0,0,0,0,0,0,0,0,0,0,0,0,0,0
CT00095,49,48,48,45,50,47,45,47,44,45,44,42,41,38,38,38,38,35,31,31,31,31,29,30,30,30,30,30,30,30,30,30,33,33,33,33,33,32,32,32,32,32,27,27,27,27,27,23,23,23,23,23,16,16,16,16,16,13,13,13,13,13,12,12,12,12,12,9,9,9,9,9,7,7,7,7,7,5,5,5,5,5,2,2,1,1,1,1,1,1,1,1,1,1,1,1,1,0,0,0,0,0,0,0,0,0
CT00096,29,28,28,25,24,25,22,22,21,25,19,15,18,20,20,20,20,18,17,17,17,17,18,18,18,18,18,17,17,17,17,17,18,18,18,18,18,16,16,16,16,16,12,12,12,12,12,11,11,11,11,11,8,8,8,8,8,6,6,6,6,6,5,5,5,5,5,4,4,4,4,4,3,3,3,3,3,2,2,2,2,2,1,1,1,1,1,1,0,0,0,0,0,0,0,0,0,0,0,0,0,0,0,0,0,0
CT00097,16,16,16,15,17,16,15,16,15,15,15,14,14,13,13,13,13,12,10,10,10,10,10,10,10,10,10,10,10,10,10,10,11,11,11,11,11,10,11,11,11,11,9,9,9,9,9,8,8,8,8,8,5,5,5,5,5,4,4,4,4,4,4,4,4,4,4,3,3,3,3,3,2,2,2,2,2,2,2,2,2,2,1,1,0,0,0,0,0,0,0,0,0,0,0,0,0,0,0,0,0,0,0,0,0,0
CT00098,102,102,97,102,95,96,92,87,84,84,80,75,73,68,68,69,69,68,63,63,63,63,61,62,62,62,62,65,65,65,65,65,66,66,66,66,66,58,59,59,58,58,45,46,46,46,46,36,36,36,36,36,25,25,25,25,25,19,20,20,20,20,14,15,15,15,15,10,10,10,10,10,7,7,8,8,8,5,5,5,5,5,3,2,2,2,2,2,1,1,1,1,1,1,1,0,0,0,0,0,0,0,0,0,0,0
CT00099,49,47,48,42,40,42,38,37,35,42,32,25,31,35,35,35,35,31,29,29,29,29,31,31,31,31,31,29,29,29,29,29,30,30,30,30,30,28,28,28,28,28,20,20,20,20,20,19,19,19,19,19,14,14,14,14,14,10,10,10,10,10,8,8,8,8,8,6,7,7,7,7,5,5,5,5,5,3,3,3,3,3,1,1,1,1,1,1,1,1,0,0,0,0,0,0,0,0,0,0,0,0,0,0,0,0
CT00100,46,45,44,42,47,44,42,44,41,42,41,39,39,35,35,35,35,32,29,29,29,29,28,28,28,28,28,28,28,28,28,28,31,31,31,31,31,29,30,30,29,29,25,25,25,25,25,21,21,21,21,21,15,15,15,15,15,12,12,12,12,12,11,11,11,11,11,8,8,8,8,8,6,6,6,6,6,5,5,5,4,4,2,1,1,1,1,1,1,1,1,1,1,1,1,1,1,0,0,0,0,0,0,0,0,0
CT00101,160,153,151,154,154,141,139,140,134,134,124,116,113,111,112,112,112,103,98,99,99,99,96,97,97,98,98,101,102,102,102,102,101,101,101,101,101,91,91,91,91,91,73,73,73,73,73,60,60,60,60,60,41,41,41,41,41,35,35,35,35,35,29,29,29,29,29,20,21,21,21,21,16,16,17,17,17,11,11,11,10,10,4,4,3,3,3,3,2,2,1,1,1,1,1,1,1,0,0,0,0,0,0,0,0,0
CT00102,49,51,48,45,47,44,44,44,42,41,39,36,36,34,34,35,35,32,30,31,31,31,28,28,28,29,29,30,30,30,30,30,29,29,29,29,29,25,25,25,25,25,19,19,20,19,19,14,14,14,14,14,10,10,10,10,10,8,8,8,8,8,6,6,6,6,6,4,5,5,5,5,3,3,3,3,3,2,2,2,2,2,1,1,1,1,1,1,1,0,0,0,0,0,0,0,0,0,0,0,0,0,0,0,0,0
CT00103,93,89,88,90,89,82,81,82,78,78,72,68,66,65,65,65,65,60,57,57,58,58,56,56,56,57,57,59,59,59,59,59,58,59,59,59,59,53,53,53,53,53,42,42,42,42,42,35,35,35,35,35,24,24,24,24,24,20,20,20,20,20,17,17,17,17,17,12,12,12,12,12,9,10,10,10,10,6,6,6,6,6,3,2,2,2,2,2,1,1,1,1,1,1,1,1,1,0,0,0,0,0,0,0,0,0
CT00104,31,33,31,29,31,29,28,28,27,27,25,23,24,22,22,22,22,21,20,20,20,20,18,18,18,18,18,19,19,19,20,20,18,19,19,19,19,16,16,16,16,16,13,13,13,13,13,9,9,9,9,9,6,6,6,6,6,5,5,5,5,5,4,4,4,4,4,3,3,3,3,3,2,2,2,2,2,1,1,1,1,1,1,1,1,0,0,0,0,0,0,0,0,0,0,0,0,0,0,0,0,0,0,0,0,0
CT00105,101,107,105,102,101,110,94,102,95,96,91,87,80,72,72,72,72,65,60,61,61,61,60,61,61,61,61,63,65,65,65,65,72,74,73,73,73,64,65,65,65,65,51,52,52,52,52,38,39,39,39,39,28,29,29,29,29,24,24,24,24,24,19,20,20,20,20,13,13,13,13,13,11,11,11,11,11,8,8,8,7,7,3,3,2,2,2,2,2,1,1,1,1,1,1,1,1,0,0,0,0,0,0,0,0,0
CT00106,101,101,96,101,94,95,91,86,83,83,79,74,72,67,67,68,68,67,62,62,63,63,61,61,61,61,61,64,64,64,65,65,65,65,65,65,65,58,58,58,58,58,45,45,45,45,45,36,36,36,36,36,25,25,25,25,25,19,19,20,20,20,14,14,15,15,15,9,10,10,10,10,7,7,8,8,8,5,5,5,5,5,3,2,2,2,2,2,1,1,1,1,1,1,1,0,0,0,0,0,0,0,0,0,0,0
CT00107,31,30,29,30,30,27,27,27,26,26,24,23,22,22,22,22,22,20,19,19,19,19,19,19,19,19,19,20,20,20,20,20,20,20,20,20,20,18,18,18,18,18,14,14,14,14,14,12,12,12,12,12,8,8,8,8,8,7,7,7,7,7,6,6,6,6,6,4,4,4,4,4,3,3,3,3,3,2,2,2,2,2,1,1,1,1,1,1,0,0,0,0,0,0,0,0,0,0,0,0,0,0,0,0,0,0
CT00108,44,42,42,38,36,37,33,33,31,37,29,22,28,31,31,31,31,28,26,26,26,26,27,27,27,28,28,26,26,26,26,26,27,27,27,27,27,25,25,25,24,24,17,17,17,17,17,17,17,17,17,17,12,12,12,12,12,9,9,9,9,9,7,7,7,7,7,6,6,6,6,6,5,5,5,5,5,2,2,2,2,2,1,1,1,1,1,1,1,0,0,0,0,0,0,0,0,0,0,0,0,0,0,0,0,0
CT00109,12,12,12,11,10,11,9,9,9,11,8,6,8,9,9,9,9,8,7,7,7,7,8,8,8,8,8,7,7,7,7,7,8,8,8,8,8,7,7,7,7,7,5,5,5,5,5,5,5,5,5,5,3,3,3,3,3,2,2,3,3,3,2,2,2,2,2,2,2,2,2,2,1,1,1,1,1,1,1,1,1,1,0,0,0,0,0,0,0,0,0,0,0,0,0,0,0,0,0,0,0,0,0,0,0,0
CT00110,37,38,36,35,34,33,33,32,30,32,29,27,26,26,26,26,26,25,23,23,23,23,22,22,22,22,22,24,24,24,24,24,24,24,24,24,24,22,23,23,22,22,17,17,17,17,17,13,14,14,13,13,10,10,10,10,10,7,7,8,8,8,6,6,6,6,6,4,4,4,4,4,3,3,3,3,3,2,2,2,2,2,1,1,1,1,1,1,0,0,0,0,0,0,0,0,0,0,0,0,0,0,0,0,0,0
CT00111,13,12,12,12,12,11,11,11,11,11,10,9,9,9,9,9,9,8,8,8,8,8,8,8,8,8,8,8,8,8,8,8,8,8,8,8,8,7,7,7,7,7,6,6,6,6,6,5,5,5,5,5,3,3,3,3,3,3,3,3,3,3,2,2,2,2,2,2,2,2,2,2,1,1,1,1,1,1,1,1,1,1,0,0,0,0,0,0,0,0,0,0,0,0,0,0,0,0,0,0,0,0,0,0,0,0
CT00112,37,35,35,31,30,31,28,28,26,31,24,18,23,26,26,26,26,23,21,21,21,21,23,23,23,23,23,22,22,22,22,22,22,22,22,22,22,21,21,21,20,20,15,15,15,15,15,14,14,14,14,14,10,10,10,10,10,7,7,7,7,7,6,6,6,6,6,5,5,5,5,5,4,4,4,4,4,2,2,2,2,2,1,1,1,1,1,1,1,0,0,0,0,0,0,0,0,0,0,0,0,0,0,0,0,0
CT00113,113,111,110,104,116,108,105,108,102,104,102,98,96,87,88,88,88,80,71,72,72,72,68,69,69,69,69,69,70,70,70,70,76,77,77,77,77,73,74,74,73,73,62,62,62,62,62,52,53,53,53,53,37,37,37,37,37,30,30,30,30,30,27,27,27,27,27,20,20,20,20,20,15,15,16,16,16,12,12,11,11,11,4,4,3,3,3,3,2,2,2,2,2,1,1,1,1,0,0,0,0,0,0,0,0,0
CT00114,111,111,105,111,103,105,100,94,91,91,87,82,80,74,74,74,74,74,68,69,69,69,67,67,67,67,67,70,71,71,71,71,71,72,72,72,72,63,64,64,63,63,49,50,50,50,50,39,40,40,39,39,27,28,28,28,28,21,21,22,22,22,16,16,16,16,16,10,11,11,11,11,8,8,8,8,8,6,6,5,5,5,3,3,2,2,2,2,1,1,1,1,1,1,1,0,0,0,0,0,0,0,0,0,0,0
CT00115,87,87,82,87,81,82,78,74,71,71,68,64,62,58,58,58,58,57,53,54,54,54,52,52,52,53,53,55,55,55,55,55,56,56,56,56,56,50,50,50,50,50,39,39,39,39,39,31,31,31,31,31,21,22,22,22,22,17,17,17,17,17,12,12,12,13,13,8,8,8,8,8,6,6,6,7,7,4,4,4,4,4,2,2,2,1,1,1,1,1,1,1,1,0,0,0,0,0,0,0,0,0,0,0,0,0
CT00116,35,37,35,33,34,32,32,32,30,30,28,26,26,25,25,25,25,23,22,22,22,22,20,21,21,21,21,22,22,22,22,22,21,21,21,21,21,18,18,18,18,18,14,14,14,14,14,10,10,10,10,10,7,7,7,7,7,6,6,6,6,6,4,4,5,5,5,3,3,3,3,3,2,2,2,2,2,2,2,2,1,1,1,1,1,1,1,1,0,0,0,0,0,0,0,0,0,0,0,0,0,0,0,0,0,0
CT00117,120,129,118,121,125,118,115,118,110,110,110,100,101,88,88,88,88,75,71,71,71,71,69,69,69,70,70,71,71,71,71,71,70,71,71,71,71,63,63,63,63,63,51,51,51,51,51,40,41,41,40,40,30,30,30,30,30,26,26,27,27,27,21,21,21,22,22,15,15,15,15,15,11,11,11,11,11,7,7,7,6,6,3,3,3,2,2,2,2,1,1,1,1,1,1,1,1,0,0,0,0,0,0,0,0,0
CT00118,34,35,33,33,31,31,31,30,28,29,27,25,24,24,24,24,24,23,21,21,21,21,20,21,21,21,21,22,22,22,22,22,22,23,23,23,23,20,21,21,21,21,16,16,16,16,16,12,13,12,12,12,9,9,9,9,9,7,7,7,7,7,6,6,6,6,6,4,4,4,4,4,3,3,3,3,3,2,2,2,2,2,1,1,1,1,1,1,0,0,0,0,0,0,0,0,0,0,0,0,0,0,0,0,0,0
CT00119,6,6,6,6,5,5,5,5,5,5,5,4,4,4,4,4,4,4,4,4,4,4,4,4,4,4,4,4,4,4,4,4,4,4,4,4,4,4,4,4,4,4,3,3,3,3,3,2,2,2,2,2,2,2,2,2,2,1,1,1,1,1,1,1,1,1,1,1,1,1,1,1,0,0,0,1,1,0,0,0,0,0,0,0,0,0,0,0,0,0,0,0,0,0,0,0,0,0,0,0,0,0,0,0,0,0
CT00120,42,42,40,42,39,39,38,36,34,34,33,31,30,28,28,28,28,28,26,26,26,26,25,25,25,25,25,26,27,27,27,27,27,27,27,27,27,24,24,24,24,24,19,19,19,19,19,15,15,15,15,15,10,10,10,10,10,8,8,8,8,8,6,6,6,6,6,4,4,4,4,4,3,3,3,3,3,2,2,2,2,2,1,1,1,1,1,1,1,0,0,0,0,0,0,0,0,0,0,0,0,0,0,0,0,0
CT00121,46,51,45,47,56,47,47,43,56,44,44,44,36,33,33,33,33,35,34,34,34,34,27,27,27,28,28,34,34,34,34,34,33,33,33,33,33,36,36,36,36,36,30,30,30,30,30,22,22,22,22,22,15,15,15,15,15,11,11,11,11,11,11,12,12,12,12,8,8,8,8,8,11,11,11,11,11,9,9,9,9,9,3,2,2,2,2,2,2,2,2,2,2,1,1,1,1,0,0,0,0,0,0,0,0,0
CT00122,46,44,44,39,37,39,35,35,33,39,30,23,29,32,32,32,32,29,27,27,27,27,29,29,29,29,29,27,27,27,27,27,28,28,28,28,28,26,26,26,26,26,18,18,18,18,18,18,18,18,17,17,13,13,13,13,13,9,9,9,9,9,8,8,8,8,8,6,6,6,6,6,5,5,5,5,5,3,3,2,2,2,1,1,1,1,1,1,1,1,0,0,0,0,0,0,0,0,0,0,0,0,0,0,0,0
CT00123,20,20,19,18,19,18,18,18,17,17,16,14,15,14,14,14,14,13,12,12,12,12,11,11,11,12,12,12,12,12,12,12,12,12,12,12,12,10,10,10,10,10,8,8,8,8,8,6,6,6,6,6,4,4,4,4,4,3,3,3,3,3,2,2,3,3,3,2,2,2,2,2,1,1,1,1,1,1,1,1,1,1,0,0,0,0,0,0,0,0,0,0,0,0,0,0,0,0,0,0,0,0,0,0,0,0
CT00124,116,116,110,116,108,109,104,98,95,94,90,85,83,77,77,77,77,77,71,71,72,72,69,70,70,70,70,73,74,74,74,74,74,75,75,75,75,66,66,66,66,66,51,52,52,52,52,41,41,41,41,41,29,29,29,29,29,22,22,22,22,22,16,17,17,17,17,11,11,11,11,11,8,8,9,9,9,6,6,6,5,5,3,3,2,2,2,2,1,1,1,1,1,1,1,1,1,0,0,0,0,0,0,0,0,0
CT00125,11,11,10,11,10,10,10,9,9,9,9,8,8,7,7,7,7,7,7,7,7,7,7,7,7,7,7,7,7,7,7,7,7,7,7,7,7,6,6,6,6,6,5,5,5,5,5,4,4,4,4,4,3,3,3,3,3,2,2,2,2,2,2,2,2,2,2,1,1,1,1,1,1,1,1,1,1,1,1,1,1,1,0,0,0,0,0,0,0,0,0,0,0,0,0,0,0,0,0,0,0,0,0,0,0,0
CT00126,22,22,21,21,20,20,20,19,18,19,17,16,16,15,15,15,15,15,13,14,14,14,13,13,13,13,13,14,14,14,14,14,14,14,14,14,14,13,13,13,13,13,10,10,10,10,10,8,8,8,8,8,6,6,6,6,6,4,4,4,4,4,4,4,4,4,4,3,3,3,3,3,2,2,2,2,2,1,1,1,1,1,1,1,0,0,0,0,0,0,0,0,0,0,0,0,0,0,0,0,0,0,0,0,0,0
BR00001,6,6,5,6,5,6,5,5,5,5,5,5,6,5,5,5,5,4,4,4,4,4,4,4,4,4,4,4,4,4,4,4,5,5,5,5,5,4,4,4,4,4,4,4,4,4,4,3,3,3,3,3,2,2,2,2,2,2,2,2,2,2,2,2,2,2,2,1,1,1,1,1,1,1,1,1,1,1,1,1,0,0,0,0,0,0,0,0,0,0,0,0,0,0,0,0,0,0,0,0,0,0,0,0,0,0
BR00002,6,6,6,6,6,6,6,6,6,6,6,6,6,6,6,6,6,6,5,5,5,5,5,5,5,5,5,5,5,5,5,5,5,5,5,5,5,5,5,5,5,5,4,4,4,4,4,3,3,3,3,3,2,2,2,2,2,2,2,2,2,2,2,2,2,2,2,1,1,1,1,1,1,1,1,1,1,1,1,1,1,1,0,0,0,0,0,0,0,0,0,0,0,0,0,0,0,0,0,0,0,0,0,0,0,0
BR00003,3,3,3,3,3,3,3,3,3,3,3,3,3,3,3,3,3,3,2,2,2,2,2,2,2,2,2,2,2,2,2,2,2,2,2,2,2,2,2,2,2,2,2,2,2,2,2,2,2,2,2,2,1,1,1,1,1,1,1,1,1,1,1,1,1,1,1,1,1,1,1,1,0,0,0,0,0,0,0,0,0,0,0,0,0,0,0,0,0,0,0,0,0,0,0,0,0,0,0,0,0,0,0,0,0,0
BR00004,43,46,42,44,42,43,43,42,42,42,41,41,43,37,38,38,38,35,34,34,34,34,33,33,33,33,33,34,34,34,35,35,37,37,37,37,37,34,34,34,34,34,28,28,28,28,28,22,23,23,23,23,17,17,17,17,17,14,14,14,14,14,12,12,12,12,12,8,8,8,9,9,6,6,6,6,6,4,4,4,4,4,2,1,1,1,1,1,1,1,1,1,1,0,0,0,0,0,0,0,0,0,0,0,0,0
BR00005,695,708,673,710,720,716,685,661,666,694,682,716,699,658,660,662,662,641,586,591,591,591,568,572,572,576,576,586,598,597,599,599,617,625,624,624,624,571,578,577,574,574,474,478,478,478,478,392,398,397,396,396,287,289,289,288,288,235,237,238,239,239,187,189,190,190,190,134,135,135,136,136,97,99,100,101,101,66,66,64,62,62,27,24,21,17,17,17,14,11,9,9,9,8,8,7,7,1,1,0,0,0,0,0,0,0
BR00006,13,13,12,13,14,13,13,13,13,13,13,14,13,13,13,13,13,13,11,11,11,11,10,10,10,10,10,10,10,10,10,10,10,10,10,10,10,10,10,10,10,10,8,8,9,8,8,7,7,7,7,7,5,5,5,5,5,4,4,4,4,4,4,4,4,4,4,3,3,3,3,3,2,2,2,2,2,1,1,1,1,1,1,0,0,0,0,0,0,0,0,0,0,0,0,0,0,0,0,0,0,0,0,0,0,0
BR00007,21,22,21,22,22,22,21,20,20,21,21,22,21,20,20,20,20,20,18,18,18,18,17,18,18,18,18,18,18,18,18,18,19,19,19,19,19,18,18,18,18,18,15,15,15,15,15,12,12,12,12,12,9,9,9,9,9,7,7,7,7,7,6,6,6,6,6,4,4,4,4,4,3,3,3,3,3,2,2,2,2,2,1,1,1,1,1,1,0,0,0,0,0,0,0,0,0,0,0,0,0,0,0,0,0,0
BR00008,39,46,37,41,40,42,43,45,44,44,41,46,45,36,37,37,37,28,26,26,26,26,26,26,26,26,26,25,25,25,25,25,28,28,28,28,28,28,28,28,28,28,24,24,24,24,24,23,23,23,23,23,19,19,19,19,19,15,16,16,16,16,10,10,10,10,10,7,8,8,8,8,6,7,7,7,7,4,4,4,4,4,2,1,1,1,1,1,1,1,1,1,1,1,1,1,1,0,0,0,0,0,0,0,0,0
BR00009,16,16,17,16,17,17,16,16,16,16,15,15,14,14,14,14,14,14,12,12,12,12,11,11,11,11,11,11,11,11,11,11,11,11,11,11,11,11,11,11,11,11,8,8,8,8,8,7,7,7,7,7,5,5,5,5,5,4,4,4,4,4,4,4,4,4,4,2,2,2,3,3,2,2,2,2,2,1,1,1,1,1,1,1,0,0,0,0,0,0,0,0,0,0,0,0,0,0,0,0,0,0,0,0,0,0
BR00010,7,6,6,6,6,7,6,7,6,6,6,5,6,4,4,4,4,4,3,3,3,3,4,4,4,4,4,4,4,4,4,4,4,4,4,4,4,4,4,4,4,4,3,3,3,3,3,2,2,2,2,2,2,2,2,2,2,1,1,1,1,1,1,1,1,1,1,1,1,1,1,1,1,1,1,1,1,1,1,0,0,0,0,0,0,0,0,0,0,0,0,0,0,0,0,0,0,0,0,0,0,0,0,0,0,0
BR00011,22,24,20,23,23,23,21,20,22,20,19,17,18,15,15,16,16,16,17,17,17,17,17,17,17,17,17,16,16,16,16,16,17,17,17,17,17,14,14,14,14,14,10,10,10,10,10,8,8,8,8,8,5,5,5,5,5,4,4,4,4,4,3,3,3,3,3,2,2,2,2,2,2,2,2,2,2,1,1,1,1,1,1,0,0,0,0,0,0,0,0,0,0,0,0,0,0,0,0,0,0,0,0,0,0,0
BR00012,16,15,14,15,14,15,14,13,14,15,14,13,14,13,13,13,13,13,13,13,13,13,13,13,13,13,13,13,14,14,14,14,14,14,14,14,14,13,13,13,13,13,10,10,10,10,10,8,8,8,8,8,6,6,6,6,6,5,5,5,5,5,3,3,3,3,3,2,2,2,2,2,1,1,1,2,2,1,1,1,1,1,1,0,0,0,0,0,0,0,0,0,0,0,0,0,0,0,0,0,0,0,0,0,0,0
BR00013,600,636,583,610,590,607,596,587,591,592,576,577,600,523,524,526,526,489,469,471,472,472,457,459,459,463,463,476,480,480,482,482,512,515,515,515,515,470,472,472,470,470,390,392,392,391,391,313,316,315,314,314,236,237,237,237,237,196,198,199,199,199,164,165,166,166,166,117,118,118,119,119,85,87,88,88,88,58,57,56,54,54,22,20,17,14,14,14,12,9,7,7,7,7,6,6,6,0,0,0,0,0,0,0,0,0
BR00014,5,5,5,5,6,5,5,5,5,5,5,6,6,5,5,5,5,5,4,4,4,4,4,4,4,4,4,4,4,4,4,4,4,4,4,4,4,4,4,4,4,4,3,3,3,3,3,3,3,3,3,3,2,2,2,2,2,2,2,2,2,2,2,2,2,2,2,1,1,1,1,1,1,1,1,1,1,1,1,1,1,1,0,0,0,0,0,0,0,0,0,0,0,0,0,0,0,0,0,0,0,0,0,0,0,0
BR00015,44,39,42,38,35,40,35,37,36,36,35,37,35,31,31,31,31,31,30,30,30,30,29,29,29,29,29,30,30,30,30,30,31,31,31,31,31,27,27,27,27,27,21,21,21,21,21,17,17,17,17,17,12,12,12,12,12,10,10,10,10,10,8,8,8,8,8,6,6,6,6,6,4,4,4,4,4,3,3,3,3,3,1,1,1,1,1,1,1,0,0,0,0,0,0,0,0,0,0,0,0,0,0,0,0,0
BR00016,17,18,17,18,18,18,17,17,17,17,17,18,18,17,17,17,17,16,15,15,15,15,14,14,14,14,14,15,15,15,15,15,16,16,16,16,16,14,15,15,14,14,12,12,12,12,12,10,10,10,10,10,7,7,7,7,7,6,6,6,6,6,5,5,5,5,5,3,3,3,3,3,2,2,3,3,3,2,2,2,2,2,1,1,1,0,0,0,0,0,0,0,0,0,0,0,0,0,0,0,0,0,0,0,0,0
BR00017,75,76,72,76,77,77,73,71,71,74,73,77,75,71,71,71,71,69,63,63,63,63,61,61,61,62,62,63,64,64,64,64,66,67,67,67,67,61,62,62,62,62,51,51,51,51,51,42,43,43,42,42,31,31,31,31,31,25,25,26,26,26,20,20,20,20,20,14,15,14,15,15,10,11,11,11,11,7,7,7,7,7,3,3,2,2,2,2,2,1,1,1,1,1,1,1,1,0,0,0,0,0,0,0,0,0
BR00018,493,500,486,490,538,510,501,518,507,507,512,537,527,496,497,498,498,493,423,424,425,425,390,391,391,394,394,381,384,384,386,386,396,399,399,399,399,384,386,386,384,384,331,332,333,332,332,284,286,286,284,284,210,210,210,210,210,169,169,170,171,171,145,146,147,147,147,104,105,105,105,105,78,79,80,81,81,54,54,52,51,51,20,18,15,13,13,13,11,9,7,7,7,7,6,6,6,0,0,0,0,0,0,0,0,0
BR00019,13,13,12,13,12,13,12,11,12,12,12,11,12,11,11,11,11,11,11,11,11,11,11,11,11,11,11,11,12,12,12,12,12,12,12,12,12,11,11,11,11,11,8,8,8,8,8,7,7,7,7,7,5,5,5,5,5,4,4,4,4,4,3,3,3,3,3,2,2,2,2,2,1,1,1,1,1,1,1,1,1,1,0,0,0,0,0,0,0,0,0,0,0,0,0,0,0,0,0,0,0,0,0,0,0,0
BR00020,10,9,9,9,8,9,8,8,8,8,8,8,8,7,7,7,7,7,7,7,7,7,7,7,7,7,7,7,7,7,7,7,7,7,7,7,7,6,6,6,6,6,5,5,5,5,5,4,4,4,4,4,3,3,3,3,3,2,2,2,2,2,2,2,2,2,2,1,1,1,1,1,1,1,1,1,1,1,1,1,1,1,0,0,0,0,0,0,0,0,0,0,0,0,0,0,0,0,0,0,0,0,0,0,0,0
BR00021,21,19,19,17,20,20,21,18,19,20,19,22,23,18,18,18,18,16,15,15,15,15,14,14,14,14,14,14,14,14,14,14,14,15,15,14,14,14,14,14,14,14,11,11,11,11,11,10,10,10,10,10,7,7,7,7,7,6,6,6,6,6,5,5,5,5,5,4,4,4,4,4,3,3,3,3,3,2,2,2,2,2,1,1,1,0,0,0,0,0,0,0,0,0,0,0,0,0,0,0,0,0,0,0,0,0
BR00022,10,10,9,10,9,9,9,9,9,9,9,8,9,8,8,8,8,8,8,8,8,8,8,8,8,9,9,9,9,9,9,9,9,9,9,9,9,8,8,8,8,8,6,6,6,6,6,5,5,5,5,5,4,4,4,4,4,3,3,3,3,3,2,2,2,2,2,1,1,1,1,1,1,1,1,1,1,1,1,1,1,1,0,0,0,0,0,0,0,0,0,0,0,0,0,0,0,0,0,0,0,0,0,0,0,0
BR00023,47,47,46,48,46,45,47,45,44,46,46,46,49,38,38,38,38,31,33,33,33,33,31,31,31,31,31,32,32,32,32,32,34,35,35,35,35,32,32,32,32,32,25,25,25,25,25,20,20,20,20,20,15,15,15,15,15,11,11,11,11,11,9,10,10,10,10,6,6,6,6,6,4,5,5,5,5,3,3,3,3,3,1,1,1,1,1,1,1,1,0,0,0,0,0,0,0,0,0,0,0,0,0,0,0,0
BR00024,19,17,18,16,15,17,15,16,16,15,15,16,15,13,13,13,13,13,13,13,13,13,13,13,13,13,13,13,13,13,13,13,14,14,14,14,14,12,12,12,12,12,9,9,9,9,9,7,7,7,7,7,5,5,5,5,5,4,4,4,4,4,3,3,4,4,4,3,3,3,3,3,2,2,2,2,2,1,1,1,1,1,1,0,0,0,0,0,0,0,0,0,0,0,0,0,0,0,0,0,0,0,0,0,0,0
BR00025,9,10,10,10,9,10,9,9,9,9,9,9,10,7,7,7,7,6,7,7,7,7,6,6,6,6,6,7,7,7,7,7,7,7,7,7,7,7,7,7,7,7,5,5,5,5,5,4,4,4,4,4,3,3,3,3,3,3,3,3,3,3,2,2,2,2,2,2,2,2,2,2,1,1,1,1,1,1,1,1,1,1,0,0,0,0,0,0,0,0,0,0,0,0,0,0,0,0,0,0,0,0,0,0,0,0
BR00026,132,129,118,131,128,126,117,115,109,100,106,109,90,82,83,83,83,83,78,78,78,78,78,78,78,79,79,89,90,90,90,90,88,89,89,89,89,73,73,73,73,73,62,63,63,63,63,47,47,47,47,47,32,32,32,32,32,26,26,27,27,27,19,19,20,20,20,13,13,13,13,13,8,9,9,9,9,8,7,7,7,7,3,3,2,2,2,2,2,1,1,1,1,1,1,0,0,0,0,0,0,0,0,0,0,0
BR00027,38,37,38,37,38,39,37,36,37,36,35,34,33,32,32,32,32,32,28,28,28,28,25,26,26,26,26,26,26,26,26,26,26,26,26,26,26,24,24,24,24,24,19,19,19,19,19,16,16,16,16,16,13,13,13,13,13,10,10,10,10,10,9,9,9,9,9,6,6,6,6,6,4,4,4,4,4,3,3,3,3,3,1,1,1,1,1,1,1,1,0,0,0,0,0,0,0,0,0,0,0,0,0,0,0,0
BR00028,17,17,16,17,18,17,17,17,17,17,17,18,18,17,17,17,17,17,14,14,14,14,13,13,13,13,13,13,13,13,13,13,13,13,13,13,13,13,13,13,13,13,11,11,11,11,11,10,10,10,10,10,7,7,7,7,7,6,6,6,6,6,5,5,5,5,5,4,4,4,4,4,3,3,3,3,3,2,2,2,2,2,1,1,1,0,0,0,0,0,0,0,0,0,0,0,0,0,0,0,0,0,0,0,0,0
BR00029,62,56,59,56,55,63,59,63,60,58,61,51,54,42,42,42,42,34,30,31,31,31,34,34,34,34,34,34,35,35,35,35,42,42,42,42,42,39,39,39,39,39,30,31,31,31,31,20,20,20,20,20,15,15,15,15,15,12,12,12,12,12,10,10,10,10,10,8,8,8,8,8,6,6,6,6,6,5,5,5,5,5,2,2,2,2,2,2,1,1,1,1,1,1,1,1,1,0,0,0,0,0,0,0,0,0
BR00030,11,11,11,11,10,11,10,10,10,11,10,10,10,9,9,9,9,10,9,9,9,9,10,10,10,10,10,10,10,10,10,10,10,10,10,10,10,9,9,9,9,9,7,7,7,7,7,6,6,6,6,6,4,4,4,4,4,3,3,3,3,3,2,2,2,2,2,2,2,2,2,2,1,1,1,1,1,1,1,1,1,1,0,0,0,0,0,0,0,0,0,0,0,0,0,0,0,0,0,0,0,0,0,0,0,0
BR00031,120,132,113,126,130,125,115,110,122,113,108,93,100,86,86,86,86,88,96,97,97,97,93,94,94,94,94,88,89,89,89,89,96,96,96,96,96,78,79,79,78,78,55,55,55,55,55,43,44,44,43,43,30,30,30,30,30,23,23,23,23,23,19,19,19,19,19,13,13,13,13,13,9,9,9,9,9,6,6,6,5,5,3,3,2,2,2,2,1,1,1,1,1,1,0,0,0,0,0,0,0,0,0,0,0,0
BR00032,3,3,3,3,3,3,3,3,3,3,3,3,3,3,3,3,3,3,2,2,2,2,2,2,2,2,2,2,2,2,2,2,2,2,2,2,2,2,2,2,2,2,2,2,2,2,2,2,2,2,2,2,1,1,1,1,1,1,1,1,1,1,1,1,1,1,1,1,1,1,1,1,0,0,0,0,0,0,0,0,0,0,0,0,0,0,0,0,0,0,0,0,0,0,0,0,0,0,0,0,0,0,0,0,0,0
BR00033,93,104,91,98,87,100,93,100,85,104,100,95,86,73,74,74,74,60,64,64,65,65,63,63,63,64,64,67,67,67,67,67,71,71,71,71,71,65,66,66,65,65,49,49,49,49,49,39,39,39,39,39,29,29,29,29,29,25,25,26,26,26,20,20,20,20,20,12,13,13,13,13,10,10,10,10,10,6,6,5,5,5,3,2,2,2,2,2,1,1,1,1,1,1,0,0,0,0,0,0,0,0,0,0,0,0
BR00034,43,40,39,36,41,41,43,37,40,42,39,44,47,36,36,36,36,32,31,31,32,32,29,29,29,29,29,28,28,28,28,28,30,30,30,30,30,29,29,29,29,29,22,22,23,22,22,20,20,20,20,20,14,14,14,14,14,12,12,13,13,13,10,10,10,10,10,8,8,8,8,8,6,6,6,6,6,4,4,4,4,4,1,1,1,1,1,1,1,1,1,1,1,0,0,0,0,0,0,0,0,0,0,0,0,0
BR00035,27,25,26,25,25,28,26,28,27,26,27,22,24,19,19,19,19,15,14,14,14,14,15,15,15,15,15,15,15,15,15,15,19,19,19,19,19,17,17,17,17,17,14,14,14,14,14,9,9,9,9,9,6,6,7,6,6,5,5,5,5,5,4,4,4,4,4,4,4,4,4,4,3,3,3,3,3,2,2,2,2,2,1,1,1,1,1,1,1,1,0,0,0,0,0,0,0,0,0,0,0,0,0,0,0,0
BR00036,12,11,11,10,12,12,12,11,11,12,11,13,13,10,10,10,10,9,9,9,9,9,8,8,8,8,8,8,8,8,8,8,8,8,8,8,8,8,8,8,8,8,6,6,6,6,6,6,6,6,6,6,4,4,4,4,4,4,4,4,4,4,3,3,3,3,3,2,2,2,2,2,2,2,2,2,2,1,1,1,1,1,0,0,0,0,0,0,0,0,0,0,0,0,0,0,0,0,0,0,0,0,0,0,0,0
BR00037,156,154,158,152,158,161,153,148,153,149,144,142,137,132,132,132,132,130,115,116,116,116,105,105,105,106,106,107,107,107,108,108,108,109,109,109,109,101,101,101,101,101,78,78,78,78,78,67,68,68,67,67,52,52,52,52,52,42,42,42,42,42,37,38,38,38,38,24,24,24,24,24,18,18,18,19,19,13,13,13,12,12,5,5,4,4,4,4,3,2,2,2,2,2,2,2,2,0,0,0,0,0,0,0,0,0
BR00038,19,19,19,18,19,19,18,18,18,18,17,17,17,16,16,16,16,16,14,14,14,14,13,13,13,13,13,13,13,13,13,13,13,13,13,13,13,12,12,12,12,12,9,9,9,9,9,8,8,8,8,8,6,6,6,6,6,5,5,5,5,5,5,5,5,5,5,3,3,3,3,3,2,2,2,2,2,2,2,2,1,1,1,1,0,0,0,0,0,0,0,0,0,0,0,0,0,0,0,0,0,0,0,0,0,0
BR00039,15,16,15,15,15,15,15,15,15,15,14,15,15,13,13,13,13,12,12,12,12,12,12,12,12,12,12,12,12,12,12,12,13,13,13,13,13,12,12,12,12,12,10,10,10,10,10,8,8,8,8,8,6,6,6,6,6,5,5,5,5,5,4,4,4,4,4,3,3,3,3,3,2,2,2,2,2,1,1,1,1,1,1,0,0,0,0,0,0,0,0,0,0,0,0,0,0,0,0,0,0,0,0,0,0,0
BR00040,15,15,14,15,16,15,15,15,15,15,15,16,16,15,15,15,15,15,13,13,13,13,12,12,12,12,12,11,11,11,11,11,12,12,12,12,12,11,11,11,11,11,10,10,10,10,10,8,8,8,8,8,6,6,6,6,6,5,5,5,5,5,4,4,4,4,4,3,3,3,3,3,2,2,2,2,2,2,2,2,2,2,1,1,0,0,0,0,0,0,0,0,0,0,0,0,0,0,0,0,0,0,0,0,0,0
BR00041,6,6,6,6,6,6,6,6,6,6,6,5,6,4,4,4,4,4,3,3,3,3,3,3,3,3,3,3,4,4,4,4,4,4,4,4,4,4,4,4,4,4,3,3,3,3,3,2,2,2,2,2,1,1,1,1,1,1,1,1,1,1,1,1,1,1,1,1,1,1,1,1,1,1,1,1,1,0,0,0,0,0,0,0,0,0,0,0,0,0,0,0,0,0,0,0,0,0,0,0,0,0,0,0,0,0
BR00042,6,6,6,6,7,6,6,6,6,6,6,7,6,6,6,6,6,6,5,5,5,5,5,5,5,5,5,5,5,5,5,5,5,5,5,5,5,5,5,5,5,5,4,4,4,4,4,3,3,3,3,3,3,3,3,3,3,2,2,2,2,2,2,2,2,2,2,1,1,1,1,1,1,1,1,1,1,1,1,1,1,1,0,0,0,0,0,0,0,0,0,0,0,0,0,0,0,0,0,0,0,0,0,0,0,0
BR00043,22,20,21,19,18,20,18,19,18,18,18,19,18,16,16,16,16,16,15,15,15,15,15,15,15,15,15,15,15,15,15,15,16,16,16,16,16,14,14,14,14,14,11,11,11,11,11,9,9,9,9,9,6,6,6,6,6,5,5,5,5,5,4,4,4,4,4,3,3,3,3,3,2,2,2,2,2,1,1,1,1,1,1,1,0,0,0,0,0,0,0,0,0,0,0,0,0,0,0,0,0,0,0,0,0,0
BR00044,54,52,50,51,48,51,48,46,48,50,48,45,48,44,44,45,45,46,44,45,45,45,45,45,45,46,46,46,47,47,47,47,48,48,48,48,48,43,43,43,43,43,33,34,34,34,34,26,27,27,27,27,19,19,19,19,19,16,16,16,16,16,11,12,12,12,12,8,8,8,8,8,5,5,5,5,5,4,4,3,3,3,2,2,1,1,1,1,1,1,0,0,0,0,0,0,0,0,0,0,0,0,0,0,0,0
BR00045,34,36,33,34,33,34,33,33,33,33,32,32,34,29,29,30,30,27,26,26,27,27,26,26,26,26,26,27,27,27,27,27,29,29,29,29,29,26,27,27,26,26,22,22,22,22,22,18,18,18,18,18,13,13,13,13,13,11,11,11,11,11,9,9,9,9,9,7,7,7,7,7,5,5,5,5,5,3,3,3,3,3,1,1,1,1,1,1,1,1,0,0,0,0,0,0,0,0,0,0,0,0,0,0,0,0
BR00046,27,27,27,28,26,26,27,26,25,26,26,26,28,22,22,22,22,18,19,19,19,19,18,18,18,18,18,18,18,18,18,18,20,20,20,20,20,18,18,18,18,18,14,15,15,14,14,12,12,12,12,12,8,8,8,8,8,6,6,7,7,7,5,6,6,6,6,4,4,4,4,4,3,3,3,3,3,2,2,2,2,2,1,1,1,1,1,1,0,0,0,0,0,0,0,0,0,0,0,0,0,0,0,0,0,0
BR00047,73,72,68,70,65,69,65,63,66,69,66,62,66,60,61,61,61,62,61,61,61,61,62,62,62,62,62,63,64,64,64,64,65,66,66,66,66,59,59,59,59,59,46,46,46,46,46,36,36,36,36,36,26,26,26,26,26,21,21,21,22,22,16,16,16,16,16,11,11,11,11,11,7,7,7,7,7,5,5,5,4,4,2,2,2,1,1,1,1,1,1,1,1,1,1,0,0,0,0,0,0,0,0,0,0,0
BR00048,12,12,12,12,12,12,12,11,12,12,11,11,11,10,10,10,10,10,9,9,9,9,8,8,8,8,8,8,8,8,8,8,8,8,8,8,8,8,8,8,8,8,6,6,6,6,6,5,5,5,5,5,4,4,4,4,4,3,3,3,3,3,3,3,3,3,3,2,2,2,2,2,1,1,1,1,1,1,1,1,1,1,0,0,0,0,0,0,0,0,0,0,0,0,0,0,0,0,0,0,0,0,0,0,0,0
BR00049,12,12,11,12,13,12,12,12,12,12,12,13,12,12,12,12,12,12,10,10,10,10,9,9,9,9,9,9,9,9,9,9,9,9,9,9,9,9,9,9,9,9,8,8,8,8,8,7,7,7,7,7,5,5,5,5,5,4,4,4,4,4,3,3,3,3,3,2,2,2,2,2,2,2,2,2,2,1,1,1,1,1,0,0,0,0,0,0,0,0,0,0,0,0,0,0,0,0,0,0,0,0,0,0,0,0
BR00050,14,15,13,15,15,15,13,13,14,13,12,11,12,10,10,10,10,10,11,11,11,11,11,11,11,11,11,10,10,10,10,10,11,11,11,11,11,9,9,9,9,9,6,6,6,6,6,5,5,5,5,5,3,3,3,3,3,3,3,3,3,3,2,2,2,2,2,1,1,1,1,1,1,1,1,1,1,1,1,1,1,1,0,0,0,0,0,0,0,0,0,0,0,0,0,0,0,0,0,0,0,0,0,0,0,0
BR00051,15,15,15,15,16,15,15,16,15,15,16,16,16,15,15,15,15,15,13,13,13,13,12,12,12,12,12,12,12,12,12,12,12,12,12,12,12,12,12,12,12,12,10,10,10,10,10,9,9,9,9,9,6,6,6,6,6,5,5,5,5,5,4,4,4,4,4,3,3,3,3,3,2,2,2,2,2,2,2,2,2,2,1,1,0,0,0,0,0,0,0,0,0,0,0,0,0,0,0,0,0,0,0,0,0,0
BR00052,13,16,13,14,14,14,15,15,15,15,14,16,15,12,12,13,13,9,9,9,9,9,9,9,9,9,9,9,9,9,9,9,10,10,10,10,10,9,10,9,9,9,8,8,8,8,8,8,8,8,8,8,6,6,6,6,6,5,5,5,5,5,3,3,3,3,3,3,3,3,3,3,2,2,2,2,2,1,1,1,1,1,1,0,0,0,0,0,0,0,0,0,0,0,0,0,0,0,0,0,0,0,0,0,0,0
BR00053,97,98,93,99,100,99,95,92,92,96,95,99,97,91,92,92,92,89,81,82,82,82,79,79,79,80,80,81,83,83,83,83,86,87,87,87,87,79,80,80,80,80,66,66,66,66,66,54,55,55,55,55,40,40,40,40,40,33,33,33,33,33,26,26,26,26,26,19,19,19,19,19,13,14,14,14,14,9,9,9,9,9,4,3,3,2,2,2,2,2,1,1,1,1,1,1,1,0,0,0,0,0,0,0,0,0
BR00054,125,127,120,127,129,128,123,118,119,124,122,128,125,118,118,119,119,115,105,106,106,106,102,102,102,103,103,105,107,107,107,107,110,112,112,112,112,102,104,103,103,103,85,86,86,86,86,70,71,71,71,71,51,52,52,52,52,42,42,43,43,43,34,34,34,34,34,24,24,24,24,24,17,18,18,18,18,12,12,11,11,11,5,4,4,3,3,3,3,2,2,2,2,1,1,1,1,0,0,0,0,0,0,0,0,0
BR00055,143,136,139,142,147,148,122,134,146,129,128,116,136,111,111,111,111,99,104,104,104,104,104,104,104,105,105,113,114,114,115,115,113,114,114,114,114,101,102,101,101,101,79,80,80,79,79,63,63,63,63,63,46,46,46,46,46,39,39,39,40,40,31,31,31,31,31,21,21,21,21,21,15,15,15,15,15,11,11,10,10,10,5,4,4,3,3,3,3,2,2,2,2,2,1,1,1,0,0,0,0,0,0,0,0,0
BR00056,2,2,2,2,2,2,2,2,2,2,2,2,2,2,2,2,2,2,2,2,2,2,2,2,2,2,2,2,2,2,2,2,2,2,2,2,2,2,2,2,2,2,1,1,1,1,1,1,1,1,1,1,1,1,1,1,1,1,1,1,1,1,1,1,1,1,1,0,0,0,0,0,0,0,0,0,0,0,0,0,0,0,0,0,0,0,0,0,0,0,0,0,0,0,0,0,0,0,0,0,0,0,0,0,0,0
BR00057,83,98,79,87,86,90,92,97,93,93,87,97,96,78,78,78,78,59,56,56,56,56,55,56,56,56,56,53,54,54,54,54,60,60,60,60,60,59,59,59,59,59,51,51,51,51,51,48,48,48,48,48,40,40,40,40,40,33,33,33,33,33,21,21,21,21,21,16,16,16,16,16,14,14,14,14,14,9,9,9,8,8,3,3,3,2,2,2,2,2,1,1,1,1,1,1,1,0,0,0,0,0,0,0,0,0
BR00058,34,37,34,35,34,35,34,34,34,34,33,33,34,30,30,30,30,28,27,27,27,27,26,26,26,27,27,27,28,28,28,28,29,30,30,30,30,27,27,27,27,27,22,22,23,22,22,18,18,18,18,18,14,14,14,14,14,11,11,11,11,11,9,9,10,10,10,7,7,7,7,7,5,5,5,5,5,3,3,3,3,3,1,1,1,1,1,1,1,1,0,0,0,0,0,0,0,0,0,0,0,0,0,0,0,0
BR00059,117,109,106,98,112,114,119,103,109,115,107,122,129,100,100,100,100,89,86,86,87,87,80,80,80,80,80,77,77,77,78,78,81,82,82,82,82,80,80,80,80,80,62,62,62,62,62,56,56,56,56,56,38,39,39,38,38,34,34,34,34,34,28,28,29,29,29,21,21,21,22,22,15,15,16,16,16,11,11,10,10,10,4,4,3,3,3,3,2,2,1,1,1,1,1,1,1,0,0,0,0,0,0,0,0,0
BR00060,26,27,25,27,27,27,26,25,25,26,26,27,26,25,25,25,25,24,22,22,22,22,21,22,22,22,22,22,23,23,23,23,23,24,24,24,24,22,22,22,22,22,18,18,18,18,18,15,15,15,15,15,11,11,11,11,11,9,9,9,9,9,7,7,7,7,7,5,5,5,5,5,4,4,4,4,4,3,2,2,2,2,1,1,1,1,1,1,1,0,0,0,0,0,0,0,0,0,0,0,0,0,0,0,0,0
BR00061,12,13,11,12,13,12,11,11,12,11,11,9,10,8,8,8,8,9,9,9,9,9,9,9,9,9,9,9,9,9,9,9,9,9,9,9,9,8,8,8,8,8,5,5,5,5,5,4,4,4,4,4,3,3,3,3,3,2,2,2,2,2,2,2,2,2,2,1,1,1,1,1,1,1,1,1,1,1,1,1,1,1,0,0,0,0,0,0,0,0,0,0,0,0,0,0,0,0,0,0,0,0,0,0,0,0
BR00062,17,18,17,18,18,18,17,16,17,17,17,18,17,16,16,17,17,16,15,15,15,15,14,14,14,14,14,15,15,15,15,15,15,16,16,16,16,14,14,14,14,14,12,12,12,12,12,10,10,10,10,10,7,7,7,7,7,6,6,6,6,6,5,5,5,5,5,3,3,3,3,3,2,2,3,3,3,2,2,2,2,2,1,1,1,0,0,0,0,0,0,0,0,0,0,0,0,0,0,0,0,0,0,0,0,0
BR00063,49,49,48,48,53,50,49,51,50,50,50,53,52,49,49,49,49,49,42,42,42,42,38,39,39,39,39,38,38,38,38,38,39,39,39,39,39,38,38,38,38,38,33,33,33,33,33,28,28,28,28,28,21,21,21,21,21,17,17,17,17,17,14,14,14,14,14,10,10,10,10,10,8,8,8,8,8,5,5,5,5,5,2,2,2,1,1,1,1,1,1,1,1,1,1,1,1,0,0,0,0,0,0,0,0,0
BR00064,16,16,16,16,16,15,16,15,15,16,16,16,17,13,13,13,13,11,11,11,11,11,11,11,11,11,11,11,11,11,11,11,12,12,12,12,12,11,11,11,11,11,9,9,9,9,9,7,7,7,7,7,5,5,5,5,5,4,4,4,4,4,3,3,3,3,3,2,2,2,2,2,2,2,2,2,2,1,1,1,1,1,0,0,0,0,0,0,0,0,0,0,0,0,0,0,0,0,0,0,0,0,0,0,0,0
BR00065,60,61,58,61,62,62,59,57,58,60,59,62,60,57,57,57,57,55,51,51,51,51,49,50,49,50,50,51,52,52,52,52,53,54,54,54,54,49,50,50,50,50,41,41,41,41,41,34,34,34,34,34,25,25,25,25,25,20,20,21,21,21,16,16,16,16,16,12,12,12,12,12,8,9,9,9,9,6,6,6,5,5,2,2,2,2,2,2,1,1,1,1,1,1,1,1,1,0,0,0,0,0,0,0,0,0
BR00066,14,13,12,14,13,13,12,12,11,10,11,11,9,9,9,9,9,9,8,8,8,8,8,8,8,8,8,9,9,9,9,9,9,9,9,9,9,8,8,8,8,8,7,7,7,7,7,5,5,5,5,5,3,3,3,3,3,3,3,3,3,3,2,2,2,2,2,1,1,1,1,1,1,1,1,1,1,1,1,1,1,1,0,0,0,0,0,0,0,0,0,0,0,0,0,0,0,0,0,0,0,0,0,0,0,0
BR00067,24,24,23,24,25,25,24,23,23,24,23,25,24,23,23,23,23,22,20,20,20,20,20,20,20,20,20,20,21,21,21,21,21,22,21,21,21,20,20,20,20,20,16,16,16,16,16,14,14,14,14,14,10,10,10,10,10,8,8,8,8,8,6,6,7,7,7,5,5,5,5,5,3,3,3,3,3,2,2,2,2,2,1,1,1,1,1,1,0,0,0,0,0,0,0,0,0,0,0,0,0,0,0,0,0,0
BR00068,10,10,9,10,9,10,9,9,9,9,9,9,9,8,8,8,8,9,8,8,8,8,8,9,9,9,9,9,9,9,9,9,9,9,9,9,9,8,8,8,8,8,6,6,6,6,6,5,5,5,5,5,4,4,4,4,4,3,3,3,3,3,2,2,2,2,2,1,1,1,1,1,1,1,1,1,1,1,1,1,1,1,0,0,0,0,0,0,0,0,0,0,0,0,0,0,0,0,0,0,0,0,0,0,0,0
BR00069,17,19,16,18,19,18,17,16,18,16,15,13,14,12,12,12,12,13,14,14,14,14,13,13,13,14,14,13,13,13,13,13,14,14,14,14,14,11,11,11,11,11,8,8,8,8,8,6,6,6,6,6,4,4,4,4,4,3,3,3,3,3,3,3,3,3,3,2,2,2,2,2,1,1,1,1,1,1,1,1,1,1,0,0,0,0,0,0,0,0,0,0,0,0,0,0,0,0,0,0,0,0,0,0,0,0
BR00070,15,13,14,13,12,14,12,13,12,12,12,13,12,11,11,11,11,11,10,10,10,10,10,10,10,10,10,10,10,10,10,10,11,11,11,11,11,9,9,9,9,9,7,7,7,7,7,6,6,6,6,6,4,4,4,4,4,3,3,3,3,3,3,3,3,3,3,2,2,2,2,2,1,1,1,1,1,1,1,1,1,1,0,0,0,0,0,0,0,0,0,0,0,0,0,0,0,0,0,0,0,0,0,0,0,0
BR00071,9,8,9,8,7,8,7,8,7,7,7,8,7,6,6,6,6,6,6,6,6,6,6,6,6,6,6,6,6,6,6,6,6,7,7,7,7,6,6,6,6,6,4,4,4,4,4,4,4,4,4,4,3,3,3,3,3,2,2,2,2,2,2,2,2,2,2,1,1,1,1,1,1,1,1,1,1,1,1,1,1,1,0,0,0,0,0,0,0,0,0,0,0,0,0,0,0,0,0,0,0,0,0,0,0,0
BR00072,175,157,169,153,141,160,142,150,145,144,139,150,141,124,124,124,124,124,120,120,120,120,117,117,117,118,118,121,122,122,122,122,126,126,126,126,126,107,107,107,107,107,84,84,84,84,84,68,68,68,68,68,50,50,50,50,50,40,40,41,41,41,32,32,33,33,33,26,26,26,26,26,16,17,17,17,17,12,11,11,11,11,5,4,4,3,3,3,2,2,1,1,1,1,1,1,1,0,0,0,0,0,0,0,0,0
BR00073,12,11,11,10,11,12,12,11,11,12,11,13,13,10,10,10,10,9,9,9,9,9,8,8,8,8,8,8,8,8,8,8,8,8,8,8,8,8,8,8,8,8,6,6,6,6,6,6,6,6,6,6,4,4,4,4,4,3,4,4,4,4,3,3,3,3,3,2,2,2,2,2,2,2,2,2,2,1,1,1,1,1,0,0,0,0,0,0,0,0,0,0,0,0,0,0,0,0,0,0,0,0,0,0,0,0
BR00074,75,73,69,71,66,71,66,64,67,70,67,63,67,62,62,62,62,63,62,62,62,62,63,63,63,64,64,64,65,65,65,65,66,67,67,67,67,60,60,60,60,60,47,47,47,47,47,37,37,37,37,37,27,27,27,27,27,22,22,22,22,22,16,16,16,16,16,11,11,11,11,11,7,7,7,7,7,5,5,5,5,5,2,2,2,1,1,1,1,1,1,1,1,1,1,0,0,0,0,0,0,0,0,0,0,0
BR00075,12,14,12,13,13,13,14,14,14,14,13,14,14,11,11,11,11,9,8,8,8,8,8,8,8,8,8,8,8,8,8,8,9,9,9,9,9,9,9,9,9,9,7,7,7,7,7,7,7,7,7,7,6,6,6,6,6,5,5,5,5,5,3,3,3,3,3,2,2,2,2,2,2,2,2,2,2,1,1,1,1,1,1,0,0,0,0,0,0,0,0,0,0,0,0,0,0,0,0,0,0,0,0,0,0,0
BR00076,22,22,22,22,24,23,22,23,23,23,23,24,24,22,22,22,22,22,19,19,19,19,17,17,17,18,18,17,17,17,17,17,18,18,18,18,18,17,17,17,17,17,15,15,15,15,15,13,13,13,13,13,9,9,9,9,9,8,8,8,8,8,6,7,7,7,7,5,5,5,5,5,4,4,4,4,4,2,2,2,2,2,1,1,1,1,1,1,0,0,0,0,0,0,0,0,0,0,0,0,0,0,0,0,0,0
BR00077,16,16,16,16,17,17,16,15,15,16,16,17,16,15,15,15,15,15,14,14,14,14,13,13,13,13,13,14,14,14,14,14,14,14,14,14,14,13,13,13,13,13,11,11,11,11,11,9,9,9,9,9,7,7,7,7,7,5,5,6,6,6,4,4,4,4,4,3,3,3,3,3,2,2,2,2,2,2,2,1,1,1,1,1,0,0,0,0,0,0,0,0,0,0,0,0,0,0,0,0,0,0,0,0,0,0
BR00078,6,6,6,6,7,7,6,7,7,7,7,7,7,6,6,6,6,6,5,5,6,6,5,5,5,5,5,5,5,5,5,5,5,5,5,5,5,5,5,5,5,5,4,4,4,4,4,4,4,4,4,4,3,3,3,3,3,2,2,2,2,2,2,2,2,2,2,1,1,1,1,1,1,1,1,1,1,1,1,1,1,1,0,0,0,0,0,0,0,0,0,0,0,0,0,0,0,0,0,0,0,0,0,0,0,0
BR00079,18,19,17,18,18,18,18,17,18,18,17,17,18,16,16,16,16,15,14,14,14,14,14,14,14,14,14,14,14,14,14,14,15,15,15,15,15,14,14,14,14,14,12,12,12,12,12,9,9,9,9,9,7,7,7,7,7,6,6,6,6,6,5,5,5,5,5,3,4,4,4,4,3,3,3,3,3,2,2,2,2,2,1,1,1,0,0,0,0,0,0,0,0,0,0,0,0,0,0,0,0,0,0,0,0,0
BR00080,29,31,28,29,29,29,29,28,29,29,28,28,29,25,25,25,25,24,23,23,23,23,22,22,22,22,22,23,23,23,23,23,25,25,25,25,25,23,23,23,23,23,19,19,19,19,19,15,15,15,15,15,11,11,11,11,11,9,10,10,10,10,8,8,8,8,8,6,6,6,6,6,4,4,4,4,4,3,3,3,3,3,1,1,1,1,1,1,1,0,0,0,0,0,0,0,0,0,0,0,0,0,0,0,0,0
BR00081,9,11,9,10,9,10,10,11,10,10,10,11,11,9,9,9,9,7,6,6,6,6,6,6,6,6,6,6,6,6,6,6,7,7,7,7,7,7,7,7,7,7,6,6,6,6,6,5,5,5,5,5,4,4,4,4,4,4,4,4,4,4,2,2,2,2,2,2,2,2,2,2,2,2,2,2,2,1,1,1,1,1,0,0,0,0,0,0,0,0,0,0,0,0,0,0,0,0,0,0,0,0,0,0,0,0
BR00082,9,9,9,8,9,9,9,8,9,8,8,8,8,7,7,7,7,7,6,6,6,6,6,6,6,6,6,6,6,6,6,6,6,6,6,6,6,6,6,6,6,6,4,4,4,4,4,4,4,4,4,4,3,3,3,3,3,2,2,2,2,2,2,2,2,2,2,1,1,1,1,1,1,1,1,1,1,1,1,1,1,1,0,0,0,0,0,0,0,0,0,0,0,0,0,0,0,0,0,0,0,0,0,0,0,0
BR00083,6,5,5,5,5,6,5,6,6,5,6,5,5,4,4,4,4,3,3,3,3,3,3,3,3,3,3,3,3,3,3,3,4,4,4,4,4,4,4,4,4,4,3,3,3,3,3,2,2,2,2,2,1,1,1,1,1,1,1,1,1,1,1,1,1,1,1,1,1,1,1,1,1,1,1,1,1,0,0,0,0,0,0,0,0,0,0,0,0,0,0,0,0,0,0,0,0,0,0,0,0,0,0,0,0,0
BR00084,41,45,38,43,44,42,39,37,41,38,36,31,34,29,29,29,29,30,33,33,33,33,32,32,32,32,32,30,30,30,30,30,32,32,32,32,32,27,27,27,26,26,19,19,19,19,19,15,15,15,15,15,10,10,10,10,10,8,8,8,8,8,6,6,6,6,6,4,4,4,4,4,3,3,3,3,3,2,2,2,2,2,1,1,1,1,1,1,0,0,0,0,0,0,0,0,0,0,0,0,0,0,0,0,0,0
BR00085,3,3,3,3,4,3,3,4,3,3,3,4,4,3,3,3,3,3,3,3,3,3,3,3,3,3,3,3,3,3,3,3,3,3,3,3,3,3,3,3,3,3,2,2,2,2,2,2,2,2,2,2,1,1,1,1,1,1,1,1,1,1,1,1,1,1,1,1,1,1,1,1,1,1,1,1,1,0,0,0,0,0,0,0,0,0,0,0,0,0,0,0,0,0,0,0,0,0,0,0,0,0,0,0,0,0
BR00086,15,14,14,14,14,16,14,16,15,14,15,13,13,10,10,10,10,9,8,8,8,8,8,8,8,8,8,9,9,9,9,9,10,10,10,10,10,10,10,10,10,10,8,8,8,8,8,5,5,5,5,5,4,4,4,4,4,3,3,3,3,3,2,2,2,2,2,2,2,2,2,2,2,2,2,2,2,1,1,1,1,1,1,0,0,0,0,0,0,0,0,0,0,0,0,0,0,0,0,0,0,0,0,0,0,0
BR00087,11,10,11,10,9,10,9,10,9,9,9,10,9,8,8,8,8,8,8,8,8,8,8,8,8,8,8,8,8,8,8,8,8,8,8,8,8,7,7,7,7,7,5,5,5,5,5,4,4,4,4,4,3,3,3,3,3,3,3,3,3,3,2,2,2,2,2,2,2,2,2,2,1,1,1,1,1,1,1,1,1,1,0,0,0,0,0,0,0,0,0,0,0,0,0,0,0,0,0,0,0,0,0,0,0,0
BR00088,52,52,51,51,56,53,52,54,53,53,54,56,55,52,52,52,52,52,44,44,45,45,41,41,41,41,41,40,40,40,40,40,42,42,42,42,42,40,40,40,40,40,35,35,35,35,35,30,30,30,30,30,22,22,22,22,22,18,18,18,18,18,15,15,15,15,15,11,11,11,11,11,8,8,8,8,8,6,6,5,5,5,2,2,2,1,1,1,1,1,1,1,1,1,1,1,1,0,0,0,0,0,0,0,0,0
BR00089,32,30,29,26,30,31,32,28,29,31,29,33,35,27,27,27,27,24,23,23,23,23,22,22,22,22,22,21,21,21,21,21,22,22,22,22,22,22,22,22,22,22,17,17,17,17,17,15,15,15,15,15,10,10,10,10,10,9,9,9,9,9,8,8,8,8,8,6,6,6,6,6,4,4,4,4,4,3,3,3,3,3,1,1,1,1,1,1,1,0,0,0,0,0,0,0,0,0,0,0,0,0,0,0,0,0
BR00090,26,28,26,27,26,27,26,26,26,26,25,25,26,23,23,23,23,22,21,21,21,21,20,20,20,20,20,21,21,21,21,21,23,23,23,23,23,21,21,21,21,21,17,17,17,17,17,14,14,14,14,14,10,10,10,10,10,9,9,9,9,9,7,7,7,7,7,5,5,5,5,5,4,4,4,4,4,3,3,2,2,2,1,1,1,1,1,1,1,0,0,0,0,0,0,0,0,0,0,0,0,0,0,0,0,0
BR00091,22,22,21,22,21,21,22,21,20,21,21,21,23,18,18,18,18,14,15,15,15,15,14,14,14,15,15,15,15,15,15,15,16,16,16,16,16,15,15,15,15,15,12,12,12,12,12,9,9,9,9,9,7,7,7,7,7,5,5,5,5,5,4,4,4,4,4,3,3,3,3,3,2,2,2,2,2,1,1,1,1,1,1,1,0,0,0,0,0,0,0,0,0,0,0,0,0,0,0,0,0,0,0,0,0,0
BR00092,33,34,32,34,34,34,33,32,32,33,33,34,33,32,32,32,32,31,28,28,28,28,27,27,27,28,28,28,29,29,29,29,30,30,30,30,30,27,28,28,27,27,23,23,23,23,23,19,19,19,19,19,14,14,14,14,14,11,11,11,11,11,9,9,9,9,9,6,6,6,7,7,5,5,5,5,5,3,3,3,3,3,1,1,1,1,1,1,1,1,0,0,0,0,0,0,0,0,0,0,0,0,0,0,0,0
BR00093,3,3,3,3,3,3,3,3,3,3,3,3,3,3,3,3,3,3,2,2,2,2,2,2,2,2,2,2,2,2,2,2,2,2,2,2,2,2,2,2,2,2,2,2,2,2,2,2,2,2,2,2,1,1,1,1,1,1,1,1,1,1,1,1,1,1,1,1,1,1,1,1,0,0,0,0,0,0,0,0,0,0,0,0,0,0,0,0,0,0,0,0,0,0,0,0,0,0,0,0,0,0,0,0,0,0
BR00094,22,22,22,23,22,22,22,21,21,22,22,22,23,18,18,18,18,15,16,16,16,16,15,15,15,15,15,15,15,15,15,15,16,16,16,16,16,15,15,15,15,15,12,12,12,12,12,10,10,10,10,10,7,7,7,7,7,5,5,5,5,5,5,5,5,5,5,3,3,3,3,3,2,2,2,2,2,2,1,1,1,1,1,1,1,0,0,0,0,0,0,0,0,0,0,0,0,0,0,0,0,0,0,0,0,0
BR00095,19,19,18,19,20,20,19,18,18,19,19,20,19,18,18,18,18,18,16,16,16,16,16,16,16,16,16,16,16,16,16,16,17,17,17,17,17,16,16,16,16,16,13,13,13,13,13,11,11,11,11,11,8,8,8,8,8,6,6,7,7,7,5,5,5,5,5,4,4,4,4,4,3,3,3,3,3,2,2,2,2,2,1,1,1,0,0,0,0,0,0,0,0,0,0,0,0,0,0,0,0,0,0,0,0,0
BR00096,22,24,21,23,24,23,21,20,22,21,20,17,19,16,16,16,16,16,18,18,18,18,17,17,17,17,17,16,16,16,16,16,18,18,18,18,18,14,15,14,14,14,10,10,10,10,10,8,8,8,8,8,6,6,6,6,6,4,4,4,4,4,3,3,3,4,4,2,2,2,2,2,2,2,2,2,2,1,1,1,1,1,1,1,0,0,0,0,0,0,0,0,0,0,0,0,0,0,0,0,0,0,0,0,0,0
BR00097,16,18,15,17,17,17,15,15,16,15,14,12,13,11,11,11,11,12,13,13,13,13,12,12,12,13,13,12,12,12,12,12,13,13,13,13,13,10,10,10,10,10,7,7,7,7,7,6,6,6,6,6,4,4,4,4,4,3,3,3,3,3,2,3,3,3,3,2,2,2,2,2,1,1,1,1,1,1,1,1,1,1,0,0,0,0,0,0,0,0,0,0,0,0,0,0,0,0,0,0,0,0,0,0,0,0
BR00098,24,26,22,25,26,25,23,22,24,22,21,18,20,17,17,17,17,17,19,19,19,19,18,18,18,19,19,17,17,17,18,18,19,19,19,19,19,15,15,15,15,15,11,11,11,11,11,8,9,9,8,8,6,6,6,6,6,4,5,5,5,5,4,4,4,4,4,2,2,2,3,3,2,2,2,2,2,1,1,1,1,1,1,1,0,0,0,0,0,0,0,0,0,0,0,0,0,0,0,0,0,0,0,0,0,0
BR00099,17,19,18,19,16,18,17,16,17,16,17,16,18,14,14,14,14,11,12,12,12,12,11,11,11,11,11,12,12,12,12,12,12,13,13,13,13,12,12,12,12,12,9,9,9,9,9,7,7,7,7,7,5,5,5,5,5,5,5,5,5,5,4,4,4,4,4,3,3,3,3,3,3,3,3,3,3,1,1,1,1,1,1,0,0,0,0,0,0,0,0,0,0,0,0,0,0,0,0,0,0,0,0,0,0,0
BR00100,50,55,47,53,54,52,48,46,51,47,45,39,42,36,36,36,36,37,40,40,40,40,39,39,39,39,39,37,37,37,37,37,40,40,40,40,40,33,33,33,33,33,23,23,23,23,23,18,18,18,18,18,12,13,13,12,12,10,10,10,10,10,8,8,8,8,8,5,5,5,5,5,4,4,4,4,4,3,2,2,2,2,1,1,1,1,1,1,1,0,0,0,0,0,0,0,0,0,0,0,0,0,0,0,0,0
BR00101,136,148,142,151,131,145,135,130,134,130,136,132,141,109,109,110,110,91,96,96,96,96,86,86,86,87,87,98,99,99,99,99,100,101,101,101,101,97,97,97,97,97,75,75,75,75,75,54,55,55,54,54,44,44,44,44,44,38,38,39,39,39,34,34,34,35,35,24,25,25,25,25,20,20,21,21,21,11,11,11,11,11,4,4,3,3,3,3,2,2,1,1,1,1,1,1,1,0,0,0,0,0,0,0,0,0
BR00102,41,46,39,44,45,43,40,38,42,39,37,32,35,30,30,30,30,30,33,33,34,34,32,32,32,33,33,31,31,31,31,31,33,33,33,33,33,27,27,27,27,27,19,19,19,19,19,15,15,15,15,15,10,10,10,10,10,8,8,8,8,8,6,7,7,7,7,4,4,4,4,4,3,3,3,3,3,2,2,2,2,2,1,1,1,1,1,1,0,0,0,0,0,0,0,0,0,0,0,0,0,0,0,0,0,0
BR00103,5,5,5,5,5,5,5,5,5,5,5,5,5,5,5,5,5,5,4,4,4,4,4,4,4,4,4,4,4,4,4,4,4,4,4,4,4,4,4,4,4,4,3,3,3,3,3,3,3,3,3,3,2,2,2,2,2,2,2,2,2,2,1,1,1,1,1,1,1,1,1,1,1,1,1,1,1,1,1,1,1,1,0,0,0,0,0,0,0,0,0,0,0,0,0,0,0,0,0,0,0,0,0,0,0,0
BR00104,19,20,18,19,18,19,19,18,18,18,18,18,19,16,16,16,16,15,15,15,15,15,14,14,14,14,14,15,15,15,15,15,16,16,16,16,16,15,15,15,15,15,12,12,12,12,12,10,10,10,10,10,7,7,7,7,7,6,6,6,6,6,5,5,5,5,5,4,4,4,4,4,3,3,3,3,3,2,2,2,2,2,1,1,1,0,0,0,0,0,0,0,0,0,0,0,0,0,0,0,0,0,0,0,0,0
BR00105,11,13,11,12,11,12,11,12,10,13,12,12,11,9,9,9,9,7,8,8,8,8,8,8,8,8,8,8,8,8,8,8,9,9,9,9,9,8,8,8,8,8,6,6,6,6,6,5,5,5,5,5,4,4,4,4,4,3,3,3,3,3,2,2,2,2,2,2,2,2,2,2,1,1,1,1,1,1,1,1,1,1,0,0,0,0,0,0,0,0,0,0,0,0,0,0,0,0,0,0,0,0,0,0,0,0
BR00106,14,16,14,15,13,15,14,15,13,16,15,14,13,11,11,11,11,9,10,10,10,10,10,10,10,10,10,10,10,10,10,10,11,11,11,11,11,10,10,10,10,10,7,7,7,7,7,6,6,6,6,6,4,4,4,4,4,4,4,4,4,4,3,3,3,3,3,2,2,2,2,2,1,1,2,2,2,1,1,1,1,1,0,0,0,0,0,0,0,0,0,0,0,0,0,0,0,0,0,0,0,0,0,0,0,0
BR00107,19,18,19,19,20,20,16,18,20,17,17,16,18,15,15,15,15,13,14,14,14,14,14,14,14,14,14,15,15,15,15,15,15,15,15,15,15,13,14,14,14,14,11,11,11,11,11,8,8,8,8,8,6,6,6,6,6,5,5,5,5,5,4,4,4,4,4,3,3,3,3,3,2,2,2,2,2,1,1,1,1,1,1,1,1,0,0,0,0,0,0,0,0,0,0,0,0,0,0,0,0,0,0,0,0,0
BR00108,16,15,15,13,15,16,16,14,15,16,15,17,18,14,14,14,14,12,12,12,12,12,11,11,11,11,11,11,11,11,11,11,11,11,11,11,11,11,11,11,11,11,8,8,8,8,8,8,8,8,8,8,5,5,5,5,5,5,5,5,5,5,4,4,4,4,4,3,3,3,3,3,2,2,2,2,2,1,1,1,1,1,1,0,0,0,0,0,0,0,0,0,0,0,0,0,0,0,0,0,0,0,0,0,0,0
BR00109,172,170,169,175,167,166,172,164,160,167,167,168,180,140,140,140,140,113,121,121,121,121,113,113,114,114,114,116,117,117,117,117,126,126,126,126,126,116,117,117,116,116,92,92,92,92,92,73,74,74,74,74,53,53,53,53,53,41,41,41,41,41,35,35,35,35,35,23,23,23,24,24,16,17,17,17,17,12,11,11,11,11,5,5,4,3,3,3,3,2,1,1,1,1,1,1,1,0,0,0,0,0,0,0,0,0
BR00110,833,814,768,792,741,786,740,718,752,781,749,704,745,687,689,691,691,707,688,693,693,693,701,704,704,709,709,713,723,722,726,726,739,747,746,746,746,667,673,673,670,670,519,523,523,522,522,409,414,414,412,412,299,301,301,301,301,241,243,244,245,245,177,179,180,180,180,120,122,122,123,123,76,78,80,81,81,55,54,53,51,51,27,24,20,17,17,17,13,10,7,7,7,6,6,5,5,1,1,0,0,0,0,0,0,0
BR00111,14,15,14,15,15,15,14,14,14,14,14,15,14,14,14,14,14,13,12,12,12,12,12,12,12,12,12,12,12,12,12,12,13,13,13,13,13,12,12,12,12,12,10,10,10,10,10,8,8,8,8,8,6,6,6,6,6,5,5,5,5,5,4,4,4,4,4,3,3,3,3,3,2,2,2,2,2,1,1,1,1,1,1,1,0,0,0,0,0,0,0,0,0,0,0,0,0,0,0,0,0,0,0,0,0,0
BR00112,47,43,45,42,42,48,45,48,46,44,46,39,42,32,32,32,32,26,23,23,23,23,26,26,26,26,26,26,26,26,27,27,32,32,32,32,32,29,30,30,29,29,23,23,23,23,23,15,15,15,15,15,11,11,11,11,11,9,9,9,9,9,7,7,7,7,7,6,6,6,6,6,5,5,5,5,5,4,4,4,3,3,2,2,1,1,1,1,1,1,1,1,1,1,1,1,1,0,0,0,0,0,0,0,0,0
BR00113,21,20,18,20,20,20,18,18,17,16,17,17,14,13,13,13,13,13,12,12,12,12,12,12,12,12,12,14,14,14,14,14,14,14,14,14,14,11,11,11,11,11,10,10,10,10,10,7,7,7,7,7,5,5,5,5,5,4,4,4,4,4,3,3,3,3,3,2,2,2,2,2,1,1,1,1,1,1,1,1,1,1,1,0,0,0,0,0,0,0,0,0,0,0,0,0,0,0,0,0,0,0,0,0,0,0
BR00114,34,35,33,35,35,35,34,32,33,34,34,35,34,32,32,33,33,31,29,29,29,29,28,28,28,28,28,29,29,29,29,29,30,31,31,31,31,28,28,28,28,28,23,24,23,23,23,19,20,20,19,19,14,14,14,14,14,12,12,12,12,12,9,9,9,9,9,7,7,7,7,7,5,5,5,5,5,3,3,3,3,3,1,1,1,1,1,1,1,1,0,0,0,0,0,0,0,0,0,0,0,0,0,0,0,0
BR00115,6,6,6,6,6,6,6,6,6,6,6,6,6,5,5,5,5,5,5,5,5,5,4,4,4,4,4,4,4,4,4,4,4,4,4,4,4,4,4,4,4,4,3,3,3,3,3,3,3,3,3,3,2,2,2,2,2,2,2,2,2,2,2,2,2,2,2,1,1,1,1,1,1,1,1,1,1,1,1,1,0,0,0,0,0,0,0,0,0,0,0,0,0,0,0,0,0,0,0,0,0,0,0,0,0,0
BR00116,13,12,12,11,10,12,10,11,11,11,10,11,10,9,9,9,9,9,9,9,9,9,9,9,9,9,9,9,9,9,9,9,9,9,9,9,9,8,8,8,8,8,6,6,6,6,6,5,5,5,5,5,4,4,4,4,4,3,3,3,3,3,2,2,2,2,2,2,2,2,2,2,1,1,1,1,1,1,1,1,1,1,0,0,0,0,0,0,0,0,0,0,0,0,0,0,0,0,0,0,0,0,0,0,0,0
BR00117,38,40,36,38,37,38,37,37,37,37,36,36,38,33,33,33,33,31,29,29,30,30,29,29,29,29,29,30,30,30,30,30,32,32,32,32,32,29,30,30,29,29,24,24,25,24,24,20,20,20,20,20,15,15,15,15,15,12,12,12,12,12,10,10,10,10,10,7,7,7,7,7,5,5,5,6,6,4,4,3,3,3,1,1,1,1,1,1,1,1,0,0,0,0,0,0,0,0,0,0,0,0,0,0,0,0