geo_unit,Agricultural,Commercial,Domestic,Industrial,Professional,Transport,Indefinite,sex
BR00001,0.3465909090909091,0.14204545454545456,0.028409090909090908,0.2727272727272727,0.06818181818181818,0.11363636363636363,0.028409090909090908,male
BR00002,0.34328358208955223,0.13930348258706468,0.029850746268656716,0.2736318407960199,0.06965174129353234,0.11442786069651742,0.029850746268656716,male
BR00003,0.34782608695652173,0.14130434782608695,0.03260869565217391,0.2717391304347826,0.06521739130434782,0.10869565217391304,0.03260869565217391,male
BR00004,0.3460431654676259,0.13956834532374102,0.02877697841726619,0.2733812949640288,0.06978417266187051,0.11294964028776978,0.029496402877697843,male
BR00005,0.34588486140724944,0.13940298507462687,0.02861407249466951,0.2733049040511727,0.06980810234541578,0.1133049040511727,0.029680170575692964,male
BR00006,0.3459715639810427,0.13981042654028436,0.02843601895734597,0.2725118483412322,0.06872037914691943,0.11374407582938388,0.030805687203791468,male
BR00007,0.3467966573816156,0.1392757660167131,0.02924791086350975,0.27298050139275765,0.06963788300835655,0.11281337047353761,0.02924791086350975,male
BR00008,0.3458167330677291,0.1394422310756972,0.028685258964143426,0.2733067729083665,0.0701195219123506,0.11314741035856574,0.02948207171314741,male
BR00009,0.34557235421166305,0.14038876889848811,0.028077753779697623,0.27429805615550756,0.06911447084233262,0.11231101511879049,0.03023758099352052,male
BR00010,0.345679012345679,0.1419753086419753,0.030864197530864196,0.2716049382716049,0.06790123456790123,0.1111111111111111,0.030864197530864196,male
BR00011,0.3456998313659359,0.1399662731871838,0.02866779089376054,0.27318718381112983,0.06913996627318718,0.11298482293423272,0.03035413153456998,male
BR00012,0.3448979591836735,0.13877551020408163,0.02857142857142857,0.27346938775510204,0.06938775510204082,0.11428571428571428,0.030612244897959183,male
BR00013,0.3458976609696907,0.13941240254040377,0.02860535963236433,0.2732999432023545,0.06980946971652811,0.11328548561986886,0.029689678318789693,male
BR00014,0.34502923976608185,0.14035087719298245,0.029239766081871343,0.27485380116959063,0.07017543859649122,0.1111111111111111,0.029239766081871343,male
BR00015,0.3458844133099825,0.13922942206654992,0.028896672504378284,0.2732049036777583,0.07005253940455342,0.11295971978984239,0.0297723292469352,male
BR00016,0.34576271186440677,0.13898305084745763,0.0288135593220339,0.27288135593220336,0.06949152542372881,0.1135593220338983,0.030508474576271188,male
BR00017,0.3456495828367104,0.1394517282479142,0.028605482717520857,0.27334127930075486,0.06992451330949544,0.11323003575685339,0.029797377830750895,male
BR00018,0.34588588588588587,0.1393993993993994,0.02858858858858859,0.2733333333333333,0.0697897897897898,0.11327327327327327,0.02972972972972973,male
BR00019,0.34615384615384615,0.13942307692307693,0.028846153846153848,0.27403846153846156,0.06971153846153846,0.11298076923076923,0.028846153846153848,male
BR00020,0.34615384615384615,0.13846153846153847,0.026923076923076925,0.27307692307692305,0.06923076923076923,0.11538461538461539,0.03076923076923077,male
BR00021,0.3466003316749585,0.13930348258706468,0.028192371475953566,0.2736318407960199,0.06965174129353234,0.11276948590381426,0.029850746268656716,male
BR00022,0.34516129032258064,0.13870967741935483,0.02903225806451613,0.27419354838709675,0.07096774193548387,0.11290322580645161,0.02903225806451613,male
BR00023,0.3458929917106255,0.13941220798794274,0.028636021100226075,0.27354935945742276,0.07008289374529013,0.11303692539562923,0.0293896006028636,male
BR00024,0.34615384615384615,0.1396761133603239,0.02834008097165992,0.2732793522267207,0.06882591093117409,0.11336032388663968,0.030364372469635626,male
BR00025,0.3467153284671533,0.1386861313868613,0.029197080291970802,0.2737226277372263,0.06934306569343066,0.11313868613138686,0.029197080291970802,male
BR00026,0.34598765432098766,0.13950617283950617,0.028703703703703703,0.27314814814814814,0.06975308641975309,0.11327160493827161,0.02962962962962963,male
BR00027,0.3456904541241891,0.13994439295644115,0.028730305838739572,0.27340129749768305,0.06950880444856349,0.11306765523632993,0.029657089898053754,male
BR00028,0.3463587921847247,0.13854351687388988,0.028419182948490232,0.27353463587921845,0.06927175843694494,0.11367673179396093,0.03019538188277087,male
BR00029,0.3462532299741602,0.13953488372093023,0.028423772609819122,0.27325581395348836,0.06976744186046512,0.11304909560723514,0.029715762273901807,male
BR00030,0.3465909090909091,0.13920454545454544,0.028409090909090908,0.2727272727272727,0.07102272727272728,0.11363636363636363,0.028409090909090908,male
BR00031,0.34587597832630945,0.13937387116195063,0.028597230583985552,0.2733293196869356,0.06983744732089103,0.11318482841661649,0.029801324503311258,male
BR00032,0.34782608695652173,0.14130434782608695,0.03260869565217391,0.2717391304347826,0.06521739130434782,0.10869565217391304,0.03260869565217391,male
BR00033,0.3459399332591769,0.13941416388579903,0.028550241008527995,0.2732665925101965,0.06970708194289951,0.11345939933259176,0.029662588060808306,male
BR00034,0.345718901453958,0.13974151857835218,0.02827140549273021,0.2738287560581583,0.06946688206785137,0.11308562197092084,0.02988691437802908,male
BR00035,0.3454810495626822,0.13994169096209913,0.029154518950437316,0.2725947521865889,0.06997084548104957,0.11370262390670553,0.029154518950437316,male
BR00036,0.3468208092485549,0.13872832369942195,0.028901734104046242,0.2745664739884393,0.06936416184971098,0.11271676300578035,0.028901734104046242,male
BR00037,0.34590493193483596,0.13947779513501452,0.02856505244365097,0.2731533139924124,0.06985047980361526,0.11336755188573978,0.029680874804731087,male
BR00038,0.3463687150837989,0.13966480446927373,0.027932960893854747,0.2737430167597765,0.06890130353817504,0.11359404096834265,0.0297951582867784,male
BR00039,0.345679012345679,0.13991769547325103,0.02880658436213992,0.2736625514403292,0.06995884773662552,0.11316872427983539,0.02880658436213992,male
BR00040,0.34623217922606925,0.1384928716904277,0.028513238289205704,0.2729124236252546,0.06924643584521385,0.11405295315682282,0.03054989816700611,male
BR00041,0.3466666666666667,0.14,0.02666666666666667,0.2733333333333333,0.07333333333333333,0.11333333333333333,0.02666666666666667,male
BR00042,0.3480392156862745,0.13725490196078433,0.029411764705882353,0.27450980392156865,0.06862745098039216,0.11274509803921569,0.029411764705882353,male
BR00043,0.34536082474226804,0.13917525773195877,0.029209621993127148,0.27319587628865977,0.070446735395189,0.1134020618556701,0.029209621993127148,male
BR00044,0.34603930911256703,0.13936867182846932,0.02858844550327576,0.2733770101250744,0.06968433591423466,0.11316259678379988,0.029779630732578916,male
BR00045,0.34590616375344985,0.13983440662373506,0.028518859245630176,0.2732290708371665,0.06991720331186753,0.11315547378104876,0.029438822447102116,male
BR00046,0.3450520833333333,0.13932291666666666,0.028645833333333332,0.2734375,0.0703125,0.11328125,0.029947916666666668,male
BR00047,0.3459860383944154,0.13917975567190227,0.028795811518324606,0.2731239092495637,0.06980802792321117,0.11343804537521815,0.029668411867364748,male
BR00048,0.34513274336283184,0.13864306784660768,0.029498525073746312,0.2743362831858407,0.07079646017699115,0.11209439528023599,0.029498525073746312,male
BR00049,0.34536082474226804,0.13917525773195877,0.028350515463917526,0.27319587628865977,0.06958762886597938,0.1134020618556701,0.030927835051546393,male
BR00050,0.34564643799472294,0.13984168865435356,0.029023746701846966,0.27440633245382584,0.06860158311345646,0.11345646437994723,0.029023746701846966,male
BR00051,0.3466135458167331,0.1394422310756972,0.027888446215139442,0.2729083665338645,0.0697211155378486,0.11354581673306773,0.029880478087649404,male
BR00052,0.3459715639810427,0.13981042654028436,0.02843601895734597,0.2725118483412322,0.06872037914691943,0.11374407582938388,0.030805687203791468,male
BR00053,0.34583461420227485,0.13925607131878268,0.02858899477405472,0.2732861973562865,0.06978173993237012,0.11343375345834614,0.029818628957885028,male
BR00054,0.34595238095238096,0.1392857142857143,0.02857142857142857,0.2733333333333333,0.06976190476190476,0.11333333333333333,0.02976190476190476,male
BR00055,0.3459059441394127,0.13941274767247552,0.028646455001193602,0.2733349248030556,0.06970637383623776,0.113392217713058,0.029601336834566724,male
BR00056,0.34285714285714286,0.14285714285714285,0.02857142857142857,0.2714285714285714,0.07142857142857142,0.11428571428571428,0.02857142857142857,male
BR00057,0.3458646616541353,0.1394736842105263,0.02857142857142857,0.2733082706766917,0.06992481203007518,0.11315789473684211,0.029699248120300753,male
BR00058,0.34532374100719426,0.1393884892086331,0.02877697841726619,0.2733812949640288,0.07014388489208633,0.11330935251798561,0.029676258992805755,male
BR00059,0.3458492226459372,0.139337048987973,0.028747433264887063,0.2733939571721913,0.06981519507186858,0.11322968612496333,0.029627456732179525,male
BR00060,0.34650112866817157,0.1399548532731377,0.028216704288939052,0.27313769751693,0.06997742663656885,0.11286681715575621,0.029345372460496615,male
BR00061,0.34579439252336447,0.14018691588785046,0.028037383177570093,0.27414330218068533,0.06853582554517133,0.11214953271028037,0.03115264797507788,male
BR00062,0.3452991452991453,0.14017094017094017,0.02905982905982906,0.27350427350427353,0.07008547008547009,0.11282051282051282,0.02905982905982906,male
BR00063,0.3457090687766281,0.1393791844187462,0.028606208155812538,0.2732805842970176,0.06999391357273281,0.11320754716981132,0.02982349360925137,male
BR00064,0.34497816593886466,0.13973799126637554,0.028384279475982533,0.27292576419213976,0.06986899563318777,0.11353711790393013,0.03056768558951965,male
BR00065,0.3458128078817734,0.1394088669950739,0.02857142857142857,0.2733990147783251,0.06995073891625615,0.11330049261083744,0.029556650246305417,male
BR00066,0.34523809523809523,0.13988095238095238,0.02976190476190476,0.27380952380952384,0.06845238095238096,0.1130952380952381,0.02976190476190476,male
BR00067,0.34572490706319703,0.14002478314745972,0.028500619578686492,0.2738537794299876,0.06939281288723669,0.1127633209417596,0.02973977695167286,male
BR00068,0.34394904458598724,0.14012738853503184,0.028662420382165606,0.27388535031847133,0.07006369426751592,0.11464968152866242,0.028662420382165606,male
BR00069,0.3459915611814346,0.13924050632911392,0.029535864978902954,0.2721518987341772,0.06962025316455696,0.11392405063291139,0.029535864978902954,male
BR00070,0.34536082474226804,0.13917525773195877,0.028350515463917526,0.27319587628865977,0.06958762886597938,0.1134020618556701,0.030927835051546393,male
BR00071,0.3472803347280335,0.13807531380753138,0.029288702928870293,0.2719665271966527,0.07112970711297072,0.11297071129707113,0.029288702928870293,male
BR00072,0.34591194968553457,0.13944914335285188,0.028627195836044242,0.27325959661678595,0.06983300802428974,0.11320754716981132,0.029711559314682282,male
BR00073,0.3468208092485549,0.13872832369942195,0.028901734104046242,0.2745664739884393,0.06936416184971098,0.11271676300578035,0.028901734104046242,male
BR00074,0.3458904109589041,0.13955479452054795,0.02868150684931507,0.2731164383561644,0.06977739726027397,0.1134417808219178,0.029537671232876712,male
BR00075,0.3462532299741602,0.13953488372093023,0.028423772609819122,0.2739018087855297,0.06976744186046512,0.11369509043927649,0.028423772609819122,male
BR00076,0.34584450402144773,0.13941018766756033,0.028150134048257374,0.2734584450402145,0.06970509383378017,0.11394101876675604,0.029490616621983913,male
BR00077,0.3463687150837989,0.13966480446927373,0.027932960893854747,0.2737430167597765,0.06890130353817504,0.11359404096834265,0.0297951582867784,male
BR00078,0.3474178403755869,0.14084507042253522,0.028169014084507043,0.27230046948356806,0.07042253521126761,0.11267605633802817,0.028169014084507043,male
BR00079,0.3454231433506045,0.13989637305699482,0.02936096718480138,0.27288428324697755,0.0690846286701209,0.11398963730569948,0.02936096718480138,male
BR00080,0.34615384615384615,0.1388888888888889,0.028846153846153848,0.27350427350427353,0.06944444444444445,0.11324786324786325,0.029914529914529916,male
BR00081,0.3468013468013468,0.13804713804713806,0.026936026936026935,0.2727272727272727,0.0707070707070707,0.11447811447811448,0.030303030303030304,male
BR00082,0.3469387755102041,0.13877551020408163,0.02857142857142857,0.27346938775510204,0.06938775510204082,0.11428571428571428,0.02857142857142857,male
BR00083,0.34965034965034963,0.13986013986013987,0.027972027972027972,0.2727272727272727,0.06993006993006994,0.11188811188811189,0.027972027972027972,male
BR00084,0.346393588601959,0.13980409617097062,0.028495102404274265,0.27337488869100623,0.06945681211041853,0.11308993766696349,0.029385574354407838,male
BR00085,0.34513274336283184,0.1415929203539823,0.02654867256637168,0.2743362831858407,0.07079646017699115,0.11504424778761062,0.02654867256637168,male
BR00086,0.3464566929133858,0.13910761154855644,0.028871391076115485,0.27296587926509186,0.07086614173228346,0.11286089238845144,0.028871391076115485,male
BR00087,0.3468013468013468,0.13804713804713806,0.026936026936026935,0.2727272727272727,0.0707070707070707,0.11447811447811448,0.030303030303030304,male
BR00088,0.3459552495697074,0.13941480206540446,0.02868617326448652,0.27309236947791166,0.0699942627653471,0.11302352266207688,0.02983362019506598,male
BR00089,0.3463626492942454,0.14006514657980457,0.02823018458197611,0.2736156351791531,0.06948968512486428,0.11292073832790445,0.029315960912052116,male
BR00090,0.3458823529411765,0.14,0.02823529411764706,0.2741176470588235,0.06941176470588235,0.11294117647058824,0.029411764705882353,male
BR00091,0.3469721767594108,0.13911620294599017,0.027823240589198037,0.2733224222585925,0.07037643207855974,0.11292962356792144,0.029459901800327332,male
BR00092,0.34611953612845675,0.1391614629794826,0.028545941123996433,0.27386262265834077,0.0695807314897413,0.11329170383586083,0.029438001784121322,male
BR00093,0.34782608695652173,0.14130434782608695,0.03260869565217391,0.2717391304347826,0.06521739130434782,0.10869565217391304,0.03260869565217391,male
BR00094,0.346031746031746,0.13968253968253969,0.02857142857142857,0.273015873015873,0.06984126984126984,0.1126984126984127,0.03015873015873016,male
BR00095,0.34627329192546585,0.13975155279503104,0.027950310559006212,0.2732919254658385,0.06987577639751552,0.11335403726708075,0.029503105590062112,male
BR00096,0.34590163934426227,0.13934426229508196,0.027868852459016394,0.27377049180327867,0.07049180327868852,0.11311475409836065,0.029508196721311476,male
BR00097,0.34545454545454546,0.13863636363636364,0.029545454545454545,0.2727272727272727,0.07045454545454545,0.11363636363636363,0.029545454545454545,male
BR00098,0.345565749235474,0.13914373088685014,0.0290519877675841,0.27370030581039756,0.07033639143730887,0.11314984709480122,0.0290519877675841,male
BR00099,0.34545454545454546,0.1393939393939394,0.028282828282828285,0.2727272727272727,0.0707070707070707,0.11313131313131314,0.030303030303030304,male
BR00100,0.34559884559884557,0.13924963924963926,0.02886002886002886,0.27344877344877344,0.06998556998556998,0.11327561327561328,0.02958152958152958,male
BR00101,0.34583645911477867,0.13953488372093023,0.028507126781695424,0.2733183295823956,0.06976744186046512,0.11327831957989497,0.02975743935983996,male
BR00102,0.34612031386224934,0.13949433304272013,0.02877070619006103,0.2728857890148213,0.06974716652136007,0.11333914559721012,0.02964254577157803,male
BR00103,0.3433734939759036,0.13855421686746988,0.030120481927710843,0.2710843373493976,0.07228915662650602,0.1144578313253012,0.030120481927710843,male
BR00104,0.34551495016611294,0.13953488372093023,0.02823920265780731,0.27408637873754155,0.06976744186046512,0.11295681063122924,0.029900332225913623,male
BR00105,0.3463855421686747,0.13855421686746988,0.02710843373493976,0.2740963855421687,0.06927710843373494,0.1144578313253012,0.030120481927710843,male
BR00106,0.3464373464373464,0.14004914004914004,0.029484029484029485,0.2727272727272727,0.0687960687960688,0.11302211302211303,0.029484029484029485,male
BR00107,0.34587813620071683,0.13978494623655913,0.02867383512544803,0.2724014336917563,0.06989247311827956,0.11290322580645161,0.03046594982078853,male
BR00108,0.34549356223175964,0.13948497854077252,0.027896995708154508,0.27253218884120173,0.07081545064377683,0.11373390557939914,0.030042918454935622,male
BR00109,0.34596375617792424,0.1394151565074135,0.028624382207578253,0.2732701812191104,0.06981054365733114,0.11326194398682043,0.029654036243822075,male
BR00110,0.345908567038033,0.13941605839416057,0.028582404917402996,0.2733000384172109,0.06980407222435651,0.11329235497502882,0.029696504033807147,male
BR00111,0.34575569358178054,0.13871635610766045,0.028985507246376812,0.2732919254658385,0.07039337474120083,0.11387163561076605,0.028985507246376812,male
BR00112,0.34612105711849955,0.13895993179880647,0.028985507246376812,0.2728047740835465,0.06990622335890878,0.113384484228474,0.029838022165387893,male
BR00113,0.34530938123752497,0.13972055888223553,0.027944111776447105,0.27345309381237526,0.06986027944111776,0.11377245508982035,0.029940119760479042,male
BR00114,0.34581881533101044,0.13937282229965156,0.028745644599303136,0.2735191637630662,0.06968641114982578,0.1132404181184669,0.029616724738675958,male
BR00115,0.3463687150837989,0.13966480446927373,0.027932960893854747,0.2737430167597765,0.07262569832402235,0.11173184357541899,0.027932960893854747,male
BR00116,0.34615384615384615,0.1390532544378698,0.029585798816568046,0.27218934911242604,0.07100591715976332,0.11242603550295859,0.029585798816568046,male
BR00117,0.34602649006622516,0.1390728476821192,0.028973509933774833,0.2731788079470199,0.0695364238410596,0.11341059602649006,0.029801324503311258,male
CT00001,0.3465160075329567,0.1393596986817326,0.02824858757062147,0.2730696798493409,0.0696798493408663,0.11299435028248588,0.030131826741996232,male
CT00002,0.34772182254196643,0.13908872901678657,0.02877697841726619,0.2733812949640288,0.06954436450839328,0.11270983213429256,0.02877697841726619,male
CT00003,0.34538653366583544,0.1396508728179551,0.028678304239401497,0.2730673316708229,0.06982543640897755,0.11346633416458853,0.029925187032418952,male
CT00004,0.34594739667203434,0.1392914653784219,0.02871712292002147,0.273215244229737,0.06977992485238863,0.11325818572195384,0.029790660225442835,male
CT00005,0.34558823529411764,0.13970588235294118,0.029411764705882353,0.27205882352941174,0.06985294117647059,0.11397058823529412,0.029411764705882353,male
CT00006,0.3470031545741325,0.138801261829653,0.028391167192429023,0.2744479495268139,0.0694006309148265,0.11356466876971609,0.028391167192429023,male
CT00007,0.3460207612456747,0.14013840830449828,0.029411764705882353,0.27335640138408307,0.06920415224913495,0.11245674740484429,0.029411764705882353,male
CT00008,0.34593837535014005,0.13935574229691877,0.028711484593837534,0.27310924369747897,0.0700280112044818,0.1134453781512605,0.029411764705882353,male
CT00009,0.34602757715036114,0.139198949441891,0.028890347997373604,0.273145108338805,0.0695994747209455,0.11359159553512804,0.02954694681549573,male
CT00010,0.34602829162132753,0.13928182807399347,0.02883569096844396,0.2731229597388466,0.06964091403699674,0.11316648531011969,0.029923830250272034,male
CT00011,0.3444976076555024,0.13875598086124402,0.028708133971291867,0.2727272727272727,0.07177033492822966,0.11483253588516747,0.028708133971291867,male
CT00012,0.345679012345679,0.1382716049382716,0.02962962962962963,0.2740740740740741,0.0691358024691358,0.11358024691358025,0.02962962962962963,male
CT00013,0.34560906515580736,0.14022662889518414,0.028328611898016998,0.273371104815864,0.06940509915014165,0.11331444759206799,0.029745042492917848,male
CT00014,0.3458874458874459,0.1393939393939394,0.02857142857142857,0.27316017316017316,0.0696969696969697,0.11341991341991342,0.02987012987012987,male
CT00015,0.34759358288770054,0.13903743315508021,0.029411764705882353,0.2727272727272727,0.06951871657754011,0.11229946524064172,0.029411764705882353,male
CT00016,0.345580404685836,0.1395101171458999,0.02875399361022364,0.2731629392971246,0.06975505857294995,0.1134185303514377,0.029818956336528223,male
CT00017,0.34615384615384615,0.1390532544378698,0.028106508875739646,0.27366863905325445,0.0695266272189349,0.11390532544378698,0.029585798816568046,male
CT00018,0.3457875457875458,0.1391941391941392,0.02857142857142857,0.27326007326007323,0.0695970695970696,0.11355311355311355,0.030036630036630037,male
CT00019,0.34576271186440677,0.13898305084745763,0.02711864406779661,0.2745762711864407,0.0711864406779661,0.11186440677966102,0.030508474576271188,male
CT00020,0.3458333333333333,0.1394607843137255,0.028676470588235293,0.27328431372549017,0.06985294117647059,0.11323529411764706,0.029656862745098038,male
CT00021,0.34615384615384615,0.1390532544378698,0.028599605522682446,0.27317554240631164,0.07001972386587771,0.11341222879684418,0.029585798816568046,male
CT00022,0.34560906515580736,0.14022662889518414,0.028328611898016998,0.273371104815864,0.06940509915014165,0.11331444759206799,0.029745042492917848,male
CT00023,0.34599504541701076,0.13955408753096615,0.028901734104046242,0.27332782824112306,0.06936416184971098,0.11312964492155243,0.02972749793559042,male
CT00024,0.3456678700361011,0.13898916967509026,0.02888086642599278,0.27346570397111913,0.06949458483754513,0.11371841155234658,0.029783393501805054,male
CT00025,0.3472222222222222,0.1388888888888889,0.027777777777777776,0.2743055555555556,0.06944444444444445,0.11284722222222222,0.029513888888888888,male
CT00026,0.3458844133099825,0.13922942206654992,0.028896672504378284,0.2732049036777583,0.07005253940455342,0.11295971978984239,0.0297723292469352,male
CT00028,0.345707656612529,0.13954259197878688,0.028505137553861453,0.273118992376533,0.06993702353331123,0.11335764003977461,0.029830957905203844,male
CT00029,0.34579439252336447,0.13960280373831777,0.028621495327102803,0.2733644859813084,0.06950934579439252,0.1133177570093458,0.029789719626168224,male
CT00030,0.3459154929577465,0.13915492957746478,0.02873239436619718,0.27323943661971833,0.06985915492957746,0.1132394366197183,0.029859154929577466,male
CT00031,0.3463917525773196,0.1402061855670103,0.0288659793814433,0.2721649484536082,0.07010309278350516,0.1134020618556701,0.0288659793814433,male
CT00032,0.34593572778827975,0.13988657844990549,0.02835538752362949,0.2731568998109641,0.06994328922495274,0.11342155009451796,0.02930056710775047,male
CT00033,0.34603930911256703,0.13936867182846932,0.02858844550327576,0.2733770101250744,0.06968433591423466,0.11316259678379988,0.029779630732578916,male
CT00034,0.3459522422830518,0.13948747815958065,0.028538147932440302,0.27315084449621435,0.06988934187536401,0.11327897495631917,0.0297029702970297,male
CT00035,0.3464765100671141,0.13926174496644295,0.028523489932885907,0.27348993288590606,0.06963087248322147,0.11325503355704698,0.02936241610738255,male
CT00036,0.3458411507191995,0.13946216385240776,0.028767979987492184,0.27329580988117574,0.07004377736085053,0.1131957473420888,0.029393370856785492,male
CT00037,0.346072186836518,0.13906581740976645,0.028662420382165606,0.27282377919320594,0.07006369426751592,0.11358811040339703,0.029723991507430998,male
CT00038,0.34622823984526113,0.13926499032882012,0.028368794326241134,0.2733720180528691,0.06963249516441006,0.11347517730496454,0.029658284977433915,male
CT00039,0.3459764223475141,0.13941568426447976,0.028703229113275244,0.2731932342388519,0.06970784213223988,0.1132752434648898,0.02972834443874936,male
CT00040,0.345531914893617,0.13957446808510637,0.02893617021276596,0.2731914893617021,0.06978723404255319,0.11319148936170213,0.029787234042553193,male
CT00041,0.34537725823591925,0.1392136025504782,0.028692879914984058,0.2731137088204038,0.07013815090329437,0.11370882040382571,0.02975557917109458,male
CT00042,0.3458856345885635,0.1394700139470014,0.029288702928870293,0.2733612273361227,0.0697350069735007,0.11297071129707113,0.029288702928870293,male
CT00043,0.34593023255813954,0.13953488372093023,0.028343023255813952,0.27325581395348836,0.06976744186046512,0.11337209302325581,0.029796511627906978,male
CT00044,0.346336822074215,0.13986679352997144,0.028544243577545196,0.2730732635585157,0.06945765937202664,0.11322549952426261,0.029495718363463368,male
CT00045,0.3460490463215259,0.13896457765667575,0.027247956403269755,0.2724795640326976,0.07084468664850137,0.11444141689373297,0.02997275204359673,male
CT00046,0.3458646616541353,0.13909774436090225,0.02882205513784461,0.2731829573934837,0.07017543859649122,0.11278195488721804,0.03007518796992481,male
CT00047,0.34608985024958405,0.13976705490848584,0.028286189683860232,0.27287853577371046,0.06988352745424292,0.11314475873544093,0.029950083194675542,male
CT00048,0.34558823529411764,0.13970588235294118,0.029411764705882353,0.27205882352941174,0.06985294117647059,0.11397058823529412,0.029411764705882353,male
CT00049,0.34615384615384615,0.1396761133603239,0.02834008097165992,0.2732793522267207,0.06950067476383266,0.11336032388663968,0.029689608636977057,male
CT00050,0.3461169702780441,0.13902205177372962,0.028763183125599234,0.27325023969319273,0.06999041227229147,0.11313518696069032,0.029721955896452542,male
CT00051,0.3460207612456747,0.1395617070357555,0.02883506343713956,0.27335640138408307,0.06920415224913495,0.11303344867358708,0.029988465974625143,male
CT00052,0.34615384615384615,0.1388888888888889,0.028846153846153848,0.27350427350427353,0.06944444444444445,0.11324786324786325,0.029914529914529916,male
CT00053,0.34595775673707213,0.13911143481427532,0.028404952658412235,0.27312454479242537,0.06991988346686089,0.11361981063364894,0.02986161689730517,male
CT00054,0.3456221198156682,0.13940092165898618,0.02880184331797235,0.2730414746543779,0.07027649769585254,0.11290322580645161,0.029953917050691243,male
CT00055,0.34574763757643134,0.13952195664257921,0.028349082823790995,0.27348526959421904,0.07003891050583658,0.11339633129516398,0.029460811561978877,male
CT00056,0.3459262630860264,0.13928083750568956,0.02867546654528903,0.27355484751934456,0.06964041875284478,0.1133363677742376,0.029585798816568046,male
CT00057,0.3453488372093023,0.13953488372093023,0.029069767441860465,0.27325581395348836,0.06976744186046512,0.1127906976744186,0.030232558139534883,male
CT00058,0.34710743801652894,0.14049586776859505,0.028925619834710745,0.2727272727272727,0.07024793388429752,0.1115702479338843,0.028925619834710745,male
CT00059,0.34596871239470517,0.13959085439229843,0.02888086642599278,0.273164861612515,0.06979542719614922,0.11311672683513839,0.029482551143200964,male
CT00060,0.3474903474903475,0.138996138996139,0.02702702702702703,0.27413127413127414,0.0694980694980695,0.11196911196911197,0.03088803088803089,male
CT00061,0.3462099125364432,0.1392128279883382,0.028425655976676383,0.27332361516034986,0.06997084548104957,0.1129737609329446,0.02988338192419825,male
CT00062,0.34532374100719426,0.1366906474820144,0.02877697841726619,0.2733812949640288,0.07194244604316546,0.11510791366906475,0.02877697841726619,male
CT00063,0.34545454545454546,0.1393939393939394,0.028282828282828285,0.2727272727272727,0.0707070707070707,0.11313131313131314,0.030303030303030304,male
CT00064,0.3456495828367104,0.1394517282479142,0.028605482717520857,0.2729439809296782,0.07032181168057211,0.11323003575685339,0.029797377830750895,male
CT00065,0.345703125,0.1396484375,0.0283203125,0.2734375,0.0703125,0.11328125,0.029296875,male
CT00066,0.34609929078014184,0.13900709219858157,0.028368794326241134,0.27375886524822696,0.06950354609929078,0.11347517730496454,0.029787234042553193,male
CT00067,0.3458937198067633,0.1391304347826087,0.028985507246376812,0.27342995169082124,0.06956521739130435,0.11304347826086956,0.02995169082125604,male
CT00068,0.3458167330677291,0.1394422310756972,0.028685258964143426,0.2733067729083665,0.0701195219123506,0.11314741035856574,0.02948207171314741,male
CT00069,0.34525939177101966,0.13953488372093023,0.028622540250447227,0.2737030411449016,0.06976744186046512,0.11270125223613596,0.03041144901610018,male
CT00070,0.34591194968553457,0.13941299790356393,0.02830188679245283,0.27358490566037735,0.07023060796645703,0.11320754716981132,0.029350104821802937,male
CT00071,0.3459158415841584,0.13923267326732675,0.028465346534653466,0.27351485148514854,0.06992574257425743,0.11324257425742575,0.0297029702970297,male
CT00072,0.34610472541507026,0.1392081736909323,0.0280970625798212,0.27330779054916987,0.070242656449553,0.1136653895274585,0.02937420178799489,male
CT00073,0.3464180569185476,0.1393523061825319,0.02845927379784102,0.27379784102060845,0.06967615309126594,0.11285574092247301,0.029440628066732092,male
CT00074,0.3462214411247803,0.13884007029876977,0.028119507908611598,0.2741652021089631,0.070298769771529,0.11247803163444639,0.029876977152899824,male
CT00075,0.34577501296008295,0.1394504924831519,0.02851218247796786,0.27319854847071023,0.06998444790046657,0.11353032659409021,0.029548989113530325,male
CT00076,0.34549878345498786,0.1386861313868613,0.029197080291970802,0.2725060827250608,0.0705596107055961,0.11435523114355231,0.029197080291970802,male
CT00077,0.3457159976033553,0.1396045536249251,0.028759736369083282,0.2732174955062912,0.0695026962252846,0.11324146195326543,0.029958058717795086,male
CT00078,0.3453551912568306,0.13989071038251366,0.02841530054644809,0.273224043715847,0.06994535519125683,0.11366120218579236,0.029508196721311476,male
CT00079,0.34592445328031807,0.13916500994035785,0.028628230616302187,0.2731610337972167,0.06998011928429423,0.11332007952286283,0.02982107355864811,male
CT00080,0.34619002822201317,0.13922859830667922,0.028222013170272814,0.2737535277516463,0.06961429915333961,0.11288805268109126,0.030103480714957668,male
CT00081,0.34591194968553457,0.139937106918239,0.02830188679245283,0.27358490566037735,0.06918238993710692,0.11320754716981132,0.029874213836477988,male
CT00082,0.34629629629629627,0.1388888888888889,0.027777777777777776,0.2740740740740741,0.07037037037037037,0.11296296296296296,0.02962962962962963,male
CT00083,0.3465909090909091,0.13920454545454544,0.028409090909090908,0.2727272727272727,0.07102272727272728,0.11363636363636363,0.028409090909090908,male
CT00084,0.34594594594594597,0.13940917661847893,0.028661219358893777,0.2732872407291012,0.06976744186046512,0.11326209930861093,0.029666876178504085,male
CT00085,0.3472222222222222,0.1388888888888889,0.027777777777777776,0.2743055555555556,0.06944444444444445,0.11284722222222222,0.029513888888888888,male
CT00086,0.3460122699386503,0.1392638036809816,0.02883435582822086,0.27300613496932513,0.06993865030674846,0.11349693251533742,0.029447852760736196,male
CT00087,0.34610630407911,0.13967861557478367,0.02843016069221261,0.273176761433869,0.06983930778739184,0.11310259579728059,0.029666254635352288,male
CT00088,0.3463497453310696,0.13921901528013583,0.028862478777589132,0.2733446519524618,0.06960950764006792,0.11375212224108659,0.028862478777589132,male
CT00089,0.34594594594594597,0.13918918918918918,0.02837837837837838,0.27364864864864863,0.06959459459459459,0.11351351351351352,0.02972972972972973,male
CT00090,0.3460490463215259,0.1396457765667575,0.02861035422343324,0.2731607629427793,0.06948228882833787,0.11307901907356949,0.02997275204359673,male
CT00091,0.3470031545741325,0.138801261829653,0.028391167192429023,0.2744479495268139,0.0694006309148265,0.11356466876971609,0.028391167192429023,male
CT00092,0.3464285714285714,0.1392857142857143,0.02857142857142857,0.2732142857142857,0.06964285714285715,0.1125,0.030357142857142857,male
CT00093,0.34578847371754273,0.13932868904369855,0.028499050031665613,0.27359088030398987,0.06966434452184928,0.11336288790373654,0.029765674477517417,male
CT00094,0.3460207612456747,0.1384083044982699,0.02768166089965398,0.27335640138408307,0.06920415224913495,0.11418685121107267,0.031141868512110725,male
CT00095,0.34576023391812866,0.13961988304093567,0.02850877192982456,0.2733918128654971,0.06944444444444445,0.11330409356725146,0.029970760233918127,male
CT00096,0.34576757532281205,0.13916786226685796,0.028694404591104734,0.27259684361549497,0.0703012912482066,0.1133428981348637,0.03012912482065997,male
CT00097,0.3465783664459161,0.1390728476821192,0.02869757174392936,0.2737306843267108,0.0706401766004415,0.11258278145695365,0.02869757174392936,male
CT00098,0.34584664536741216,0.1393769968051118,0.02875399361022364,0.2731629392971246,0.06988817891373802,0.1134185303514377,0.029552715654952075,male
CT00099,0.34573119188503804,0.13947590870667795,0.028740490278951817,0.27303465765004226,0.07016060862214708,0.1132713440405748,0.029585798816568046,male
CT00100,0.34566929133858265,0.13937007874015747,0.028346456692913385,0.2732283464566929,0.07007874015748032,0.11338582677165354,0.029921259842519685,male
CT00101,0.34589468430247067,0.13925630147242327,0.028699775393062142,0.2732717743948091,0.06987771400049912,0.11330172198652358,0.02969802845021213,male
CT00102,0.34585152838427946,0.1388646288209607,0.028820960698689956,0.27336244541484717,0.06986899563318777,0.11353711790393013,0.029694323144104803,male
CT00103,0.3457743457743458,0.13942513942513943,0.028743028743028743,0.2732732732732733,0.06992706992706993,0.11325611325611326,0.029601029601029602,male
CT00104,0.34646739130434784,0.13994565217391305,0.028532608695652172,0.27309782608695654,0.06929347826086957,0.11277173913043478,0.029891304347826088,male
CT00105,0.34587020648967554,0.13938053097345132,0.028761061946902654,0.27323008849557523,0.06969026548672566,0.11320058997050148,0.029867256637168143,male
CT00106,0.34584342211460856,0.13922518159806296,0.028652138821630348,0.2732041969330105,0.06981436642453591,0.11339790153349476,0.02986279257465698,male
CT00107,0.34610472541507026,0.1392081736909323,0.0280970625798212,0.27330779054916987,0.070242656449553,0.1136653895274585,0.02937420178799489,male
CT00108,0.3457497612225406,0.13944603629417382,0.02865329512893983,0.2731614135625597,0.06972301814708691,0.11365807067812798,0.029608404966571154,male
CT00109,0.3468013468013468,0.13804713804713806,0.026936026936026935,0.2727272727272727,0.0707070707070707,0.11447811447811448,0.030303030303030304,male
CT00110,0.34594594594594597,0.13945945945945945,0.02810810810810811,0.2735135135135135,0.07027027027027027,0.11351351351351352,0.02918918918918919,male
CT00111,0.3470031545741325,0.138801261829653,0.028391167192429023,0.2744479495268139,0.0694006309148265,0.11356466876971609,0.028391167192429023,male
CT00112,0.3462857142857143,0.13942857142857143,0.02857142857142857,0.27314285714285713,0.06971428571428571,0.11314285714285714,0.029714285714285714,male
CT00113,0.34582407113369323,0.13940933629723723,0.028580501746586218,0.2731025722451572,0.06986344871387742,0.113369323594792,0.029850746268656716,male
CT00114,0.3459419757620272,0.1395519647447668,0.028644876973925818,0.27322805728975397,0.0697759823723834,0.11311053984575835,0.0297466030113845,male
CT00115,0.3458823529411765,0.13929411764705882,0.028705882352941175,0.27341176470588235,0.06964705882352941,0.11341176470588235,0.029647058823529412,male
CT00116,0.3457831325301205,0.13975903614457832,0.02891566265060241,0.27228915662650605,0.06987951807228916,0.11325301204819277,0.030120481927710843,male
CT00117,0.3458068827263615,0.1393250918810558,0.028733711994654194,0.27330437687938525,0.0698296024056131,0.11326428332776478,0.029736050785165388,male
CT00118,0.345707656612529,0.13921113689095127,0.029002320185614848,0.27262180974477956,0.06960556844547564,0.1136890951276102,0.030162412993039442,male
CT00119,0.3464052287581699,0.13725490196078433,0.026143790849673203,0.27450980392156865,0.0718954248366013,0.1111111111111111,0.032679738562091505,male
CT00120,0.3463414634146341,0.13951219512195123,0.02829268292682927,0.2731707317073171,0.0702439024390244,0.11317073170731708,0.02926829268292683,male
CT00121,0.346072186836518,0.1394196744515216,0.028308563340410473,0.27317763623496105,0.07006369426751592,0.11323425336164189,0.029723991507430998,male
CT00122,0.3460837887067395,0.13934426229508196,0.028233151183970857,0.273224043715847,0.07012750455373407,0.11293260473588343,0.030054644808743168,male
CT00123,0.3470715835140998,0.13882863340563992,0.028199566160520606,0.27331887201735355,0.06941431670281996,0.11279826464208242,0.03036876355748373,male
CT00124,0.346031746031746,0.13932980599647266,0.02857142857142857,0.27336860670194,0.06984126984126984,0.11322751322751323,0.02962962962962963,male
CT00125,0.34558823529411764,0.13970588235294118,0.029411764705882353,0.27205882352941174,0.06985294117647059,0.11397058823529412,0.029411764705882353,male
CT00126,0.34615384615384615,0.1391941391941392,0.029304029304029304,0.27289377289377287,0.0695970695970696,0.11355311355311355,0.029304029304029304,male
BR00001,0.09090909090909091,0.16363636363636364,0.32727272727272727,0.2,0.18181818181818182,0.01818181818181818,0.01818181818181818,female
BR00002,0.0967741935483871,0.16129032258064516,0.3225806451612903,0.1935483870967742,0.1774193548387097,0.016129032258064516,0.03225806451612903,female
BR00003,0.1,0.16666666666666666,0.3,0.2,0.16666666666666666,0.03333333333333333,0.03333333333333333,female
BR00004,0.0958904109589041,0.16666666666666666,0.317351598173516,0.19863013698630136,0.1735159817351598,0.0228310502283105,0.02511415525114155,female
BR00005,0.0966089965397924,0.16664359861591696,0.3170934256055363,0.19833910034602076,0.17259515570934256,0.022560553633217992,0.02615916955017301,female
BR00006,0.09558823529411764,0.16911764705882354,0.3161764705882353,0.19852941176470587,0.16911764705882354,0.022058823529411766,0.029411764705882353,female
BR00007,0.09502262443438914,0.167420814479638,0.3167420814479638,0.19909502262443438,0.17194570135746606,0.02262443438914027,0.027149321266968326,female
BR00008,0.09644670050761421,0.16751269035532995,0.31725888324873097,0.19796954314720813,0.17258883248730963,0.02284263959390863,0.025380710659898477,female
BR00009,0.0979020979020979,0.16783216783216784,0.3146853146853147,0.1958041958041958,0.17482517482517482,0.02097902097902098,0.027972027972027972,female
BR00010,0.09090909090909091,0.1590909090909091,0.3181818181818182,0.20454545454545456,0.18181818181818182,0.022727272727272728,0.022727272727272728,female
BR00011,0.0972972972972973,0.16756756756756758,0.31351351351351353,0.2,0.17297297297297298,0.021621621621621623,0.02702702702702703,female
BR00012,0.0958904109589041,0.1643835616438356,0.3219178082191781,0.19863013698630136,0.17123287671232876,0.02054794520547945,0.0273972602739726,female
BR00013,0.09662073490813648,0.16666666666666666,0.3170931758530184,0.19832677165354332,0.1725721784776903,0.022637795275590553,0.02608267716535433,female
BR00014,0.09090909090909091,0.16363636363636364,0.32727272727272727,0.2,0.18181818181818182,0.01818181818181818,0.01818181818181818,female
BR00015,0.09770114942528736,0.16666666666666666,0.3160919540229885,0.19827586206896552,0.1724137931034483,0.022988505747126436,0.02586206896551724,female
BR00016,0.09944751381215469,0.16574585635359115,0.3149171270718232,0.19889502762430938,0.1712707182320442,0.022099447513812154,0.027624309392265192,female
BR00017,0.09664948453608248,0.16623711340206185,0.3170103092783505,0.19845360824742267,0.17268041237113402,0.023195876288659795,0.02577319587628866,female
BR00018,0.0965697240865026,0.16666666666666666,0.31711409395973156,0.19835943325876212,0.1726323639075317,0.022557792692020878,0.02609992542878449,female
BR00019,0.09836065573770492,0.16393442622950818,0.319672131147541,0.19672131147540983,0.1721311475409836,0.02459016393442623,0.02459016393442623,female
BR00020,0.1,0.1625,0.3125,0.2,0.175,0.025,0.025,female
BR00021,0.09444444444444444,0.16666666666666666,0.31666666666666665,0.2,0.17222222222222222,0.022222222222222223,0.027777777777777776,female
BR00022,0.0967741935483871,0.17204301075268819,0.3225806451612903,0.1935483870967742,0.17204301075268819,0.021505376344086023,0.021505376344086023,female
BR00023,0.09595959595959595,0.16666666666666666,0.3181818181818182,0.1994949494949495,0.1717171717171717,0.022727272727272728,0.025252525252525252,female
BR00024,0.09333333333333334,0.16666666666666666,0.32,0.2,0.17333333333333334,0.02,0.02666666666666667,female
BR00025,0.09195402298850575,0.1724137931034483,0.3218390804597701,0.19540229885057472,0.1724137931034483,0.022988505747126436,0.022988505747126436,female
BR00026,0.09698275862068965,0.16702586206896552,0.3168103448275862,0.19827586206896552,0.1724137931034483,0.022629310344827586,0.02586206896551724,female
BR00027,0.09696969696969697,0.16666666666666666,0.3181818181818182,0.19696969696969696,0.17272727272727273,0.021212121212121213,0.02727272727272727,female
BR00028,0.09444444444444444,0.16666666666666666,0.31666666666666665,0.2,0.17222222222222222,0.022222222222222223,0.027777777777777776,female
BR00029,0.09738717339667459,0.166270783847981,0.3159144893111639,0.19714964370546317,0.17339667458432304,0.023752969121140142,0.026128266033254157,female
BR00030,0.09345794392523364,0.16822429906542055,0.3177570093457944,0.19626168224299065,0.17757009345794392,0.018691588785046728,0.028037383177570093,female
BR00031,0.09639727361246349,0.1665043816942551,0.317429406037001,0.19863680623174293,0.17234664070107109,0.022395326192794548,0.02629016553067186,female
BR00032,0.0967741935483871,0.16129032258064516,0.3225806451612903,0.1935483870967742,0.16129032258064516,0.03225806451612903,0.03225806451612903,female
BR00033,0.09697732997481108,0.16624685138539042,0.31738035264483627,0.1977329974811083,0.172544080604534,0.022670025188916875,0.02644836272040302,female
BR00034,0.09562841530054644,0.16666666666666666,0.31693989071038253,0.1994535519125683,0.1721311475409836,0.02185792349726776,0.0273224043715847,female
BR00035,0.0967741935483871,0.16666666666666666,0.3172043010752688,0.1989247311827957,0.17204301075268819,0.021505376344086023,0.026881720430107527,female
BR00036,0.0970873786407767,0.1650485436893204,0.32038834951456313,0.1941747572815534,0.17475728155339806,0.019417475728155338,0.02912621359223301,female
BR00037,0.09656181419166057,0.1667885881492319,0.3167520117044623,0.19824433065106073,0.17264081931236283,0.02267739575713241,0.026335040234089245,female
BR00038,0.09580838323353294,0.16766467065868262,0.31736526946107785,0.19760479041916168,0.17365269461077845,0.023952095808383235,0.023952095808383235,female
BR00039,0.09933774834437085,0.16556291390728478,0.31788079470198677,0.1986754966887417,0.17218543046357615,0.019867549668874173,0.026490066225165563,female
BR00040,0.09316770186335403,0.16770186335403728,0.3167701863354037,0.19875776397515527,0.17391304347826086,0.024844720496894408,0.024844720496894408,female
BR00041,0.0975609756097561,0.17073170731707318,0.3170731707317073,0.1951219512195122,0.17073170731707318,0.024390243902439025,0.024390243902439025,female
BR00042,0.09230769230769231,0.16923076923076924,0.3230769230769231,0.2,0.16923076923076924,0.015384615384615385,0.03076923076923077,female
BR00043,0.09659090909090909,0.16477272727272727,0.3181818181818182,0.19886363636363635,0.17045454545454544,0.022727272727272728,0.028409090909090908,female
BR00044,0.09619238476953908,0.16633266533066132,0.3186372745490982,0.19839679358717435,0.17234468937875752,0.022044088176352707,0.026052104208416832,female
BR00045,0.09649122807017543,0.16666666666666666,0.3157894736842105,0.19883040935672514,0.17251461988304093,0.023391812865497075,0.02631578947368421,female
BR00046,0.09649122807017543,0.16666666666666666,0.3201754385964912,0.19736842105263158,0.17105263157894737,0.021929824561403508,0.02631578947368421,female
BR00047,0.09649122807017543,0.16666666666666666,0.3172514619883041,0.19883040935672514,0.17251461988304093,0.021929824561403508,0.02631578947368421,female
BR00048,0.09615384615384616,0.16346153846153846,0.3173076923076923,0.20192307692307693,0.17307692307692307,0.019230769230769232,0.028846153846153848,female
BR00049,0.09523809523809523,0.16666666666666666,0.31746031746031744,0.1984126984126984,0.1746031746031746,0.023809523809523808,0.023809523809523808,female
BR00050,0.09917355371900827,0.1652892561983471,0.3140495867768595,0.19834710743801653,0.17355371900826447,0.024793388429752067,0.024793388429752067,female
BR00051,0.09815950920245399,0.1656441717791411,0.31901840490797545,0.19631901840490798,0.17177914110429449,0.024539877300613498,0.024539877300613498,female
BR00052,0.09774436090225563,0.16541353383458646,0.3157894736842105,0.20300751879699247,0.17293233082706766,0.022556390977443608,0.022556390977443608,female
BR00053,0.0967098703888335,0.16650049850448653,0.317048853439681,0.1984047856430708,0.17248255234297108,0.022931206380857428,0.0259222333000997,female
BR00054,0.09659969088098919,0.16692426584234932,0.3168469860896445,0.19860896445131376,0.1723338485316847,0.02241112828438949,0.02627511591962906,female
BR00055,0.0968,0.1664,0.3168,0.1984,0.1728,0.0224,0.0264,female
BR00056,0.1,0.15,0.3,0.2,0.2,0.0,0.05,female
BR00057,0.09692671394799054,0.16666666666666666,0.31678486997635935,0.19858156028368795,0.17257683215130024,0.022458628841607566,0.026004728132387706,female
BR00058,0.09742120343839542,0.166189111747851,0.31805157593123207,0.1977077363896848,0.17191977077363896,0.022922636103151862,0.025787965616045846,female
BR00059,0.09623015873015874,0.16666666666666666,0.31746031746031744,0.1984126984126984,0.17261904761904762,0.022817460317460316,0.025793650793650792,female
BR00060,0.09523809523809523,0.1684981684981685,0.31868131868131866,0.1978021978021978,0.17216117216117216,0.02197802197802198,0.02564102564102564,female
BR00061,0.09900990099009901,0.16831683168316833,0.31683168316831684,0.19801980198019803,0.16831683168316833,0.019801980198019802,0.0297029702970297,female
BR00062,0.09444444444444444,0.16666666666666666,0.31666666666666665,0.2,0.17222222222222222,0.022222222222222223,0.027777777777777776,female
BR00063,0.09622641509433963,0.1660377358490566,0.3169811320754717,0.19811320754716982,0.17358490566037735,0.022641509433962263,0.026415094339622643,female
BR00064,0.09774436090225563,0.16541353383458646,0.3157894736842105,0.20300751879699247,0.17293233082706766,0.022556390977443608,0.022556390977443608,female
BR00065,0.09615384615384616,0.16666666666666666,0.3173076923076923,0.1987179487179487,0.17307692307692307,0.022435897435897436,0.02564102564102564,female
BR00066,0.09278350515463918,0.16494845360824742,0.31958762886597936,0.1958762886597938,0.17525773195876287,0.020618556701030927,0.030927835051546393,female
BR00067,0.0967741935483871,0.16532258064516128,0.3185483870967742,0.1975806451612903,0.17338709677419356,0.024193548387096774,0.024193548387096774,female
BR00068,0.09574468085106383,0.1702127659574468,0.3191489361702128,0.20212765957446807,0.1702127659574468,0.02127659574468085,0.02127659574468085,female
BR00069,0.0945945945945946,0.16891891891891891,0.31756756756756754,0.19594594594594594,0.17567567567567569,0.02027027027027027,0.02702702702702703,female
BR00070,0.09243697478991597,0.16806722689075632,0.31932773109243695,0.20168067226890757,0.16806722689075632,0.025210084033613446,0.025210084033613446,female
BR00071,0.09722222222222222,0.16666666666666666,0.3194444444444444,0.19444444444444445,0.16666666666666666,0.027777777777777776,0.027777777777777776,female
BR00072,0.09668109668109669,0.16666666666666666,0.31746031746031744,0.1984126984126984,0.17243867243867245,0.022366522366522368,0.025974025974025976,female
BR00073,0.0970873786407767,0.1650485436893204,0.32038834951456313,0.1941747572815534,0.17475728155339806,0.019417475728155338,0.02912621359223301,female
BR00074,0.09700427960057062,0.16690442225392296,0.3166904422253923,0.19828815977175462,0.17261055634807418,0.02282453637660485,0.025677603423680456,female
BR00075,0.0967741935483871,0.1693548387096774,0.31451612903225806,0.20161290322580644,0.1693548387096774,0.024193548387096774,0.024193548387096774,female
BR00076,0.09663865546218488,0.16806722689075632,0.31932773109243695,0.19747899159663865,0.1722689075630252,0.02100840336134454,0.025210084033613446,female
BR00077,0.09580838323353294,0.16766467065868262,0.31736526946107785,0.19760479041916168,0.17365269461077845,0.023952095808383235,0.023952095808383235,female
BR00078,0.09859154929577464,0.16901408450704225,0.30985915492957744,0.19718309859154928,0.16901408450704225,0.028169014084507043,0.028169014084507043,female
BR00079,0.0989010989010989,0.16483516483516483,0.31868131868131866,0.1978021978021978,0.17032967032967034,0.02197802197802198,0.027472527472527472,female
BR00080,0.09764309764309764,0.16498316498316498,0.3164983164983165,0.19865319865319866,0.1717171717171717,0.02356902356902357,0.026936026936026935,female
BR00081,0.0967741935483871,0.17204301075268819,0.3225806451612903,0.1935483870967742,0.17204301075268819,0.021505376344086023,0.021505376344086023,female
BR00082,0.09210526315789473,0.17105263157894737,0.3157894736842105,0.19736842105263158,0.17105263157894737,0.02631578947368421,0.02631578947368421,female
BR00083,0.1,0.175,0.3,0.2,0.175,0.025,0.025,female
BR00084,0.09770114942528736,0.16666666666666666,0.3160919540229885,0.19827586206896552,0.1724137931034483,0.022988505747126436,0.02586206896551724,female
BR00085,0.08571428571428572,0.17142857142857143,0.3142857142857143,0.2,0.17142857142857143,0.02857142857142857,0.02857142857142857,female
BR00086,0.09615384615384616,0.16346153846153846,0.3173076923076923,0.20192307692307693,0.17307692307692307,0.019230769230769232,0.028846153846153848,female
BR00087,0.0989010989010989,0.16483516483516483,0.31868131868131866,0.1978021978021978,0.17582417582417584,0.02197802197802198,0.02197802197802198,female
BR00088,0.09591474245115453,0.1669626998223801,0.31616341030195383,0.1989342806394316,0.17229129662522202,0.023090586145648313,0.02664298401420959,female
BR00089,0.0959409594095941,0.16605166051660517,0.3173431734317343,0.1992619926199262,0.17343173431734318,0.02214022140221402,0.025830258302583026,female
BR00090,0.09701492537313433,0.16791044776119404,0.31716417910447764,0.19776119402985073,0.17164179104477612,0.022388059701492536,0.026119402985074626,female
BR00091,0.09782608695652174,0.16847826086956522,0.31521739130434784,0.1956521739130435,0.17391304347826086,0.021739130434782608,0.02717391304347826,female
BR00092,0.09565217391304348,0.1681159420289855,0.3159420289855073,0.19710144927536233,0.17391304347826086,0.02318840579710145,0.02608695652173913,female
BR00093,0.1111111111111111,0.14814814814814814,0.2962962962962963,0.18518518518518517,0.18518518518518517,0.037037037037037035,0.037037037037037035,female
BR00094,0.0967741935483871,0.16666666666666666,0.3172043010752688,0.1989247311827957,0.17204301075268819,0.021505376344086023,0.026881720430107527,female
BR00095,0.09644670050761421,0.16751269035532995,0.3197969543147208,0.19796954314720813,0.17258883248730963,0.02030456852791878,0.025380710659898477,female
BR00096,0.09473684210526316,0.16842105263157894,0.3157894736842105,0.2,0.1736842105263158,0.021052631578947368,0.02631578947368421,female
BR00097,0.09558823529411764,0.16911764705882354,0.3161764705882353,0.19852941176470587,0.16911764705882354,0.022058823529411766,0.029411764705882353,female
BR00098,0.09405940594059406,0.16831683168316833,0.31683168316831684,0.19801980198019803,0.17326732673267325,0.024752475247524754,0.024752475247524754,female
BR00099,0.09433962264150944,0.16981132075471697,0.31446540880503143,0.20125786163522014,0.16981132075471697,0.025157232704402517,0.025157232704402517,female
BR00100,0.09579439252336448,0.1658878504672897,0.3177570093457944,0.1985981308411215,0.17289719626168223,0.02336448598130841,0.02570093457943925,female
BR00101,0.09649805447470818,0.16653696498054474,0.3167315175097276,0.19844357976653695,0.17276264591439688,0.022568093385214007,0.026459143968871595,female
BR00102,0.096045197740113,0.16666666666666666,0.3192090395480226,0.1977401129943503,0.17231638418079095,0.022598870056497175,0.025423728813559324,female
BR00103,0.09433962264150944,0.16981132075471697,0.32075471698113206,0.20754716981132076,0.16981132075471697,0.018867924528301886,0.018867924528301886,female
BR00104,0.09473684210526316,0.16842105263157894,0.3157894736842105,0.2,0.1736842105263158,0.021052631578947368,0.02631578947368421,female
BR00105,0.09278350515463918,0.16494845360824742,0.31958762886597936,0.1958762886597938,0.17525773195876287,0.020618556701030927,0.030927835051546393,female
BR00106,0.09917355371900827,0.1652892561983471,0.3140495867768595,0.19834710743801653,0.17355371900826447,0.024793388429752067,0.024793388429752067,female
BR00107,0.09580838323353294,0.16766467065868262,0.31736526946107785,0.19760479041916168,0.17365269461077845,0.023952095808383235,0.023952095808383235,female
BR00108,0.0948905109489051,0.1678832116788321,0.31386861313868614,0.19708029197080293,0.17518248175182483,0.021897810218978103,0.029197080291970802,female
BR00109,0.09668508287292818,0.1664364640883978,0.3169889502762431,0.19820441988950277,0.17265193370165746,0.022790055248618785,0.026243093922651933,female
BR00110,0.0965879938429964,0.1667521806054387,0.3170856849666496,0.198306824012314,0.17265264238070804,0.022575679835813236,0.02603899435608004,female
BR00111,0.09395973154362416,0.16778523489932887,0.31543624161073824,0.20134228187919462,0.174496644295302,0.020134228187919462,0.026845637583892617,female
BR00112,0.09748427672955975,0.16666666666666666,0.31761006289308175,0.19811320754716982,0.17295597484276728,0.0220125786163522,0.025157232704402517,female
BR00113,0.09655172413793103,0.16551724137931034,0.31724137931034485,0.2,0.1724137931034483,0.020689655172413793,0.027586206896551724,female
BR00114,0.09631728045325778,0.1671388101983003,0.31728045325779036,0.19830028328611898,0.17280453257790368,0.0226628895184136,0.025495750708215296,female
BR00115,0.09090909090909091,0.16363636363636364,0.32727272727272727,0.2,0.18181818181818182,0.01818181818181818,0.01818181818181818,female
BR00116,0.09803921568627451,0.16666666666666666,0.3137254901960784,0.19607843137254902,0.17647058823529413,0.0196078431372549,0.029411764705882353,female
BR00117,0.09660574412532637,0.1671018276762402,0.31592689295039167,0.19843342036553524,0.17232375979112272,0.02349869451697128,0.02610966057441253,female
CT00001,0.09933774834437085,0.16556291390728478,0.31788079470198677,0.1986754966887417,0.17218543046357615,0.019867549668874173,0.026490066225165563,female
CT00002,0.09411764705882353,0.16470588235294117,0.3176470588235294,0.2,0.17647058823529413,0.023529411764705882,0.023529411764705882,female
CT00003,0.09848484848484848,0.16666666666666666,0.3181818181818182,0.19696969696969696,0.17424242424242425,0.022727272727272728,0.022727272727272728,female
CT00004,0.09653725078698845,0.16684155299055614,0.316894018887723,0.19832109129066108,0.1720881427072403,0.023084994753410283,0.026232948583420776,female
CT00005,0.09433962264150944,0.16981132075471697,0.32075471698113206,0.20754716981132076,0.16981132075471697,0.018867924528301886,0.018867924528301886,female
CT00006,0.0975609756097561,0.17073170731707318,0.3170731707317073,0.1951219512195122,0.17073170731707318,0.024390243902439025,0.024390243902439025,female
CT00007,0.09565217391304348,0.16521739130434782,0.3130434782608696,0.2,0.17391304347826086,0.02608695652173913,0.02608695652173913,female
CT00008,0.09748427672955975,0.16666666666666666,0.31761006289308175,0.19811320754716982,0.17295597484276728,0.0220125786163522,0.025157232704402517,female
CT00009,0.09743589743589744,0.16666666666666666,0.31794871794871793,0.19743589743589743,0.1717948717948718,0.023076923076923078,0.02564102564102564,female
CT00010,0.09785202863961814,0.16706443914081145,0.31742243436754175,0.19809069212410502,0.1718377088305489,0.021479713603818614,0.026252983293556086,female
CT00011,0.08571428571428572,0.17142857142857143,0.3142857142857143,0.2,0.17142857142857143,0.02857142857142857,0.02857142857142857,female
CT00012,0.09574468085106383,0.1702127659574468,0.3191489361702128,0.20212765957446807,0.1702127659574468,0.02127659574468085,0.02127659574468085,female
CT00013,0.09554140127388536,0.16560509554140126,0.3184713375796178,0.19745222929936307,0.17197452229299362,0.025477707006369428,0.025477707006369428,female
CT00014,0.0967741935483871,0.166383701188455,0.3174872665534805,0.19864176570458403,0.1731748726655348,0.022071307300509338,0.025466893039049237,female
CT00015,0.09210526315789473,0.17105263157894737,0.3157894736842105,0.19736842105263158,0.17105263157894737,0.02631578947368421,0.02631578947368421,female
CT00016,0.09659090909090909,0.16666666666666666,0.3162878787878788,0.19886363636363635,0.17234848484848486,0.022727272727272728,0.026515151515151516,female
CT00017,0.09580838323353294,0.16766467065868262,0.31736526946107785,0.19760479041916168,0.17365269461077845,0.023952095808383235,0.023952095808383235,female
CT00018,0.09635416666666667,0.16666666666666666,0.3177083333333333,0.19791666666666666,0.171875,0.0234375,0.026041666666666668,female
CT00019,0.08888888888888889,0.17777777777777778,0.3111111111111111,0.2,0.17777777777777778,0.022222222222222223,0.022222222222222223,female
CT00020,0.09659090909090909,0.1663961038961039,0.31737012987012986,0.19805194805194806,0.1728896103896104,0.022727272727272728,0.025974025974025976,female
CT00021,0.09803921568627451,0.16470588235294117,0.3176470588235294,0.19607843137254902,0.17254901960784313,0.023529411764705882,0.027450980392156862,female
CT00022,0.09815950920245399,0.1656441717791411,0.31901840490797545,0.19631901840490798,0.17177914110429449,0.024539877300613498,0.024539877300613498,female
CT00023,0.09615384615384616,0.16666666666666666,0.3173076923076923,0.1987179487179487,0.17307692307692307,0.022435897435897436,0.02564102564102564,female
CT00024,0.09747292418772563,0.16606498194945848,0.3176895306859206,0.19855595667870035,0.17328519855595667,0.021660649819494584,0.02527075812274368,female
CT00025,0.09876543209876543,0.16666666666666666,0.3148148148148148,0.19753086419753085,0.1728395061728395,0.024691358024691357,0.024691358024691357,female
CT00026,0.09541984732824428,0.16793893129770993,0.31679389312977096,0.1984732824427481,0.1717557251908397,0.022900763358778626,0.026717557251908396,female
CT00028,0.0962566844919786,0.16711229946524064,0.31684491978609625,0.19786096256684493,0.17245989304812834,0.022727272727272728,0.026737967914438502,female
CT00029,0.09730848861283643,0.16563146997929606,0.3167701863354037,0.19875776397515527,0.17184265010351968,0.022774327122153208,0.026915113871635612,female
CT00030,0.09653465346534654,0.16584158415841585,0.31683168316831684,0.19801980198019803,0.17326732673267325,0.022277227722772276,0.027227722772277228,female
CT00031,0.09554140127388536,0.16560509554140126,0.3184713375796178,0.19745222929936307,0.17197452229299362,0.025477707006369428,0.025477707006369428,female
CT00032,0.09774436090225563,0.16541353383458646,0.3157894736842105,0.19924812030075187,0.17293233082706766,0.022556390977443608,0.02631578947368421,female
CT00033,0.09738717339667459,0.166270783847981,0.3159144893111639,0.19714964370546317,0.17339667458432304,0.023752969121140142,0.026128266033254157,female
CT00034,0.09617373319544985,0.16649431230610134,0.31747673216132366,0.19855222337125128,0.17269906928645296,0.022750775594622543,0.025853154084798345,female
CT00035,0.09635416666666667,0.16666666666666666,0.3177083333333333,0.19791666666666666,0.171875,0.0234375,0.026041666666666668,female
CT00036,0.09577464788732394,0.16619718309859155,0.3183098591549296,0.2,0.17183098591549295,0.022535211267605635,0.02535211267605634,female
CT00037,0.09615384615384616,0.16826923076923078,0.3173076923076923,0.1971153846153846,0.17307692307692307,0.02403846153846154,0.02403846153846154,female
CT00038,0.0962800875273523,0.16630196936542668,0.3172866520787746,0.19912472647702406,0.17286652078774617,0.02188183807439825,0.0262582056892779,female
CT00039,0.09566787003610108,0.16606498194945848,0.3176895306859206,0.19855595667870035,0.17328519855595667,0.023465703971119134,0.02527075812274368,female
CT00040,0.09774436090225563,0.16541353383458646,0.3157894736842105,0.19924812030075187,0.17293233082706766,0.022556390977443608,0.02631578947368421,female
CT00041,0.09615384615384616,0.16538461538461538,0.3153846153846154,0.2,0.17307692307692307,0.023076923076923078,0.026923076923076925,female
CT00042,0.09815950920245399,0.1656441717791411,0.31901840490797545,0.19631901840490798,0.17177914110429449,0.024539877300613498,0.024539877300613498,female
CT00043,0.09743589743589744,0.16666666666666666,0.31794871794871793,0.19743589743589743,0.1717948717948718,0.023076923076923078,0.02564102564102564,female
CT00044,0.09615384615384616,0.16826923076923078,0.3173076923076923,0.1971153846153846,0.17307692307692307,0.02403846153846154,0.02403846153846154,female
CT00045,0.09722222222222222,0.16666666666666666,0.3194444444444444,0.19444444444444445,0.16666666666666666,0.027777777777777776,0.027777777777777776,female
CT00046,0.09444444444444444,0.16666666666666666,0.31666666666666665,0.2,0.17222222222222222,0.022222222222222223,0.027777777777777776,female
CT00047,0.09580838323353294,0.16766467065868262,0.31736526946107785,0.19760479041916168,0.17365269461077845,0.023952095808383235,0.023952095808383235,female
CT00048,0.09523809523809523,0.16666666666666666,0.31746031746031744,0.1984126984126984,0.1746031746031746,0.023809523809523808,0.023809523809523808,female
CT00049,0.09691629955947137,0.16740088105726872,0.31718061674008813,0.19823788546255505,0.17180616740088106,0.022026431718061675,0.02643171806167401,female
CT00050,0.0970464135021097,0.16877637130801687,0.31645569620253167,0.19831223628691982,0.1729957805907173,0.02109704641350211,0.02531645569620253,female
CT00051,0.09747292418772563,0.16606498194945848,0.3176895306859206,0.19855595667870035,0.17328519855595667,0.021660649819494584,0.02527075812274368,female
CT00052,0.09745762711864407,0.1652542372881356,0.3177966101694915,0.19915254237288135,0.17372881355932204,0.0211864406779661,0.025423728813559324,female
CT00053,0.09631728045325778,0.1671388101983003,0.31728045325779036,0.19830028328611898,0.17280453257790368,0.0226628895184136,0.025495750708215296,female
CT00054,0.09644670050761421,0.16751269035532995,0.3197969543147208,0.19796954314720813,0.17258883248730963,0.02030456852791878,0.025380710659898477,female
CT00055,0.0973630831643002,0.1663286004056795,0.31643002028397565,0.19878296146044624,0.1724137931034483,0.02231237322515213,0.02636916835699797,female
CT00056,0.09688013136288999,0.16584564860426929,0.3169129720853859,0.1986863711001642,0.1724137931034483,0.022988505747126436,0.026272577996715927,female
CT00057,0.09504132231404959,0.16942148760330578,0.3181818181818182,0.19834710743801653,0.17355371900826447,0.02066115702479339,0.024793388429752067,female
CT00058,0.10638297872340426,0.1702127659574468,0.3191489361702128,0.19148936170212766,0.1702127659574468,0.02127659574468085,0.02127659574468085,female
CT00059,0.0972972972972973,0.16756756756756758,0.3162162162162162,0.1972972972972973,0.17297297297297298,0.021621621621621623,0.02702702702702703,female
CT00060,0.09230769230769231,0.16923076923076924,0.3230769230769231,0.2,0.16923076923076924,0.015384615384615385,0.03076923076923077,female
CT00061,0.09701492537313433,0.16791044776119404,0.31716417910447764,0.19776119402985073,0.17164179104477612,0.022388059701492536,0.026119402985074626,female
CT00062,0.08571428571428572,0.17142857142857143,0.3142857142857143,0.2,0.17142857142857143,0.02857142857142857,0.02857142857142857,female
CT00063,0.0975609756097561,0.17073170731707318,0.3170731707317073,0.1951219512195122,0.17073170731707318,0.024390243902439025,0.024390243902439025,female
CT00064,0.0970873786407767,0.1650485436893204,0.3155339805825243,0.19902912621359223,0.17475728155339806,0.024271844660194174,0.024271844660194174,female
CT00065,0.09444444444444444,0.16666666666666666,0.31666666666666665,0.2,0.17222222222222222,0.022222222222222223,0.027777777777777776,female
CT00066,0.09876543209876543,0.16666666666666666,0.3148148148148148,0.19753086419753085,0.1728395061728395,0.024691358024691357,0.024691358024691357,female
CT00067,0.09771986970684039,0.16612377850162866,0.31596091205211724,0.1986970684039088,0.17263843648208468,0.02280130293159609,0.026058631921824105,female
CT00068,0.09747292418772563,0.16606498194945848,0.3176895306859206,0.19855595667870035,0.17328519855595667,0.021660649819494584,0.02527075812274368,female
CT00069,0.0979020979020979,0.16783216783216784,0.3146853146853147,0.1958041958041958,0.17482517482517482,0.02097902097902098,0.027972027972027972,female
CT00070,0.0975609756097561,0.16666666666666666,0.3170731707317073,0.1991869918699187,0.17073170731707318,0.024390243902439025,0.024390243902439025,female
CT00071,0.09685230024213075,0.16707021791767554,0.3171912832929782,0.19854721549636803,0.17191283292978207,0.021791767554479417,0.026634382566585957,female
CT00072,0.09859154929577464,0.16901408450704225,0.31690140845070425,0.19718309859154928,0.16901408450704225,0.02112676056338028,0.028169014084507043,female
CT00073,0.09727626459143969,0.16731517509727625,0.3151750972762646,0.19844357976653695,0.17120622568093385,0.023346303501945526,0.027237354085603113,female
CT00074,0.09655172413793103,0.16551724137931034,0.31724137931034485,0.2,0.1724137931034483,0.020689655172413793,0.027586206896551724,female
CT00075,0.09603340292275574,0.16701461377870563,0.3173277661795407,0.19832985386221294,0.1732776617954071,0.022964509394572025,0.025052192066805846,female
CT00076,0.09523809523809523,0.17142857142857143,0.3142857142857143,0.2,0.17142857142857143,0.01904761904761905,0.02857142857142857,female
CT00077,0.09538461538461539,0.16615384615384615,0.3169230769230769,0.2,0.1723076923076923,0.021538461538461538,0.027692307692307693,female
CT00078,0.09689922480620156,0.16666666666666666,0.3178294573643411,0.19767441860465115,0.17054263565891473,0.023255813953488372,0.027131782945736434,female
CT00079,0.09597523219814241,0.16718266253869968,0.3173374613003096,0.19814241486068113,0.17182662538699692,0.02321981424148607,0.02631578947368421,female
CT00080,0.09774436090225563,0.16541353383458646,0.3157894736842105,0.19924812030075187,0.17293233082706766,0.022556390977443608,0.02631578947368421,female
CT00081,0.09859154929577464,0.16901408450704225,0.31690140845070425,0.19718309859154928,0.16901408450704225,0.02112676056338028,0.028169014084507043,female
CT00082,0.09345794392523364,0.16822429906542055,0.3177570093457944,0.19626168224299065,0.17757009345794392,0.018691588785046728,0.028037383177570093,female
CT00083,0.1,0.15714285714285714,0.3142857142857143,0.2,0.17142857142857143,0.02857142857142857,0.02857142857142857,female
CT00084,0.09667823500247893,0.1665840356965791,0.31680713931581556,0.1983143282102132,0.17253346554288548,0.022806147744174516,0.026276648487853247,female
CT00085,0.09523809523809523,0.17006802721088435,0.3197278911564626,0.19727891156462585,0.17006802721088435,0.02040816326530612,0.027210884353741496,female
CT00086,0.0975609756097561,0.16585365853658537,0.3170731707317073,0.1975609756097561,0.17317073170731706,0.02195121951219512,0.026829268292682926,female
CT00087,0.09596928982725528,0.16698656429942418,0.31669865642994244,0.19769673704414586,0.1727447216890595,0.023032629558541268,0.026871401151631478,female
CT00088,0.09933774834437085,0.16556291390728478,0.31788079470198677,0.1986754966887417,0.17218543046357615,0.019867549668874173,0.026490066225165563,female
CT00089,0.0970873786407767,0.16747572815533981,0.3155339805825243,0.19902912621359223,0.17233009708737865,0.021844660194174758,0.02669902912621359,female
CT00090,0.09641873278236915,0.16804407713498623,0.3168044077134986,0.19834710743801653,0.17355371900826447,0.02203856749311295,0.024793388429752067,female
CT00091,0.09375,0.171875,0.3125,0.203125,0.171875,0.015625,0.03125,female
CT00092,0.09420289855072464,0.16666666666666666,0.3188405797101449,0.1956521739130435,0.17391304347826086,0.021739130434782608,0.028985507246376812,female
CT00093,0.0967741935483871,0.1662531017369727,0.3176178660049628,0.19851116625310175,0.17121588089330025,0.022332506203473945,0.02729528535980149,female
CT00094,0.0975609756097561,0.17073170731707318,0.3170731707317073,0.1951219512195122,0.17073170731707318,0.024390243902439025,0.024390243902439025,female
CT00095,0.0959409594095941,0.16605166051660517,0.3173431734317343,0.1992619926199262,0.17343173431734318,0.02214022140221402,0.025830258302583026,female
CT00096,0.09523809523809523,0.17142857142857143,0.3142857142857143,0.2,0.17142857142857143,0.01904761904761905,0.02857142857142857,female
CT00097,0.09565217391304348,0.16521739130434782,0.3130434782608696,0.2,0.17391304347826086,0.02608695652173913,0.02608695652173913,female
CT00098,0.09693053311793215,0.16639741518578352,0.3166397415185784,0.1987075928917609,0.172859450726979,0.022617124394184167,0.025848142164781908,female
CT00099,0.09745762711864407,0.1652542372881356,0.3177966101694915,0.19915254237288135,0.17372881355932204,0.0211864406779661,0.025423728813559324,female
CT00100,0.09523809523809523,0.16806722689075632,0.3165266106442577,0.19887955182072828,0.17366946778711484,0.022408963585434174,0.025210084033613446,female
CT00101,0.09617021276595744,0.16680851063829788,0.31659574468085105,0.19829787234042554,0.1727659574468085,0.02297872340425532,0.026382978723404255,female
CT00102,0.09691629955947137,0.16740088105726872,0.31718061674008813,0.19823788546255505,0.17180616740088106,0.022026431718061675,0.02643171806167401,female
CT00103,0.09731543624161074,0.16610738255033558,0.31711409395973156,0.19798657718120805,0.17281879194630873,0.02181208053691275,0.026845637583892617,female
CT00104,0.0967741935483871,0.16666666666666666,0.3172043010752688,0.1989247311827957,0.17204301075268819,0.021505376344086023,0.026881720430107527,female
CT00105,0.09656084656084656,0.16666666666666666,0.31746031746031744,0.1984126984126984,0.17195767195767195,0.022486772486772486,0.026455026455026454,female
CT00106,0.09640522875816994,0.16666666666666666,0.31699346405228757,0.1977124183006536,0.17320261437908496,0.02287581699346405,0.026143790849673203,female
CT00107,0.09444444444444444,0.16666666666666666,0.31666666666666665,0.2,0.17222222222222222,0.022222222222222223,0.027777777777777776,female
CT00108,0.09774436090225563,0.16541353383458646,0.3157894736842105,0.19924812030075187,0.17293233082706766,0.022556390977443608,0.02631578947368421,female
CT00109,0.09195402298850575,0.1724137931034483,0.3218390804597701,0.19540229885057472,0.1724137931034483,0.022988505747126436,0.022988505747126436,female
CT00110,0.09663865546218488,0.16806722689075632,0.31932773109243695,0.19747899159663865,0.1722689075630252,0.02100840336134454,0.025210084033613446,female
CT00111,0.0975609756097561,0.17073170731707318,0.3170731707317073,0.1951219512195122,0.17073170731707318,0.024390243902439025,0.024390243902439025,female
CT00112,0.09770114942528736,0.16666666666666666,0.3160919540229885,0.19540229885057472,0.1724137931034483,0.022988505747126436,0.028735632183908046,female
CT00113,0.09695603156708005,0.1668545659526494,0.31679819616685456,0.1984216459977452,0.17249154453213078,0.02254791431792559,0.02593010146561443,female
CT00114,0.09664429530201342,0.16644295302013423,0.3167785234899329,0.19865771812080538,0.17315436241610738,0.022818791946308724,0.025503355704697986,female
CT00115,0.09594882729211088,0.16631130063965885,0.31769722814498935,0.19829424307036247,0.17270788912579957,0.023454157782515993,0.0255863539445629,female
CT00116,0.09691629955947137,0.16740088105726872,0.31718061674008813,0.19823788546255505,0.17180616740088106,0.022026431718061675,0.02643171806167401,female
CT00117,0.09720176730486009,0.16642120765832105,0.3166421207658321,0.19882179675994108,0.1723122238586156,0.022091310751104567,0.026509572901325478,female
CT00118,0.09693877551020408,0.1683673469387755,0.3163265306122449,0.1989795918367347,0.17346938775510204,0.02040816326530612,0.025510204081632654,female
CT00119,0.0967741935483871,0.16129032258064516,0.3225806451612903,0.1935483870967742,0.16129032258064516,0.03225806451612903,0.03225806451612903,female
CT00120,0.09691629955947137,0.16740088105726872,0.31718061674008813,0.19823788546255505,0.17180616740088106,0.022026431718061675,0.02643171806167401,female
CT00121,0.09627329192546584,0.16770186335403728,0.3167701863354037,0.19875776397515527,0.17391304347826086,0.021739130434782608,0.024844720496894408,female
CT00122,0.0963302752293578,0.1651376146788991,0.3165137614678899,0.19724770642201836,0.1743119266055046,0.022935779816513763,0.027522935779816515,female
CT00123,0.0989010989010989,0.16483516483516483,0.31868131868131866,0.1978021978021978,0.17582417582417584,0.02197802197802198,0.02197802197802198,female
CT00124,0.09700427960057062,0.16690442225392296,0.3166904422253923,0.19828815977175462,0.17261055634807418,0.02282453637660485,0.025677603423680456,female
CT00125,0.09333333333333334,0.16,0.32,0.2,0.17333333333333334,0.02666666666666667,0.02666666666666667,female
CT00126,0.09615384615384616,0.16666666666666666,0.3141025641025641,0.1987179487179487,0.17307692307692307,0.02564102564102564,0.02564102564102564,female
