,ID,Name,Latitude,Longitude,0,1,2,3,4,5,6,7,8,9,10,11,12,13,14,15,16,17,18,19,20,21,22,23,24,25,26,27,28,29,30,31,32,33,34,35,36,37,38,39,40,41,42,43,44,45,46,47,48,49,50,51,52,53,54,55,56,57,58,59,60,61,62,63,64,65,66,67,68,69,70,71,72,73,74,75,76,77,78,79,80,81,82,83,84,85,86,87,88,89,90,91,92,93,94,95,96,97,98,99,100,101,102,103,104,105
0,CT00001,Akaroa,-43.526945,172.632377,22,21,21,22,22,20,20,20,19,19,17,16,16,16,16,16,16,15,14,14,14,14,14,14,14,14,14,14,14,14,14,14,14,14,14,14,14,13,13,13,13,13,10,10,10,10,10,8,8,8,8,8,6,6,6,6,6,5,5,5,5,5,4,4,4,4,4,3,3,3,3,3,2,2,2,2,2,1,1,1,1,1,0,0,0,0,0,0,0,0,0,0,0,0,0,0,0,0,0,0,0,0,0,0,0,0
1,CT00002,Akitio,-40.6,176.417,12,13,12,12,12,12,12,11,10,11,10,9,9,9,9,9,9,9,8,8,8,8,8,8,8,8,8,8,8,8,8,8,8,8,8,8,8,7,8,8,8,8,6,6,6,6,6,4,4,4,5,5,3,3,3,3,3,2,2,2,2,2,2,2,2,2,2,1,1,1,1,1,1,1,1,1,1,1,1,1,1,1,0,0,0,0,0,0,0,0,0,0,0,0,0,0,0,0,0,0,0,0,0,0,0,0
2,CT00003,Amuri,-42.50480809,173.0221142,20,19,19,19,19,18,17,18,17,17,15,14,14,14,14,14,14,13,12,12,12,12,12,12,12,12,12,13,13,13,13,13,12,12,12,12,12,11,11,11,11,11,9,9,9,9,9,7,7,7,7,7,5,5,5,5,5,4,4,4,4,4,3,3,3,4,4,2,2,2,2,2,2,2,2,2,2,1,1,1,1,1,0,0,0,0,0,0,0,0,0,0,0,0,0,0,0,0,0,0,0,0,0,0,0,0
3,CT00004,Ashburton,-43.89834,171.73011,139,134,133,137,137,126,123,125,119,118,110,102,99,99,99,99,99,92,88,88,88,88,86,86,86,86,86,89,90,90,90,90,88,89,89,89,89,79,80,80,80,80,63,64,64,64,64,52,52,52,52,52,36,36,36,36,36,30,30,30,30,30,25,25,25,25,25,17,17,17,17,17,13,13,14,14,14,8,8,8,8,8,3,2,2,2,2,2,2,1,1,1,1,1,1,1,1,0,0,0,0,0,0,0,0,0
4,CT00005,Ashley,-43.3034,172.5914,8,8,8,8,8,7,7,7,7,7,6,6,6,6,6,6,6,5,5,5,5,5,5,5,5,5,5,5,5,5,5,5,5,5,5,5,5,5,5,5,5,5,4,4,4,4,4,3,3,3,3,3,2,2,2,2,2,2,2,2,2,2,1,1,1,1,1,1,1,1,1,1,1,1,1,1,1,0,0,0,0,0,0,0,0,0,0,0,0,0,0,0,0,0,0,0,0,0,0,0,0,0,0,0,0,0
5,CT00006,Awakino,-38.65,174.633,6,6,6,6,6,6,6,6,5,5,5,5,5,4,4,4,4,4,4,4,4,4,4,4,4,4,4,4,4,4,4,4,4,4,4,4,4,4,4,4,4,4,3,3,3,3,3,2,2,2,2,2,2,2,2,2,2,1,1,1,1,1,1,1,1,1,1,1,1,1,1,1,0,0,0,0,0,0,0,0,0,0,0,0,0,0,0,0,0,0,0,0,0,0,0,0,0,0,0,0,0,0,0,0,0,0
6,CT00007,Awatere,-41.88419888,173.6366844,18,18,16,17,17,17,16,16,14,14,14,13,12,12,12,12,12,10,11,11,11,11,10,10,10,10,10,10,10,10,10,10,11,11,11,11,11,10,10,10,10,10,7,7,7,7,7,6,6,6,6,6,4,4,4,4,4,4,4,4,4,4,3,3,3,3,3,2,2,2,2,2,2,2,2,2,2,1,1,1,1,1,0,0,0,0,0,0,0,0,0,0,0,0,0,0,0,0,0,0,0,0,0,0,0,0
7,CT00008,Bay of Islands,-35.2,174.166667,47,48,46,49,45,46,44,41,40,39,38,36,35,33,33,33,33,32,30,30,30,30,29,28,28,28,28,30,30,30,30,30,30,31,31,31,31,27,28,28,28,28,21,21,21,21,21,17,17,17,17,17,12,12,12,12,12,9,9,9,9,9,7,7,7,7,7,4,4,4,4,4,3,3,3,3,3,2,2,2,2,2,1,1,1,1,1,1,0,0,0,0,0,0,0,0,0,0,0,0,0,0,0,0,0,0
8,CT00009,Bruce,-46.116667,169.966667,51,51,51,48,54,50,49,50,47,48,47,45,44,40,40,40,40,37,33,33,33,33,32,32,32,32,32,32,32,32,32,32,35,35,35,35,35,33,33,33,33,33,28,28,28,28,28,24,24,24,24,24,17,17,17,17,17,13,13,13,14,14,12,12,12,12,12,9,9,9,9,9,7,7,7,7,7,5,5,5,5,5,1,1,1,1,1,1,1,1,1,1,1,1,1,1,1,0,0,0,0,0,0,0,0,0
9,CT00010,Buller,-41.813,171.793,50,56,50,52,62,52,52,48,62,48,49,49,40,36,36,36,36,39,38,38,38,38,30,30,30,31,31,37,37,37,37,37,37,37,37,37,37,39,39,39,39,39,33,33,33,33,33,24,24,24,24,24,17,17,17,17,17,12,12,12,12,12,12,12,12,12,12,8,8,8,8,8,11,12,12,12,12,9,9,9,9,9,2,2,2,2,2,2,2,2,2,2,2,2,2,2,2,0,0,0,0,0,0,0,0,0
10,CT00011,Castlepoint,-40.9,176.21667,5,5,5,5,5,5,5,5,4,4,4,4,4,4,4,4,4,3,3,3,3,3,3,3,3,3,3,3,3,3,3,3,3,3,3,3,3,3,3,3,3,3,2,2,2,2,2,2,2,2,2,2,1,1,1,1,1,1,1,1,1,1,1,1,1,1,1,1,1,1,1,1,0,0,0,0,0,0,0,0,0,0,0,0,0,0,0,0,0,0,0,0,0,0,0,0,0,0,0,0,0,0,0,0,0,0
11,CT00012,Cheviot,-42.81212,173.2736762,14,13,13,13,13,12,12,12,12,12,11,10,10,10,10,10,10,9,9,9,9,9,9,8,8,9,9,9,9,9,9,9,9,9,9,9,9,8,8,8,8,8,6,6,6,6,6,5,5,5,5,5,4,4,4,4,4,3,3,3,3,3,2,2,2,2,2,2,2,2,2,2,1,1,1,1,1,1,1,1,1,1,0,0,0,0,0,0,0,0,0,0,0,0,0,0,0,0,0,0,0,0,0,0,0,0
12,CT00013,Clifton,-38.995833,174.233056,25,26,25,23,25,23,23,23,22,21,20,18,19,18,18,18,18,17,16,16,16,16,15,14,14,15,15,15,15,15,15,15,14,15,15,15,15,13,13,13,13,13,10,10,10,10,10,7,7,7,7,7,5,5,5,5,5,4,4,4,4,4,3,3,3,3,3,2,2,2,2,2,1,1,2,2,2,1,1,1,1,1,0,0,0,0,0,0,0,0,0,0,0,0,0,0,0,0,0,0,0,0,0,0,0,0
13,CT00014,Clutha,-46.233333,169.75,77,77,77,72,81,76,74,76,71,73,71,68,67,61,61,61,61,56,51,50,51,51,48,48,48,48,48,48,48,49,49,49,52,53,53,53,53,50,51,51,51,51,43,43,43,43,43,36,36,36,36,36,25,25,25,25,25,20,20,20,21,21,18,18,18,18,18,13,13,13,13,13,10,10,10,10,10,7,7,7,7,7,2,2,2,1,1,1,1,1,1,1,1,1,1,1,1,0,0,0,0,0,0,0,0,0
14,CT00015,Collingwood,-40.677222,172.682778,10,11,11,11,11,12,10,11,10,10,9,9,8,8,8,8,8,7,7,6,6,6,6,6,6,6,6,6,7,7,7,7,7,8,8,8,8,7,7,7,7,7,5,5,5,5,5,4,4,4,4,4,3,3,3,3,3,2,2,2,2,2,2,2,2,2,2,1,1,1,1,1,1,1,1,1,1,1,1,1,1,1,0,0,0,0,0,0,0,0,0,0,0,0,0,0,0,0,0,0,0,0,0,0,0,0
15,CT00016,Cook,-38.6623,178.0176,81,78,79,71,67,70,63,62,58,70,54,41,52,58,58,58,58,52,48,48,48,48,51,51,51,51,51,49,49,49,49,49,50,50,50,50,50,46,46,46,45,45,32,32,32,32,32,31,31,31,31,31,22,22,22,22,22,16,16,16,16,16,13,13,13,13,13,10,10,10,10,10,8,8,8,8,8,4,4,4,4,4,2,1,1,1,1,1,1,1,1,1,1,1,1,1,1,0,0,0,0,0,0,0,0,0
16,CT00017,Coromandel,-36.761287,175.4981278,25,25,24,26,24,24,23,22,21,21,20,19,18,17,17,17,17,17,16,16,16,16,15,15,15,15,15,16,16,16,16,16,16,16,16,16,16,14,14,15,14,14,11,11,11,11,11,9,9,9,9,9,6,6,6,6,6,5,5,5,5,5,3,3,4,4,4,2,2,2,2,2,2,2,2,2,2,1,1,1,1,1,0,0,0,0,0,0,0,0,0,0,0,0,0,0,0,0,0,0,0,0,0,0,0,0
17,CT00018,Dannevirke,-40.205303,176.100311,56,58,55,55,53,52,52,51,46,49,45,41,40,40,40,40,40,39,37,36,36,36,35,35,35,35,35,37,37,37,37,37,37,37,37,37,37,34,34,34,34,34,26,26,26,26,26,20,20,20,20,20,15,15,15,15,15,11,11,11,11,11,9,9,9,9,9,6,6,6,6,6,4,4,4,4,4,3,3,3,2,2,1,1,1,1,1,1,1,0,0,0,0,0,0,0,0,0,0,0,0,0,0,0,0,0
18,CT00019,East Taupo,-38.68333,176.08333,7,7,7,7,7,7,6,6,6,6,6,5,5,5,5,5,5,5,4,4,4,4,4,4,4,4,4,4,4,4,4,4,4,5,5,5,5,4,4,4,4,4,3,3,3,3,3,2,2,2,3,3,2,2,2,2,2,1,1,1,1,1,1,1,1,1,1,1,1,1,1,1,0,0,0,0,0,0,0,0,0,0,0,0,0,0,0,0,0,0,0,0,0,0,0,0,0,0,0,0,0,0,0,0,0,0
19,CT00020,Eden,-36.88158,174.76204,185,186,177,189,176,179,170,161,154,153,148,139,136,127,127,128,128,126,116,115,116,116,112,110,109,110,110,115,117,117,117,117,118,120,120,120,120,105,107,107,107,107,82,83,83,83,83,65,66,66,66,66,46,46,46,46,46,35,35,35,36,36,25,26,26,26,26,16,17,17,17,17,12,12,13,13,13,8,8,8,7,7,3,3,2,2,2,2,2,1,1,1,1,1,1,1,1,0,0,0,0,0,0,0,0,0
20,CT00021,Egmont,-39.453736,173.854185,40,42,39,38,39,37,37,36,35,34,32,30,30,29,29,29,29,27,26,25,25,25,23,23,23,23,23,24,25,25,25,25,23,23,24,24,24,20,20,20,20,20,16,16,16,16,16,12,12,12,12,12,8,8,8,8,8,6,7,7,7,7,5,5,5,5,5,3,3,4,4,4,2,2,2,2,2,2,2,1,1,1,1,1,0,0,0,0,0,0,0,0,0,0,0,0,0,0,0,0,0,0,0,0,0,0
21,CT00022,Eketahuna,-40.6461889,175.7041691,24,24,23,23,22,22,22,21,20,21,19,17,17,17,17,17,17,16,15,15,15,15,15,15,15,15,15,15,16,16,16,16,16,16,16,16,16,14,14,14,14,14,11,11,11,11,11,8,9,9,9,9,6,6,6,6,6,5,5,5,5,5,4,4,4,4,4,3,3,3,3,3,2,2,2,2,2,1,1,1,1,1,0,0,0,0,0,0,0,0,0,0,0,0,0,0,0,0,0,0,0,0,0,0,0,0
22,CT00023,Ellesmere,-43.8,172.416667,45,44,43,44,44,41,40,41,39,39,36,33,32,32,32,32,32,30,29,29,29,29,28,28,28,28,28,29,29,29,29,29,29,29,29,29,29,26,26,26,26,26,21,21,21,21,21,17,17,17,17,17,12,12,12,12,12,10,10,10,10,10,8,8,8,8,8,6,6,6,6,6,4,4,4,4,4,3,3,3,3,3,1,1,1,1,1,1,1,0,0,0,0,0,0,0,0,0,0,0,0,0,0,0,0,0
23,CT00024,Eltham,-39.429722,174.299167,44,46,43,41,43,41,40,40,38,37,35,32,33,32,32,32,32,29,28,28,28,28,26,25,25,25,25,27,27,27,27,27,25,26,26,26,26,22,22,22,22,22,17,17,17,17,17,13,13,13,13,13,9,9,9,9,9,7,7,7,7,7,5,5,5,5,5,4,4,4,4,4,3,3,3,3,3,2,2,2,2,2,1,1,1,0,0,0,0,0,0,0,0,0,0,0,0,0,0,0,0,0,0,0,0,0
24,CT00025,Eyre,-43.3049,172.5967,24,23,23,23,23,22,21,21,20,20,19,18,17,17,17,17,17,16,15,15,15,15,15,15,15,15,15,15,15,15,15,15,15,15,15,15,15,14,14,14,14,14,11,11,11,11,11,9,9,9,9,9,6,6,6,6,6,5,5,5,5,5,4,4,4,4,4,3,3,3,3,3,2,2,2,2,2,1,1,1,1,1,0,0,0,0,0,0,0,0,0,0,0,0,0,0,0,0,0,0,0,0,0,0,0,0
25,CT00026,Featherston,-41.11687066,175.3257958,38,39,37,37,36,35,35,34,32,33,31,28,27,27,27,27,27,26,25,25,25,25,24,24,24,24,24,25,25,25,25,25,25,25,25,25,25,23,23,23,23,23,18,18,18,18,18,14,14,14,14,14,10,10,10,10,10,7,8,8,8,8,6,6,6,6,6,4,4,4,4,4,3,3,3,3,3,2,2,2,2,2,1,1,1,0,0,0,0,0,0,0,0,0,0,0,0,0,0,0,0,0,0,0,0,0
26,CT00027,Fiord,-45.4,167.2,0,0,0,0,0,0,0,0,0,0,0,0,0,0,0,0,0,0,0,0,0,0,0,0,0,0,0,0,0,0,0,0,0,0,0,0,0,0,0,0,0,0,0,0,0,0,0,0,0,0,0,0,0,0,0,0,0,0,0,0,0,0,0,0,0,0,0,0,0,0,0,0,0,0,0,0,0,0,0,0,0,0,0,0,0,0,0,0,0,0,0,0,0,0,0,0,0,0,0,0,0,0,0,0,0,0
27,CT00028,Franklin,-37.201744,174.90514,112,113,107,114,107,108,103,97,93,93,89,84,82,77,77,77,77,76,70,70,70,70,68,67,66,67,67,70,71,71,71,71,71,72,73,73,73,64,65,65,65,65,50,50,50,50,50,39,40,40,40,40,28,28,28,28,28,21,21,21,22,22,15,16,16,16,16,10,10,10,10,10,7,7,8,8,8,5,5,5,5,5,2,2,2,1,1,1,1,1,1,1,1,1,1,1,1,0,0,0,0,0,0,0,0,0
28,CT00029,Geraldine,-44.09061,171.24458,70,68,67,69,69,64,62,63,60,60,56,52,50,50,50,50,50,46,45,45,45,45,44,44,44,44,44,45,45,45,45,45,45,45,45,45,45,40,40,40,40,40,32,32,32,32,32,26,26,27,27,27,18,18,18,18,18,15,15,15,15,15,12,13,13,13,13,9,9,9,9,9,7,7,7,7,7,4,4,4,4,4,1,1,1,1,1,1,1,1,1,1,1,1,1,0,0,0,0,0,0,0,0,0,0,0
29,CT00030,Grey,-42.546,171.606,48,54,48,50,60,50,51,46,60,47,47,47,39,35,35,35,35,38,37,37,37,37,29,29,29,29,29,36,36,36,36,36,35,35,35,35,35,38,38,38,38,38,32,32,32,32,32,23,23,23,23,23,16,16,16,16,16,11,11,11,11,11,12,12,12,12,12,8,8,8,8,8,11,11,11,11,11,9,9,9,9,9,2,2,2,2,2,2,2,2,2,2,2,2,2,1,1,0,0,0,0,0,0,0,0,0
30,CT00031,Halswell,-43.583,172.567,23,23,22,23,23,21,21,21,20,20,18,17,17,17,17,17,17,15,15,15,15,15,14,14,14,14,14,15,15,15,15,15,15,15,15,15,15,13,13,13,13,13,11,11,11,11,11,9,9,9,9,9,6,6,6,6,6,5,5,5,5,5,4,4,4,4,4,3,3,3,3,3,2,2,2,2,2,1,1,1,1,1,0,0,0,0,0,0,0,0,0,0,0,0,0,0,0,0,0,0,0,0,0,0,0,0
31,CT00032,Hauraki Plains,-37.279927,174.492897,39,40,38,40,38,38,36,34,33,33,32,30,29,27,27,27,27,27,25,25,25,25,24,24,23,24,24,25,25,25,25,25,25,26,26,26,26,23,23,23,23,23,18,18,18,18,18,14,14,14,14,14,10,10,10,10,10,7,8,8,8,8,5,6,6,6,6,3,4,4,4,4,3,3,3,3,3,2,2,2,2,2,1,1,1,0,0,0,0,0,0,0,0,0,0,0,0,0,0,0,0,0,0,0,0,0
32,CT00033,Hawera,-39.59167,174.28333,66,69,65,62,65,61,61,60,57,57,54,49,50,48,48,48,48,44,42,42,42,42,39,38,38,38,38,40,41,41,41,41,38,39,39,39,39,33,34,34,34,34,26,26,26,26,26,19,19,19,19,19,13,13,13,13,13,11,11,11,11,11,8,8,8,8,8,6,6,6,6,6,4,4,4,4,4,3,3,2,2,2,1,1,1,1,1,1,1,0,0,0,0,0,0,0,0,0,0,0,0,0,0,0,0,0
33,CT00034,Hawke's Bay,-39.483,176.917,149,143,146,129,124,128,115,114,107,128,99,76,96,106,106,106,106,95,88,88,88,88,94,94,94,94,94,89,89,89,89,89,91,91,91,91,91,83,84,84,83,83,59,59,59,59,59,57,57,57,57,57,41,41,41,41,41,29,30,30,30,30,24,24,24,24,24,19,19,19,19,19,15,15,15,15,15,7,7,7,7,7,3,3,2,2,2,2,2,1,1,1,1,1,1,1,1,0,0,0,0,0,0,0,0,0
34,CT00035,Heathcote,-43.583,172.716638,56,54,54,55,55,51,50,51,48,48,45,42,40,40,40,40,40,37,36,36,36,36,35,35,35,35,35,36,36,36,36,36,36,36,36,36,36,32,32,32,32,32,26,26,26,26,26,21,21,21,21,21,14,14,14,14,14,12,12,12,12,12,10,10,10,10,10,7,7,7,7,7,5,5,5,6,6,3,3,3,3,3,1,1,1,1,1,1,1,1,0,0,0,0,0,0,0,0,0,0,0,0,0,0,0,0
35,CT00036,Hobson,-35.9396,173.8726,53,54,51,55,51,52,49,46,44,44,43,40,39,37,37,37,37,36,34,33,33,33,32,32,32,32,32,33,34,34,34,34,34,34,35,35,35,30,31,31,31,31,24,24,24,24,24,19,19,19,19,19,13,13,13,13,13,10,10,10,10,10,7,7,7,8,8,5,5,5,5,5,4,4,4,4,4,2,2,2,2,2,1,1,1,1,1,1,1,0,0,0,0,0,0,0,0,0,0,0,0,0,0,0,0,0
36,CT00037,Hokianga,-35.5258,173.3786,31,31,30,32,30,30,29,27,26,26,25,23,23,21,22,22,22,21,20,19,20,20,19,19,18,19,19,19,20,20,20,20,20,20,20,20,20,18,18,18,18,18,14,14,14,14,14,11,11,11,11,11,8,8,8,8,8,6,6,6,6,6,4,4,4,4,4,3,3,3,3,3,2,2,2,2,2,1,1,1,1,1,1,0,0,0,0,0,0,0,0,0,0,0,0,0,0,0,0,0,0,0,0,0,0,0
37,CT00038,Horowhenua,-40.57733,175.38071,67,68,65,65,62,62,62,60,55,58,53,49,48,47,47,47,47,46,43,43,43,43,42,41,41,41,41,44,44,44,44,44,44,44,44,44,44,40,41,41,41,41,31,31,31,31,31,24,24,24,24,24,18,18,18,18,18,13,13,13,13,13,10,11,11,11,11,7,7,8,8,8,5,5,5,5,5,3,3,3,3,3,1,1,1,1,1,1,1,1,0,0,0,0,0,0,0,0,0,0,0,0,0,0,0,0
38,CT00039,Hutt,-41.209164,174.908051,81,83,79,79,76,75,75,73,67,70,65,59,58,57,57,57,57,56,52,52,52,52,50,50,50,50,50,53,53,53,53,53,53,53,54,54,54,49,49,49,49,49,37,37,37,37,37,29,29,29,29,29,21,22,22,21,21,16,16,16,16,16,13,13,13,13,13,9,9,9,9,9,6,6,6,6,6,4,4,4,3,3,1,1,1,1,1,1,1,1,1,1,1,0,0,0,0,0,0,0,0,0,0,0,0,0
39,CT00040,Inangahua,-41.85724663,171.9298009,32,36,32,33,40,33,33,31,39,31,31,31,25,23,23,23,23,25,24,24,24,24,19,19,19,19,19,24,24,24,24,24,23,23,23,23,23,25,25,25,25,25,21,21,21,21,21,15,15,15,15,15,11,11,11,11,11,7,7,7,7,7,8,8,8,8,8,5,5,5,5,5,7,7,7,7,7,6,6,6,6,6,2,1,1,1,1,1,1,1,1,1,1,1,1,1,1,0,0,0,0,0,0,0,0,0
40,CT00041,Inglewood,-39.1499994,174.1999992,41,43,40,38,40,38,38,37,35,35,33,30,31,29,29,30,30,27,26,26,26,26,24,24,24,24,24,25,25,25,25,25,24,24,24,24,24,20,21,21,21,21,16,16,16,16,16,12,12,12,12,12,8,8,8,8,8,7,7,7,7,7,5,5,5,5,5,3,4,4,4,4,2,2,2,3,3,2,2,2,1,1,1,1,0,0,0,0,0,0,0,0,0,0,0,0,0,0,0,0,0,0,0,0,0,0
41,CT00042,Kaikoura,-42.41667,173.68333,24,23,23,24,24,22,21,22,21,21,19,18,17,17,17,17,17,16,15,15,15,15,15,15,15,15,15,15,16,16,16,16,15,15,15,15,15,14,14,14,14,14,11,11,11,11,11,9,9,9,9,9,6,6,6,6,6,5,5,5,5,5,4,4,4,4,4,3,3,3,3,3,2,2,2,2,2,1,1,1,1,1,0,0,0,0,0,0,0,0,0,0,0,0,0,0,0,0,0,0,0,0,0,0,0,0
42,CT00043,Kairanga,-40.34807006,175.5318268,57,58,56,56,53,53,53,51,47,50,46,42,41,40,40,41,41,39,37,37,37,37,36,35,35,35,35,37,38,38,38,38,37,38,38,38,38,34,35,35,35,35,26,26,26,26,26,20,21,21,21,21,15,15,15,15,15,11,11,11,11,11,9,9,9,9,9,6,6,6,6,6,4,4,4,4,4,3,3,3,2,2,1,1,1,1,1,1,1,0,0,0,0,0,0,0,0,0,0,0,0,0,0,0,0,0
43,CT00044,Kaitieke,-39.10051591,175.2629136,33,34,32,31,32,30,30,30,28,28,26,24,25,24,24,24,24,22,21,21,21,21,19,19,19,19,19,20,20,20,20,20,19,19,19,19,19,16,17,17,17,17,13,13,13,13,13,9,10,10,10,10,7,7,7,7,7,5,5,5,5,5,4,4,4,4,4,3,3,3,3,3,2,2,2,2,2,1,1,1,1,1,1,0,0,0,0,0,0,0,0,0,0,0,0,0,0,0,0,0,0,0,0,0,0,0
44,CT00045,Kawhia,-38.06504443,174.8200746,11,11,10,11,10,10,10,9,9,9,9,8,8,7,7,7,7,7,7,7,7,7,6,6,6,6,6,7,7,7,7,7,7,7,7,7,7,6,6,6,6,6,5,5,5,5,5,4,4,4,4,4,3,3,3,3,3,2,2,2,2,2,1,1,2,2,2,1,1,1,1,1,1,1,1,1,1,0,0,0,0,0,0,0,0,0,0,0,0,0,0,0,0,0,0,0,0,0,0,0,0,0,0,0,0,0
45,CT00046,Kiwitea,-40.10857,175.71552,27,27,26,26,25,25,25,24,22,23,21,19,19,19,19,19,19,18,17,17,17,17,17,16,16,16,16,17,18,18,18,18,17,18,18,18,18,16,16,16,16,16,12,12,12,12,12,9,10,10,10,10,7,7,7,7,7,5,5,5,5,5,4,4,4,4,4,3,3,3,3,3,2,2,2,2,2,1,1,1,1,1,0,0,0,0,0,0,0,0,0,0,0,0,0,0,0,0,0,0,0,0,0,0,0,0
46,CT00047,Kowai,-43.2097,172.6956,25,24,24,24,24,22,22,22,21,21,20,18,18,18,18,18,18,16,16,16,16,16,15,15,15,15,15,16,16,16,16,16,16,16,16,16,16,14,14,14,14,14,11,11,11,11,11,9,9,9,9,9,6,6,6,6,6,5,5,5,5,5,4,4,4,4,4,3,3,3,3,3,2,2,2,2,2,2,1,1,1,1,0,0,0,0,0,0,0,0,0,0,0,0,0,0,0,0,0,0,0,0,0,0,0,0
47,CT00048,Lake,-44.83281,168.50304,18,20,18,19,19,18,18,18,17,17,17,15,16,14,14,14,14,12,11,11,11,11,11,11,11,11,11,11,11,11,11,11,11,11,11,11,11,10,10,10,10,10,8,8,8,8,8,6,6,6,6,6,5,5,5,4,4,4,4,4,4,4,3,3,3,3,3,2,2,2,2,2,2,2,2,2,2,1,1,1,1,1,0,0,0,0,0,0,0,0,0,0,0,0,0,0,0,0,0,0,0,0,0,0,0,0
48,CT00049,Levels,-44.29873,171.2225,66,64,64,65,65,60,59,60,57,57,53,49,48,47,47,47,47,44,42,42,42,42,41,41,41,41,41,43,43,43,43,43,42,42,42,42,42,38,38,38,38,38,30,30,30,30,30,25,25,25,25,25,17,17,17,17,17,14,14,14,14,14,12,12,12,12,12,8,8,8,8,8,6,6,6,7,7,4,4,4,4,4,1,1,1,1,1,1,1,1,1,1,1,1,0,0,0,0,0,0,0,0,0,0,0,0
49,CT00050,Mackenzie,-44.1,170.8289,35,34,33,34,34,31,31,31,30,30,28,26,25,25,25,25,25,23,22,22,22,22,22,22,22,22,22,22,22,22,22,22,22,22,22,22,22,20,20,20,20,20,16,16,16,16,16,13,13,13,13,13,9,9,9,9,9,7,7,8,8,8,6,6,6,6,6,4,4,4,4,4,3,3,3,3,3,2,2,2,2,2,1,1,1,0,0,0,0,0,0,0,0,0,0,0,0,0,0,0,0,0,0,0,0,0
50,CT00051,Makara,-41.2512123,174.7136094,41,41,39,40,38,38,38,36,33,35,32,30,29,29,29,29,29,28,26,26,26,26,25,25,25,25,25,26,27,27,27,27,26,27,27,27,27,24,25,25,25,25,19,19,19,19,19,14,15,15,15,15,11,11,11,11,11,8,8,8,8,8,6,6,6,6,6,4,5,5,5,5,3,3,3,3,3,2,2,2,2,2,1,1,1,0,0,0,0,0,0,0,0,0,0,0,0,0,0,0,0,0,0,0,0,0
51,CT00052,Malvern,-43.4884,172.11462,35,34,33,34,34,31,31,31,30,30,27,26,25,25,25,25,25,23,22,22,22,22,22,21,21,22,22,22,22,22,22,22,22,22,22,22,22,20,20,20,20,20,16,16,16,16,16,13,13,13,13,13,9,9,9,9,9,7,7,8,8,8,6,6,6,6,6,4,4,4,4,4,3,3,3,3,3,2,2,2,2,2,1,1,1,0,0,0,0,0,0,0,0,0,0,0,0,0,0,0,0,0,0,0,0,0
52,CT00053,Manawatu,-39.7273356,175.4375574,51,53,50,50,48,48,48,46,42,45,41,38,37,36,36,36,36,36,33,33,33,33,32,32,32,32,32,33,34,34,34,34,34,34,34,34,34,31,31,31,31,31,24,24,24,24,24,18,18,19,19,19,14,14,14,14,14,10,10,10,10,10,8,8,8,8,8,6,6,6,6,6,4,4,4,4,4,2,2,2,2,2,1,1,1,1,1,1,0,0,0,0,0,0,0,0,0,0,0,0,0,0,0,0,0,0
53,CT00054,Maniototo,-45.12086448,170.0292969,26,26,26,24,28,26,25,26,24,25,24,23,23,21,21,21,21,19,17,17,17,17,16,16,16,16,16,16,16,16,16,16,18,18,18,18,18,17,17,17,17,17,14,14,14,14,14,12,12,12,12,12,9,9,9,9,9,7,7,7,7,7,6,6,6,6,6,4,4,4,4,4,3,3,3,3,3,2,2,2,2,2,1,1,1,1,1,1,0,0,0,0,0,0,0,0,0,0,0,0,0,0,0,0,0,0
54,CT00055,Manukau,-36.99282,174.87986,74,75,71,76,71,72,68,64,62,61,59,56,55,51,51,51,51,51,46,46,46,46,45,44,44,44,44,46,47,47,47,47,47,48,48,48,48,42,43,43,43,43,33,33,33,33,33,26,26,27,27,27,18,18,18,18,18,14,14,14,14,14,10,10,10,10,10,6,7,7,7,7,5,5,5,5,5,3,3,3,3,3,1,1,1,1,1,1,1,1,0,0,0,0,0,0,0,0,0,0,0,0,0,0,0,0
55,CT00056,Marlborough,-41.514,173.96,93,93,86,88,87,91,86,82,75,75,73,66,65,64,64,64,64,53,56,55,55,55,55,54,54,54,54,53,54,54,54,54,57,57,58,57,57,51,51,52,51,51,39,39,39,39,39,33,33,33,33,33,23,23,23,23,23,20,20,20,20,20,15,15,15,15,15,11,11,11,11,11,8,8,8,8,8,5,4,4,4,4,2,2,1,1,1,1,1,1,1,1,1,1,1,1,1,0,0,0,0,0,0,0,0,0
56,CT00057,Masterton,-40.9666628,175.6499974,36,36,35,35,33,33,33,32,29,31,28,26,25,25,25,25,25,25,23,23,23,23,22,22,22,22,22,23,23,23,23,23,23,23,24,23,23,21,22,22,22,22,16,16,16,16,16,13,13,13,13,13,9,9,9,9,9,7,7,7,7,7,6,6,6,6,6,4,4,4,4,4,3,3,3,3,3,2,2,2,2,2,1,1,0,0,0,0,0,0,0,0,0,0,0,0,0,0,0,0,0,0,0,0,0,0
57,CT00058,Matakaoa,-37.55696585,178.2815937,8,7,7,7,6,6,6,6,5,6,5,4,5,5,5,5,5,5,4,4,4,4,5,5,5,5,5,4,4,4,4,4,5,5,5,5,5,4,4,4,4,4,3,3,3,3,3,3,3,3,3,3,2,2,2,2,2,1,1,1,1,1,1,1,1,1,1,1,1,1,1,1,1,1,1,1,1,0,0,0,0,0,0,0,0,0,0,0,0,0,0,0,0,0,0,0,0,0,0,0,0,0,0,0,0,0
58,CT00059,Matamata,-37.8106,175.76237,55,56,53,57,53,53,51,48,46,46,44,41,41,38,38,38,38,38,35,34,35,35,33,33,33,33,33,34,35,35,35,35,35,36,36,36,36,31,32,32,32,32,25,25,25,25,25,19,20,20,20,20,14,14,14,14,14,10,11,11,11,11,8,8,8,8,8,5,5,5,5,5,4,4,4,4,4,2,2,2,2,2,1,1,1,1,1,1,1,0,0,0,0,0,0,0,0,0,0,0,0,0,0,0,0,0
59,CT00060,Mauriceville,-40.7749023,175.7017963,10,10,9,9,9,9,9,9,8,8,8,7,7,7,7,7,7,7,6,6,6,6,6,6,6,6,6,6,6,6,6,6,6,6,6,6,6,6,6,6,6,6,4,4,4,4,4,3,3,3,3,3,3,3,3,3,3,2,2,2,2,2,2,2,2,2,2,1,1,1,1,1,1,1,1,1,1,0,0,0,0,0,0,0,0,0,0,0,0,0,0,0,0,0,0,0,0,0,0,0,0,0,0,0,0,0
60,CT00061,Mongonui,-34.9940621,173.5289181,40,41,39,41,38,39,37,35,33,33,32,30,30,28,28,28,28,27,25,25,25,25,24,24,24,24,24,25,25,26,26,26,26,26,26,26,26,23,23,23,23,23,18,18,18,18,18,14,14,14,14,14,10,10,10,10,10,8,8,8,8,8,6,6,6,6,6,4,4,4,4,4,3,3,3,3,3,2,2,2,2,2,1,1,1,0,0,0,0,0,0,0,0,0,0,0,0,0,0,0,0,0,0,0,0,0
61,CT00062,Mount Herbert,-43.68959,172.74196,5,5,5,5,5,5,5,5,4,4,4,4,4,4,4,4,4,3,3,3,3,3,3,3,3,3,3,3,3,3,3,3,3,3,3,3,3,3,3,3,3,3,2,2,2,2,2,2,2,2,2,2,1,1,1,1,1,1,1,1,1,1,1,1,1,1,1,1,1,1,1,1,0,1,1,1,1,0,0,0,0,0,0,0,0,0,0,0,0,0,0,0,0,0,0,0,0,0,0,0,0,0,0,0,0,0
62,CT00063,Murchison,-41.800178,172.3336836,11,12,12,12,12,13,11,12,11,11,11,10,9,9,9,9,9,8,7,7,7,7,7,7,7,7,7,7,7,7,7,7,8,8,8,8,8,7,7,8,7,7,6,6,6,6,6,4,4,4,4,4,3,3,3,3,3,3,3,3,3,3,2,2,2,2,2,1,1,1,1,1,1,1,1,1,1,1,1,1,1,1,0,0,0,0,0,0,0,0,0,0,0,0,0,0,0,0,0,0,0,0,0,0,0,0
63,CT00064,Ohinemuri,-37.379448,175.669424,31,31,30,32,30,30,29,27,26,26,25,23,23,21,21,21,21,21,20,19,19,19,19,18,18,19,19,19,20,20,20,20,20,20,20,20,20,18,18,18,18,18,14,14,14,14,14,11,11,11,11,11,8,8,8,8,8,6,6,6,6,6,4,4,4,4,4,3,3,3,3,3,2,2,2,2,2,1,1,1,1,1,1,0,0,0,0,0,0,0,0,0,0,0,0,0,0,0,0,0,0,0,0,0,0,0
64,CT00065,Ohura,-38.8439123,174.9816397,27,27,26,28,26,26,25,24,23,23,22,20,20,19,19,19,19,19,17,17,17,17,16,16,16,16,16,17,17,17,17,17,17,18,18,18,18,15,16,16,16,16,12,12,12,12,12,10,10,10,10,10,7,7,7,7,7,5,5,5,5,5,4,4,4,4,4,2,2,2,2,2,2,2,2,2,2,1,1,1,1,1,0,0,0,0,0,0,0,0,0,0,0,0,0,0,0,0,0,0,0,0,0,0,0,0
65,CT00066,Opotiki,-38.00915,177.28706,25,24,24,21,20,21,19,19,18,21,16,13,16,18,18,18,18,16,15,15,15,15,16,16,16,16,16,15,15,15,15,15,15,15,15,15,15,14,14,14,14,14,10,10,10,10,10,9,9,9,9,9,7,7,7,7,7,5,5,5,5,5,4,4,4,4,4,3,3,3,3,3,2,3,3,3,3,1,1,1,1,1,0,0,0,0,0,0,0,0,0,0,0,0,0,0,0,0,0,0,0,0,0,0,0,0
66,CT00067,Oroua,-40.166667,175.583333,45,46,43,43,42,41,41,40,37,39,36,33,32,32,32,32,32,31,29,29,29,29,28,27,27,28,28,29,29,29,29,29,29,29,30,30,30,27,27,27,27,27,20,21,21,21,21,16,16,16,16,16,12,12,12,12,12,9,9,9,9,9,7,7,7,7,7,5,5,5,5,5,3,3,3,3,3,2,2,2,2,2,1,1,1,1,1,1,0,0,0,0,0,0,0,0,0,0,0,0,0,0,0,0,0,0
67,CT00068,Otamatea,-36.09833,174.23944,42,42,40,43,40,40,38,36,35,35,33,31,31,29,29,29,29,28,26,26,26,26,25,25,25,25,25,26,26,26,26,26,27,27,27,27,27,24,24,24,24,24,19,19,19,19,19,15,15,15,15,15,10,10,10,10,10,8,8,8,8,8,6,6,6,6,6,4,4,4,4,4,3,3,3,3,3,2,2,2,2,2,1,1,1,0,0,0,0,0,0,0,0,0,0,0,0,0,0,0,0,0,0,0,0,0
68,CT00069,Oxford,-43.29609879,172.1886163,21,20,20,21,21,19,19,19,18,18,17,15,15,15,15,15,15,14,13,13,13,13,13,13,13,13,13,13,13,13,13,13,13,13,13,13,13,12,12,12,12,12,10,10,10,10,10,8,8,8,8,8,5,5,5,5,5,4,5,5,5,5,4,4,4,4,4,3,3,3,3,3,2,2,2,2,2,1,1,1,1,1,0,0,0,0,0,0,0,0,0,0,0,0,0,0,0,0,0,0,0,0,0,0,0,0
69,CT00070,Pahiatua,-40.4596526,175.8349216,36,37,35,35,33,33,33,32,29,31,28,26,26,25,25,25,25,25,23,23,23,23,22,22,22,22,22,23,24,24,24,24,23,24,24,24,24,21,22,22,22,22,16,16,17,16,16,13,13,13,13,13,9,10,10,9,9,7,7,7,7,7,6,6,6,6,6,4,4,4,4,4,3,3,3,3,3,2,2,2,2,2,1,1,0,0,0,0,0,0,0,0,0,0,0,0,0,0,0,0,0,0,0,0,0,0
70,CT00071,Paparua,-43.529,172.458173,60,58,58,59,59,55,53,54,51,51,48,44,43,43,43,43,43,40,38,38,38,38,37,37,37,37,37,39,39,39,39,39,38,38,38,38,38,34,35,35,34,34,28,28,28,28,28,23,23,23,23,23,15,15,15,15,15,13,13,13,13,13,11,11,11,11,11,7,7,7,8,8,6,6,6,6,6,4,4,4,3,3,1,1,1,1,1,1,1,1,1,1,1,0,0,0,0,0,0,0,0,0,0,0,0,0
71,CT00072,Patangata,-39.917,176.717,22,21,22,19,18,19,17,17,16,19,15,11,14,16,16,16,16,14,13,13,13,13,14,14,14,14,14,13,13,13,13,13,13,13,13,13,13,12,12,12,12,12,9,9,9,9,9,8,8,8,8,8,6,6,6,6,6,4,4,4,4,4,4,4,4,4,4,3,3,3,3,3,2,2,2,2,2,1,1,1,1,1,0,0,0,0,0,0,0,0,0,0,0,0,0,0,0,0,0,0,0,0,0,0,0,0
72,CT00073,Patea,-39.7547982,174.4728191,40,42,40,38,40,37,37,37,35,34,33,30,31,29,29,29,29,27,26,25,26,26,24,23,23,23,23,24,25,25,25,25,23,24,24,24,24,20,20,20,20,20,16,16,16,16,16,12,12,12,12,12,8,8,8,8,8,6,7,7,7,7,5,5,5,5,5,3,3,4,4,4,2,2,2,2,2,2,2,1,1,1,1,1,0,0,0,0,0,0,0,0,0,0,0,0,0,0,0,0,0,0,0,0,0,0
73,CT00074,Peninsula,-45.8583,170.65,19,19,19,18,20,19,18,19,18,18,18,17,16,15,15,15,15,14,12,12,12,12,12,12,12,12,12,12,12,12,12,12,13,13,13,13,13,12,12,12,12,12,10,11,11,11,11,9,9,9,9,9,6,6,6,6,6,5,5,5,5,5,4,5,5,5,5,3,3,3,3,3,2,2,2,2,2,2,2,2,2,2,1,0,0,0,0,0,0,0,0,0,0,0,0,0,0,0,0,0,0,0,0,0,0,0
74,CT00075,Piako,-37.68545,175.67254,72,72,69,73,68,69,66,62,60,59,57,54,53,49,49,49,49,49,45,45,45,45,43,43,42,43,43,45,45,46,45,45,46,46,47,47,47,41,41,42,41,41,32,32,32,32,32,25,26,26,26,26,18,18,18,18,18,13,14,14,14,14,10,10,10,10,10,6,6,7,7,7,5,5,5,5,5,3,3,3,3,3,1,1,1,1,1,1,1,1,0,0,0,0,0,0,0,0,0,0,0,0,0,0,0,0
75,CT00076,Pohangina,-40.16666,175.7999968,16,16,15,15,15,14,14,14,13,13,12,11,11,11,11,11,11,11,10,10,10,10,10,10,10,10,10,10,10,10,10,10,10,10,10,10,10,9,9,9,9,9,7,7,7,7,7,6,6,6,6,6,4,4,4,4,4,3,3,3,3,3,2,2,2,2,2,2,2,2,2,2,1,1,1,1,1,1,1,1,1,1,0,0,0,0,0,0,0,0,0,0,0,0,0,0,0,0,0,0,0,0,0,0,0,0
76,CT00077,Raglan,-37.79931138,174.8783946,49,49,47,50,47,47,45,43,41,41,39,37,36,34,34,34,34,33,31,31,31,31,30,29,29,29,29,31,31,31,31,31,31,32,32,32,32,28,28,28,28,28,22,22,22,22,22,17,17,18,18,18,12,12,12,12,12,9,9,9,9,9,7,7,7,7,7,4,4,4,4,4,3,3,3,3,3,2,2,2,2,2,1,1,1,1,1,1,0,0,0,0,0,0,0,0,0,0,0,0,0,0,0,0,0,0
77,CT00078,Rangiora,-43.30437,172.58356,38,36,36,37,37,34,33,34,32,32,30,28,27,27,27,27,27,25,24,24,24,24,23,23,23,23,23,24,24,24,24,24,24,24,24,24,24,21,22,22,22,22,17,17,17,17,17,14,14,14,14,14,10,10,10,10,10,8,8,8,8,8,7,7,7,7,7,5,5,5,5,5,4,4,4,4,4,2,2,2,2,2,1,1,1,0,0,0,0,0,0,0,0,0,0,0,0,0,0,0,0,0,0,0,0,0
78,CT00079,Rangitikei,-39.66667,175.75,94,96,92,92,88,87,87,85,78,82,75,69,68,67,67,67,67,65,61,61,61,61,59,58,58,58,58,61,62,62,62,62,62,62,62,62,62,57,57,58,57,57,43,43,44,44,44,34,34,34,34,34,25,25,25,25,25,18,19,19,19,19,15,15,15,15,15,10,11,11,11,11,7,7,7,7,7,4,4,4,4,4,2,1,1,1,1,1,1,1,1,1,1,1,0,0,0,0,0,0,0,0,0,0,0,0
79,CT00080,Rodney,-36.539,174.528,40,40,38,41,38,38,37,35,33,33,32,30,29,27,27,27,27,27,25,25,25,25,24,24,24,24,24,25,25,25,25,25,25,26,26,26,26,23,23,23,23,23,18,18,18,18,18,14,14,14,14,14,10,10,10,10,10,7,8,8,8,8,5,6,6,6,6,3,4,4,4,4,3,3,3,3,3,2,2,2,2,2,1,1,1,0,0,0,0,0,0,0,0,0,0,0,0,0,0,0,0,0,0,0,0,0
80,CT00081,Rotorua,-38.16667,176.33333,21,21,20,22,20,21,20,18,18,18,17,16,16,15,15,15,15,15,13,13,13,13,13,13,13,13,13,13,13,14,13,13,14,14,14,14,14,12,12,12,12,12,9,10,10,10,10,7,8,8,8,8,5,5,5,5,5,4,4,4,4,4,3,3,3,3,3,2,2,2,2,2,1,1,1,1,1,1,1,1,1,1,0,0,0,0,0,0,0,0,0,0,0,0,0,0,0,0,0,0,0,0,0,0,0,0
81,CT00082,Selwyn,-43.64884427,172.2322075,16,16,15,16,16,15,14,14,14,14,13,12,11,11,11,11,11,11,10,10,10,10,10,10,10,10,10,10,10,10,10,10,10,10,10,10,10,9,9,9,9,9,7,7,7,7,7,6,6,6,6,6,4,4,4,4,4,3,3,3,3,3,3,3,3,3,3,2,2,2,2,2,2,2,2,2,2,1,1,1,1,1,0,0,0,0,0,0,0,0,0,0,0,0,0,0,0,0,0,0,0,0,0,0,0,0
82,CT00083,Sounds,-41.1417,174.0894,11,11,10,10,10,10,10,9,9,9,8,7,7,7,7,7,7,6,6,6,6,6,6,6,6,6,6,6,6,6,6,6,6,7,7,7,7,6,6,6,6,6,4,4,4,4,4,4,4,4,4,4,3,3,3,3,3,2,2,2,2,2,2,2,2,2,2,1,1,1,1,1,1,1,1,1,1,1,1,0,0,0,0,0,0,0,0,0,0,0,0,0,0,0,0,0,0,0,0,0,0,0,0,0,0,0
83,CT00084,Southland,-46.413056,168.3475,296,322,297,304,315,297,291,299,276,278,277,251,253,222,222,223,223,188,179,178,179,179,174,173,173,174,174,176,177,177,177,177,174,175,176,176,176,155,156,156,156,156,125,126,126,126,126,99,100,100,100,100,73,73,73,73,73,64,65,65,65,65,51,52,52,52,52,35,36,36,36,36,25,25,25,25,25,15,15,14,14,14,6,5,5,4,4,4,4,3,3,3,3,2,2,2,2,0,0,0,0,0,0,0,0,0
84,CT00085,Springs,-43.633,172.417,22,21,21,21,21,20,19,19,18,18,17,16,15,15,15,15,15,14,14,14,14,14,13,13,13,13,13,14,14,14,14,14,14,14,14,14,14,12,12,12,12,12,10,10,10,10,10,8,8,8,8,8,6,6,6,6,6,5,5,5,5,5,4,4,4,4,4,3,3,3,3,3,2,2,2,2,2,1,1,1,1,1,0,0,0,0,0,0,0,0,0,0,0,0,0,0,0,0,0,0,0,0,0,0,0,0
85,CT00086,Stratford,-39.3370781,174.2838238,64,67,63,60,63,60,59,59,55,55,52,47,49,46,46,46,46,43,41,41,41,41,38,37,37,37,37,39,40,40,40,40,37,38,38,38,38,32,33,33,33,33,25,26,26,26,26,19,19,19,19,19,13,13,13,13,13,10,11,11,11,11,8,8,8,8,8,5,6,6,6,6,4,4,4,4,4,2,2,2,2,2,1,1,1,1,1,1,1,0,0,0,0,0,0,0,0,0,0,0,0,0,0,0,0,0
86,CT00087,Taieri,-45.887,170.2335,68,68,68,64,72,67,65,67,63,64,63,60,59,54,54,54,54,50,45,44,45,45,43,42,42,42,42,43,43,43,43,43,46,47,47,47,47,44,45,45,45,45,38,38,38,38,38,32,32,32,32,32,22,22,22,22,22,18,18,18,18,18,16,16,16,16,16,12,12,12,12,12,9,9,9,9,9,6,6,6,6,6,2,2,1,1,1,1,1,1,1,1,1,1,1,1,1,0,0,0,0,0,0,0,0,0
87,CT00088,Takaka,-40.85085138,172.8070275,20,22,22,21,21,23,20,21,20,20,19,18,17,15,15,15,15,14,13,13,13,13,13,12,12,12,12,13,13,13,13,13,15,15,15,15,15,13,13,13,13,13,11,11,11,11,11,8,8,8,8,8,6,6,6,6,6,5,5,5,5,5,4,4,4,4,4,2,3,3,3,3,2,2,2,2,2,1,1,1,1,1,0,0,0,0,0,0,0,0,0,0,0,0,0,0,0,0,0,0,0,0,0,0,0,0
88,CT00089,Taranaki,-39.3,174.133333,64,67,63,61,64,60,59,59,56,55,52,48,49,46,46,47,47,43,41,41,41,41,38,37,37,37,37,39,40,40,40,40,37,38,38,38,38,32,33,33,33,33,25,26,26,26,26,19,19,19,19,19,13,13,13,13,13,10,11,11,11,11,8,8,8,8,8,5,6,6,6,6,4,4,4,4,4,3,2,2,2,2,1,1,1,1,1,1,1,0,0,0,0,0,0,0,0,0,0,0,0,0,0,0,0,0
89,CT00090,Tauranga,-37.68611,176.16667,54,55,52,56,52,53,50,47,45,45,44,41,40,38,38,38,38,37,34,34,34,34,33,32,32,32,32,34,34,35,35,35,35,35,35,35,35,31,32,32,32,32,24,24,25,25,25,19,19,20,20,20,13,14,14,14,14,10,10,10,10,10,7,8,8,8,8,5,5,5,5,5,4,4,4,4,4,2,2,2,2,2,1,1,1,1,1,1,1,0,0,0,0,0,0,0,0,0,0,0,0,0,0,0,0,0
90,CT00091,Tawera,-43.3371994,171.9269209,9,9,9,9,9,8,8,8,8,8,7,7,7,7,7,7,7,6,6,6,6,6,6,6,6,6,6,6,6,6,6,6,6,6,6,6,6,5,5,5,5,5,4,4,4,4,4,4,4,4,4,4,2,2,2,2,2,2,2,2,2,2,2,2,2,2,2,1,1,1,1,1,1,1,1,1,1,1,1,1,1,1,0,0,0,0,0,0,0,0,0,0,0,0,0,0,0,0,0,0,0,0,0,0,0,0
91,CT00092,Thames,-37.13633279,175.5358312,21,21,20,21,20,20,19,18,17,17,17,16,15,14,14,14,14,14,13,13,13,13,13,12,12,12,12,13,13,13,13,13,13,14,14,14,14,12,12,12,12,12,9,9,9,9,9,7,7,8,8,8,5,5,5,5,5,4,4,4,4,4,3,3,3,3,3,2,2,2,2,2,1,1,1,1,1,1,1,1,1,1,0,0,0,0,0,0,0,0,0,0,0,0,0,0,0,0,0,0,0,0,0,0,0,0
92,CT00093,Tuapeka,-45.913,169.688,53,52,52,49,56,52,50,52,49,50,49,46,46,42,42,42,42,38,34,34,34,34,33,33,33,33,33,33,33,33,33,33,36,36,36,36,36,34,35,35,34,34,29,29,29,29,29,24,25,25,25,25,17,17,17,17,17,14,14,14,14,14,12,12,13,13,13,9,9,9,9,9,7,7,7,7,7,5,5,5,5,5,1,1,1,1,1,1,1,1,1,1,1,1,1,1,1,0,0,0,0,0,0,0,0,0
93,CT00094,Uawa,-38.371667,178.296917,13,12,12,11,10,11,10,10,9,11,8,6,8,9,9,9,9,8,7,7,7,7,8,8,8,8,8,8,8,8,8,8,8,8,8,8,8,7,7,7,7,7,5,5,5,5,5,5,5,5,5,5,3,3,3,3,3,2,2,3,3,3,2,2,2,2,2,2,2,2,2,2,1,1,1,1,1,1,1,1,1,1,0,0,0,0,0,0,0,0,0,0,0,0,0,0,0,0,0,0,0,0,0,0,0,0
94,CT00095,Vincent,-45.52,169.46,36,36,36,34,38,35,34,35,33,34,33,32,31,28,28,28,28,26,23,23,23,23,22,22,22,22,22,22,22,23,22,22,24,24,24,24,24,23,23,23,23,23,20,20,20,20,20,17,17,17,17,17,12,12,12,12,12,9,9,9,10,10,8,8,9,9,9,6,6,6,6,6,5,5,5,5,5,3,3,3,3,3,1,1,1,1,1,1,1,1,0,0,0,0,0,0,0,0,0,0,0,0,0,0,0,0
95,CT00096,Waiapu,-38.055833,178.305278,16,16,16,14,14,14,13,13,12,14,11,8,10,12,12,12,12,10,10,10,10,10,10,10,10,10,10,10,10,10,10,10,10,10,10,10,10,9,9,9,9,9,6,6,6,6,6,6,6,6,6,6,4,4,4,4,4,3,3,3,3,3,3,3,3,3,3,2,2,2,2,2,2,2,2,2,2,1,1,1,1,1,0,0,0,0,0,0,0,0,0,0,0,0,0,0,0,0,0,0,0,0,0,0,0,0
96,CT00097,Waihemo,-45.383,170.633,15,15,15,14,16,15,14,15,14,14,14,13,13,12,12,12,12,11,10,10,10,10,9,9,9,9,9,9,9,10,9,9,10,10,10,10,10,10,10,10,10,10,8,8,8,8,8,7,7,7,7,7,5,5,5,5,5,4,4,4,4,4,4,4,4,4,4,3,3,3,3,3,2,2,2,2,2,1,1,1,1,1,0,0,0,0,0,0,0,0,0,0,0,0,0,0,0,0,0,0,0,0,0,0,0,0
97,CT00098,Waikato,-37.6190862,175.023346,93,94,89,95,89,90,86,81,77,77,74,70,69,64,64,64,64,63,58,58,58,58,56,55,55,55,55,58,59,59,59,59,59,60,60,60,60,53,54,54,54,54,41,42,42,42,42,33,33,33,33,33,23,23,23,23,23,17,18,18,18,18,13,13,13,13,13,8,8,8,9,9,6,6,6,6,6,4,4,4,4,4,2,1,1,1,1,1,1,1,1,1,1,1,0,0,0,0,0,0,0,0,0,0,0,0
98,CT00099,Waikohu,-38.466667,177.866667,37,35,36,32,30,31,28,28,26,31,24,19,24,26,26,26,26,23,22,22,22,22,23,23,23,23,23,22,22,22,22,22,22,22,22,22,22,20,20,20,20,20,14,14,14,14,14,14,14,14,14,14,10,10,10,10,10,7,7,7,7,7,6,6,6,6,6,5,5,5,5,5,4,4,4,4,4,2,2,2,2,2,1,1,1,0,0,0,0,0,0,0,0,0,0,0,0,0,0,0,0,0,0,0,0,0
99,CT00100,Waikouaiti,-45.60014881,170.4716171,47,47,47,44,49,46,45,46,43,44,43,41,41,37,37,37,37,34,31,31,31,31,29,29,29,29,29,29,29,29,29,29,32,32,32,32,32,31,31,31,31,31,26,26,26,26,26,22,22,22,22,22,15,15,15,15,15,12,12,12,12,12,11,11,11,11,11,8,8,8,8,8,6,6,6,6,6,4,4,4,4,4,1,1,1,1,1,1,1,1,1,1,1,1,1,1,1,0,0,0,0,0,0,0,0,0
100,CT00101,Waimairi,-43.482,172.719,172,166,164,169,169,155,152,154,147,146,136,126,123,122,122,122,122,113,109,109,109,109,106,106,106,106,106,110,111,111,111,111,109,109,109,109,109,98,98,98,98,98,78,78,78,78,78,64,64,65,65,65,44,44,44,44,44,37,37,37,37,37,30,31,31,31,31,21,21,21,21,21,16,17,17,17,17,10,10,10,10,10,3,3,3,2,2,2,2,2,1,1,1,1,1,1,1,0,0,0,0,0,0,0,0,0
101,CT00102,Waimarino,-39.4,175.3,35,37,35,34,35,33,33,32,31,31,29,26,27,26,26,26,26,24,23,23,23,23,21,21,21,21,21,22,22,22,22,22,21,21,21,21,21,18,18,18,18,18,14,14,14,14,14,10,10,10,10,10,7,7,7,7,7,6,6,6,6,6,4,4,4,4,4,3,3,3,3,3,2,2,2,2,2,1,1,1,1,1,1,1,0,0,0,0,0,0,0,0,0,0,0,0,0,0,0,0,0,0,0,0,0,0
102,CT00103,Waimate,-44.7328091,171.0471354,87,84,83,85,85,79,77,78,74,74,69,64,62,62,62,62,62,57,55,55,55,55,54,54,54,54,54,56,56,56,56,56,55,55,55,55,55,50,50,50,50,50,40,40,40,40,40,33,33,33,33,33,22,22,22,22,22,19,19,19,19,19,15,15,16,16,16,11,11,11,11,11,8,8,8,9,9,5,5,5,5,5,2,2,1,1,1,1,1,1,1,1,1,1,1,1,1,0,0,0,0,0,0,0,0,0
103,CT00104,Waimate West,-39.5513,174.1281,29,30,29,27,29,27,27,27,25,25,24,22,22,21,21,21,21,20,19,18,19,19,17,17,17,17,17,18,18,18,18,18,17,17,17,17,17,15,15,15,15,15,12,12,12,12,12,8,9,9,9,9,6,6,6,6,6,5,5,5,5,5,4,4,4,4,4,2,3,3,3,3,2,2,2,2,2,1,1,1,1,1,0,0,0,0,0,0,0,0,0,0,0,0,0,0,0,0,0,0,0,0,0,0,0,0
104,CT00105,Waimea,-41.33333,173.183333,102,109,108,107,106,116,100,108,99,99,94,90,83,76,76,76,76,69,65,64,64,64,64,62,62,62,62,64,66,66,66,66,74,75,75,75,75,65,67,67,67,67,53,53,53,53,53,39,39,40,40,40,29,29,29,29,29,24,24,24,24,24,19,20,20,20,20,12,13,13,13,13,10,10,10,11,11,7,7,7,7,7,2,2,2,2,2,2,1,1,1,1,1,1,1,1,1,0,0,0,0,0,0,0,0,0
105,CT00106,Waipa,-37.986,175.421,92,93,88,94,88,89,85,80,76,76,73,69,68,63,63,63,63,63,58,57,57,57,55,55,54,55,55,57,58,58,58,58,59,59,60,60,60,52,53,53,53,53,41,41,41,41,41,32,33,33,33,33,23,23,23,23,23,17,17,18,18,18,13,13,13,13,13,8,8,8,8,8,6,6,6,6,6,4,4,4,4,4,2,1,1,1,1,1,1,1,1,1,1,1,0,0,0,0,0,0,0,0,0,0,0,0
106,CT00107,Waipara,-43.0666664,172.749997,26,25,25,26,26,23,23,23,22,22,21,19,19,18,19,19,19,17,16,16,17,17,16,16,16,16,16,17,17,17,17,17,16,17,17,17,17,15,15,15,15,15,12,12,12,12,12,10,10,10,10,10,7,7,7,7,7,6,6,6,6,6,5,5,5,5,5,3,3,3,3,3,2,3,3,3,3,2,2,2,1,1,1,0,0,0,0,0,0,0,0,0,0,0,0,0,0,0,0,0,0,0,0,0,0,0
107,CT00108,Waipawa,-39.93989024,176.5908838,41,39,40,36,34,35,32,32,30,35,27,21,26,29,29,29,29,26,24,24,24,24,26,26,26,26,26,25,25,25,25,25,25,25,25,25,25,23,23,23,23,23,16,16,16,16,16,16,16,16,16,16,11,11,11,11,11,8,8,8,8,8,7,7,7,7,7,5,5,5,5,5,4,4,4,4,4,2,2,2,2,2,1,1,1,1,1,1,0,0,0,0,0,0,0,0,0,0,0,0,0,0,0,0,0,0
108,CT00109,Waipukurau,-39.99629318,176.5539761,13,13,13,12,11,12,10,10,10,12,9,7,9,10,10,10,10,9,8,8,8,8,8,8,9,9,9,8,8,8,8,8,8,8,8,8,8,8,8,8,8,8,5,5,5,5,5,5,5,5,5,5,4,4,4,4,4,3,3,3,3,3,2,2,2,2,2,2,2,2,2,2,1,1,1,1,1,1,1,1,1,1,0,0,0,0,0,0,0,0,0,0,0,0,0,0,0,0,0,0,0,0,0,0,0,0
109,CT00110,Wairarapa South,-41.356,175.372,35,36,34,34,33,32,32,31,29,30,28,25,25,25,25,25,25,24,23,22,23,23,22,21,21,22,22,23,23,23,23,23,23,23,23,23,23,21,21,21,21,21,16,16,16,16,16,12,13,13,13,13,9,9,9,9,9,7,7,7,7,7,5,6,6,6,6,4,4,4,4,4,3,3,3,3,3,2,2,2,1,1,1,1,0,0,0,0,0,0,0,0,0,0,0,0,0,0,0,0,0,0,0,0,0,0
110,CT00111,Wairewa,-43.805,172.7407,12,12,11,12,12,11,11,11,10,10,9,9,9,9,9,9,9,8,8,8,8,8,7,7,7,7,7,8,8,8,8,8,8,8,8,8,8,7,7,7,7,7,5,5,5,5,5,4,4,5,5,5,3,3,3,3,3,3,3,3,3,3,2,2,2,2,2,1,1,1,1,1,1,1,1,1,1,1,1,1,1,1,0,0,0,0,0,0,0,0,0,0,0,0,0,0,0,0,0,0,0,0,0,0,0,0
111,CT00112,Wairoa,-39.03333,177.36667,27,26,27,24,22,23,21,21,20,23,18,14,17,19,19,19,19,17,16,16,16,16,17,17,17,17,17,16,16,16,16,16,17,17,17,17,17,15,15,15,15,15,11,11,11,11,11,10,10,10,10,10,7,7,7,7,7,5,5,5,5,5,4,4,4,4,4,3,3,3,3,3,3,3,3,3,3,1,1,1,1,1,1,0,0,0,0,0,0,0,0,0,0,0,0,0,0,0,0,0,0,0,0,0,0,0
112,CT00113,Waitaki,-44.926,170.635,117,115,115,109,123,114,111,115,107,109,107,102,101,92,92,92,92,85,76,76,76,76,72,72,72,72,72,72,73,73,73,73,79,79,80,79,79,76,76,76,76,76,64,64,64,64,64,54,54,54,54,54,38,38,38,38,38,30,31,31,31,31,27,28,28,28,28,20,20,20,20,20,15,15,15,15,15,11,11,11,10,10,3,3,3,2,2,2,2,2,2,2,2,2,1,1,1,0,0,0,0,0,0,0,0,0
113,CT00114,Waitemata,-36.75,174.67,111,113,107,114,107,108,103,97,93,93,89,84,82,77,77,77,77,76,70,69,70,70,67,66,66,66,66,69,71,71,71,71,71,72,73,72,72,64,65,65,65,65,50,50,50,50,50,39,40,40,40,40,28,28,28,28,28,21,21,21,21,21,15,16,16,16,16,10,10,10,10,10,7,7,8,8,8,5,5,5,5,5,2,2,2,1,1,1,1,1,1,1,1,1,1,1,1,0,0,0,0,0,0,0,0,0
114,CT00115,Waitomo,-38.2615305,175.1145451,70,71,67,72,67,68,65,61,59,58,56,53,52,49,49,49,49,48,44,44,44,44,43,42,42,42,42,44,45,45,45,45,45,46,46,46,46,40,41,41,41,41,31,32,32,32,32,25,25,25,25,25,17,18,18,17,17,13,13,14,14,14,10,10,10,10,10,6,6,6,6,6,5,5,5,5,5,3,3,3,3,3,1,1,1,1,1,1,1,1,0,0,0,0,0,0,0,0,0,0,0,0,0,0,0,0
115,CT00116,Waitotara,-39.805833,174.734444,36,38,36,34,36,34,33,33,31,31,29,27,28,26,26,26,26,24,23,23,23,23,21,21,21,21,21,22,22,22,22,22,21,21,21,21,21,18,18,18,18,18,14,14,14,14,14,10,11,11,11,11,7,7,7,7,7,6,6,6,6,6,4,4,4,4,4,3,3,3,3,3,2,2,2,2,2,1,1,1,1,1,1,1,0,0,0,0,0,0,0,0,0,0,0,0,0,0,0,0,0,0,0,0,0,0
116,CT00117,Wallace,-45.85,167.78,100,108,100,102,106,100,98,101,93,93,93,84,85,75,75,75,75,63,60,60,60,60,58,58,58,58,58,59,60,60,60,60,59,59,59,59,59,52,52,53,52,52,42,42,42,42,42,33,34,34,34,34,25,25,25,25,25,22,22,22,22,22,17,17,17,17,17,12,12,12,12,12,8,8,8,9,9,5,5,5,5,5,2,2,2,1,1,1,1,1,1,1,1,1,1,1,1,0,0,0,0,0,0,0,0,0
117,CT00118,Wanganui,-39.9333,175.05,29,29,28,28,27,27,27,26,24,25,23,21,21,20,20,20,20,20,19,19,19,19,18,18,18,18,18,19,19,19,19,19,19,19,19,19,19,17,18,18,18,18,13,13,13,13,13,10,10,10,10,10,8,8,8,8,8,6,6,6,6,6,4,5,5,5,5,3,3,3,3,3,2,2,2,2,2,1,1,1,1,1,1,0,0,0,0,0,0,0,0,0,0,0,0,0,0,0,0,0,0,0,0,0,0,0
118,CT00119,Weber,-40.4,176.317,4,4,4,4,4,4,4,4,4,4,4,3,3,3,3,3,3,3,3,3,3,3,3,3,3,3,3,3,3,3,3,3,3,3,3,3,3,3,3,3,3,3,2,2,2,2,2,2,2,2,2,2,1,1,1,1,1,1,1,1,1,1,1,1,1,1,1,0,0,0,0,0,0,0,0,0,0,0,0,0,0,0,0,0,0,0,0,0,0,0,0,0,0,0,0,0,0,0,0,0,0,0,0,0,0,0
119,CT00120,West Taupo,-38.92,175.75,34,34,33,35,33,33,31,30,28,28,27,26,25,23,23,24,24,23,21,21,21,21,21,20,20,20,20,21,22,22,22,22,22,22,22,22,22,19,20,20,20,20,15,15,15,15,15,12,12,12,12,12,8,8,8,8,8,6,6,7,7,7,5,5,5,5,5,3,3,3,3,3,2,2,2,2,2,2,1,1,1,1,1,1,0,0,0,0,0,0,0,0,0,0,0,0,0,0,0,0,0,0,0,0,0,0
120,CT00121,Westland,-43.431,170.155,38,43,38,40,48,40,40,37,47,37,38,38,31,28,28,28,28,30,29,29,29,29,23,23,23,23,23,29,29,29,29,29,28,28,28,28,28,30,30,30,30,30,25,25,25,25,25,19,19,19,19,19,13,13,13,13,13,9,9,9,9,9,9,10,10,10,10,6,6,6,6,6,9,9,9,9,9,7,7,7,7,7,2,2,2,2,2,2,1,1,1,1,1,1,1,1,1,0,0,0,0,0,0,0,0,0
121,CT00122,Whakatane,-37.95855,176.98545,34,33,33,29,28,29,26,26,24,29,23,17,22,24,24,24,24,22,20,20,20,20,21,21,21,21,21,20,20,20,20,20,21,21,21,21,21,19,19,19,19,19,13,13,13,13,13,13,13,13,13,13,9,9,9,9,9,7,7,7,7,7,5,5,5,5,5,4,4,4,4,4,3,3,3,4,4,2,2,2,2,2,1,1,1,0,0,0,0,0,0,0,0,0,0,0,0,0,0,0,0,0,0,0,0,0
122,CT00123,Whangamomona,-39.14524461,174.7387759,14,15,14,14,14,13,13,13,12,12,12,11,11,10,10,10,10,10,9,9,9,9,8,8,8,8,8,9,9,9,9,9,8,8,8,8,8,7,7,7,7,7,6,6,6,6,6,4,4,4,4,4,3,3,3,3,3,2,2,2,2,2,2,2,2,2,2,1,1,1,1,1,1,1,1,1,1,1,1,1,1,1,0,0,0,0,0,0,0,0,0,0,0,0,0,0,0,0,0,0,0,0,0,0,0,0
123,CT00124,Whangarei,-35.73167,174.32391,105,106,101,108,100,102,97,91,87,87,84,79,78,72,72,73,73,72,66,65,66,66,64,63,62,63,63,65,66,67,67,67,67,68,68,68,68,60,61,61,61,61,47,47,47,47,47,37,37,38,38,38,26,26,26,26,26,20,20,20,20,20,14,15,15,15,15,9,9,10,10,10,7,7,7,7,7,5,5,4,4,4,2,2,1,1,1,1,1,1,1,1,1,1,1,0,0,0,0,0,0,0,0,0,0,0
124,CT00125,Whangaroa,-35.05205502,173.7434618,11,11,11,11,11,11,10,10,9,9,9,8,8,8,8,8,8,8,7,7,7,7,7,7,7,7,7,7,7,7,7,7,7,7,7,7,7,6,6,6,6,6,5,5,5,5,5,4,4,4,4,4,3,3,3,3,3,2,2,2,2,2,2,2,2,2,2,1,1,1,1,1,1,1,1,1,1,0,0,0,0,0,0,0,0,0,0,0,0,0,0,0,0,0,0,0,0,0,0,0,0,0,0,0,0,0
125,CT00126,Woodville,-40.33773576,175.8669028,23,23,22,22,21,21,21,20,19,20,18,17,16,16,16,16,16,16,15,15,15,15,14,14,14,14,14,15,15,15,15,15,15,15,15,15,15,14,14,14,14,14,10,10,11,10,10,8,8,8,8,8,6,6,6,6,6,4,4,5,5,5,4,4,4,4,4,2,3,3,3,3,2,2,2,2,2,1,1,1,1,1,0,0,0,0,0,0,0,0,0,0,0,0,0,0,0,0,0,0,0,0,0,0,0,0
126,BR00001,Akaroa,-43.80467,172.966667,6,7,6,7,6,7,6,6,6,6,6,6,6,6,6,6,6,5,5,5,5,5,5,5,5,5,5,5,5,5,5,5,5,5,6,5,5,5,5,5,5,5,4,4,4,4,4,3,3,3,3,3,3,3,3,3,3,2,2,2,2,2,2,2,2,2,2,1,1,1,1,1,1,1,1,1,1,1,1,1,1,1,0,0,0,0,0,0,0,0,0,0,0,0,0,0,0,0,0,0,0,0,0,0,0,0
127,BR00002,Alexandra,-45.24917,169.37972,7,7,7,7,8,7,7,7,7,7,7,8,7,7,7,7,7,7,6,6,6,6,6,6,6,6,6,5,5,5,5,5,6,6,6,6,6,5,5,5,5,5,5,5,5,5,5,4,4,4,4,4,3,3,3,3,3,2,2,2,2,2,2,2,2,2,2,1,1,1,1,1,1,1,1,1,1,1,1,1,1,1,0,0,0,0,0,0,0,0,0,0,0,0,0,0,0,0,0,0,0,0,0,0,0,0
128,BR00003,Arrowtown,-44.9425,168.83583,3,3,3,3,4,3,3,3,3,3,3,4,3,3,3,3,3,3,3,3,3,3,3,3,3,3,3,2,2,2,2,2,3,3,3,3,3,2,2,2,2,2,2,2,2,2,2,2,2,2,2,2,1,1,1,1,1,1,1,1,1,1,1,1,1,1,1,1,1,1,1,1,0,0,0,0,0,0,0,0,0,0,0,0,0,0,0,0,0,0,0,0,0,0,0,0,0,0,0,0,0,0,0,0,0,0
129,BR00004,Ashburton,-43.90556,171.74556,49,53,49,51,50,51,50,50,50,50,49,48,51,44,44,44,44,41,40,40,40,40,39,38,38,39,39,40,40,40,40,40,42,43,43,43,43,39,39,39,39,39,32,33,33,33,33,26,26,26,26,26,20,20,20,20,20,16,16,16,16,16,13,13,14,14,14,9,9,10,10,10,7,7,7,7,7,4,4,4,4,4,1,1,1,1,1,1,1,1,1,1,1,1,1,0,0,0,0,0,0,0,0,0,0,0
130,BR00005,Auckland,-36.86667,174.76667,775,800,763,821,836,833,797,769,766,797,783,818,800,764,765,766,766,741,692,686,689,689,662,653,651,654,654,666,675,678,677,677,697,705,708,707,707,646,654,656,654,654,538,541,542,542,542,443,447,449,449,449,324,325,325,324,324,262,264,266,266,266,207,209,210,210,210,145,147,148,149,149,103,104,105,107,107,67,66,64,62,62,22,19,17,15,15,15,13,12,10,10,10,9,9,8,8,1,0,0,0,0,0,0,0,0
131,BR00006,Balclutha,-46.233,169.75,15,15,15,15,17,16,15,16,16,16,16,16,16,15,15,15,15,15,13,13,13,13,12,12,12,12,12,12,12,12,12,12,12,12,12,12,12,12,12,12,12,12,10,10,10,10,10,9,9,9,9,9,6,6,6,6,6,5,5,5,5,5,4,4,4,4,4,3,3,3,3,3,2,2,2,2,2,1,1,1,1,1,0,0,0,0,0,0,0,0,0,0,0,0,0,0,0,0,0,0,0,0,0,0,0,0
132,BR00007,Birkenhead,-36.80749,174.723051,24,25,23,25,26,26,24,24,23,24,24,25,25,23,23,24,24,23,21,21,21,21,20,20,20,20,20,20,21,21,21,21,21,22,22,22,22,20,20,20,20,20,17,17,17,17,17,14,14,14,14,14,10,10,10,10,10,8,8,8,8,8,6,6,6,6,6,4,5,5,5,5,3,3,3,3,3,2,2,2,2,2,1,1,1,0,0,0,0,0,0,0,0,0,0,0,0,0,0,0,0,0,0,0,0,0
133,BR00008,Blenheim,-41.514,173.96,45,54,44,48,48,50,51,54,51,52,48,54,53,43,43,43,43,33,31,31,31,31,31,31,31,31,31,29,29,30,29,29,33,33,33,33,33,32,32,32,32,32,28,28,28,28,28,26,26,26,26,26,22,22,22,22,22,18,18,18,18,18,11,11,11,11,11,8,8,9,9,9,7,7,7,7,7,4,4,4,4,4,1,1,1,1,1,1,1,1,1,1,1,1,1,1,1,0,0,0,0,0,0,0,0,0
134,BR00009,Bluff,-46.6,168.333,18,18,19,18,19,19,18,18,18,18,17,17,16,16,16,16,16,16,14,14,14,14,13,13,13,13,13,13,13,13,13,13,13,13,13,13,13,12,12,12,12,12,9,9,9,9,9,8,8,8,8,8,6,6,6,6,6,5,5,5,5,5,4,4,4,4,4,3,3,3,3,3,2,2,2,2,2,1,1,1,1,1,0,0,0,0,0,0,0,0,0,0,0,0,0,0,0,0,0,0,0,0,0,0,0,0
135,BR00010,Brunner,-42.4325,171.32278,7,6,6,6,6,7,6,7,6,6,7,5,6,4,4,5,5,4,3,3,3,3,4,4,4,4,4,4,4,4,4,4,4,4,4,4,4,4,4,4,4,4,3,3,3,3,3,2,2,2,2,2,2,2,2,2,2,1,1,1,1,1,1,1,1,1,1,1,1,1,1,1,1,1,1,1,1,0,0,0,0,0,0,0,0,0,0,0,0,0,0,0,0,0,0,0,0,0,0,0,0,0,0,0,0,0
136,BR00011,Cambridge,-37.87822,175.4402,25,27,23,26,27,26,24,23,25,23,22,19,21,18,18,18,18,18,20,20,20,20,19,19,19,20,20,18,18,18,18,18,20,20,20,20,20,16,16,16,16,16,11,11,11,11,11,9,9,9,9,9,6,6,6,6,6,5,5,5,5,5,4,4,4,4,4,2,2,2,2,2,2,2,2,2,2,1,1,1,1,1,0,0,0,0,0,0,0,0,0,0,0,0,0,0,0,0,0,0,0,0,0,0,0,0
137,BR00012,Carterton,-41.025,175.5275,17,17,16,17,16,17,16,15,16,16,16,15,16,15,15,15,15,15,15,15,15,15,15,15,15,15,15,15,15,15,15,15,15,15,15,15,15,14,14,14,14,14,11,11,11,11,11,8,8,9,9,9,6,6,6,6,6,5,5,5,5,5,4,4,4,4,4,2,2,2,2,2,1,1,1,2,2,1,1,1,1,1,0,0,0,0,0,0,0,0,0,0,0,0,0,0,0,0,0,0,0,0,0,0,0,0
138,BR00013,Christchurch,-43.55,172.6667,688,738,680,718,696,716,703,693,694,694,677,676,704,618,618,619,619,576,557,554,556,556,539,535,535,537,537,553,557,559,558,558,593,596,598,597,597,544,548,548,547,547,453,454,454,454,454,362,363,364,365,365,273,273,273,273,273,225,227,228,228,228,187,188,188,189,189,131,132,133,133,133,94,95,96,96,96,60,59,58,56,56,18,16,14,12,12,12,11,10,8,8,8,8,7,7,7,1,0,0,0,0,0,0,0,0
139,BR00014,Cromwell,-45.045944,169.19556,6,6,6,6,7,6,6,7,6,6,6,7,7,6,6,6,6,6,5,5,5,5,5,5,5,5,5,5,5,5,5,5,5,5,5,5,5,5,5,5,5,5,4,4,4,4,4,4,4,4,4,4,3,3,3,3,3,2,2,2,2,2,2,2,2,2,2,1,1,1,1,1,1,1,1,1,1,1,1,1,1,1,0,0,0,0,0,0,0,0,0,0,0,0,0,0,0,0,0,0,0,0,0,0,0,0
140,BR00015,Dannevirke,-40.20611,176.09944,48,43,47,43,40,45,40,42,41,40,39,42,39,35,35,35,35,35,34,34,34,34,33,33,33,33,33,34,34,34,34,34,35,35,35,35,35,29,30,30,30,30,23,23,23,23,23,19,19,19,19,19,14,14,14,14,14,11,11,11,11,11,9,9,9,9,9,7,7,7,7,7,4,4,4,4,4,3,3,3,3,3,1,1,1,1,1,1,1,0,0,0,0,0,0,0,0,0,0,0,0,0,0,0,0,0
141,BR00016,Dargaville,-35.93833,173.87167,19,20,19,21,21,21,20,19,19,20,20,21,20,19,19,19,19,19,17,17,17,17,17,16,16,16,16,17,17,17,17,17,18,18,18,18,18,16,16,16,16,16,14,14,14,14,14,11,11,11,11,11,8,8,8,8,8,7,7,7,7,7,5,5,5,5,5,4,4,4,4,4,3,3,3,3,3,2,2,2,2,2,1,0,0,0,0,0,0,0,0,0,0,0,0,0,0,0,0,0,0,0,0,0,0,0
142,BR00017,Devonport,-36.831667,174.796278,83,86,82,88,90,89,85,82,82,85,84,88,86,82,82,82,82,79,74,74,74,74,71,70,70,70,70,71,72,73,73,73,75,76,76,76,76,69,70,70,70,70,58,58,58,58,58,48,48,48,48,48,35,35,35,35,35,28,28,28,29,29,22,22,23,23,23,16,16,16,16,16,11,11,11,11,11,7,7,7,7,7,2,2,2,2,2,2,1,1,1,1,1,1,1,1,1,0,0,0,0,0,0,0,0,0
143,BR00018,Dunedin,-45.87416,170.50361,579,595,581,589,648,614,604,624,608,608,615,644,633,598,598,599,599,593,512,510,512,512,469,467,467,469,469,454,456,457,457,457,470,472,473,473,473,455,458,458,457,457,393,394,394,394,394,336,337,338,338,338,248,249,249,248,248,198,199,200,200,200,169,170,171,171,171,119,120,121,121,121,89,89,90,91,91,59,58,56,55,55,17,15,14,12,12,12,11,10,8,8,8,8,8,7,7,1,0,0,0,0,0,0,0,0
144,BR00019,Eastbourne,-41.3,174.9,14,14,14,14,13,14,13,13,13,14,13,12,13,12,12,12,12,13,12,12,12,12,13,12,12,12,12,13,13,13,13,13,13,13,13,13,13,12,12,12,12,12,9,9,9,9,9,7,7,7,7,7,5,5,5,5,5,4,4,4,4,4,3,3,3,3,3,2,2,2,2,2,1,1,1,1,1,1,1,1,1,1,0,0,0,0,0,0,0,0,0,0,0,0,0,0,0,0,0,0,0,0,0,0,0,0
145,BR00020,Eketahuna,-40.647,175.704,11,10,11,10,9,10,9,9,9,9,9,9,9,8,8,8,8,8,8,8,8,8,7,7,7,7,7,8,8,8,8,8,8,8,8,8,8,7,7,7,7,7,5,5,5,5,5,4,4,4,4,4,3,3,3,3,3,2,2,2,2,2,2,2,2,2,2,2,2,2,2,2,1,1,1,1,1,1,1,1,1,1,0,0,0,0,0,0,0,0,0,0,0,0,0,0,0,0,0,0,0,0,0,0,0,0
146,BR00021,Eltham,-39.42972,174.29917,23,21,21,19,22,22,23,20,21,23,21,24,25,20,20,20,20,17,17,17,17,17,16,16,16,16,16,15,15,15,15,15,16,16,16,16,16,15,16,16,15,15,12,12,12,12,12,11,11,11,11,11,7,7,7,7,7,6,7,7,7,7,5,5,5,5,5,4,4,4,4,4,3,3,3,3,3,2,2,2,2,2,1,1,0,0,0,0,0,0,0,0,0,0,0,0,0,0,0,0,0,0,0,0,0,0
147,BR00022,Featherston,-41.117,175.317,11,11,10,11,10,11,10,10,10,10,10,9,10,9,9,9,9,10,9,9,9,9,9,9,9,9,9,9,10,10,10,10,10,10,10,10,10,9,9,9,9,9,7,7,7,7,7,5,5,5,5,5,4,4,4,4,4,3,3,3,3,3,2,2,2,2,2,2,2,2,2,2,1,1,1,1,1,1,1,1,1,1,0,0,0,0,0,0,0,0,0,0,0,0,0,0,0,0,0,0,0,0,0,0,0,0
148,BR00023,Feilding,-40.216667,175.566667,51,51,51,53,51,51,53,50,48,51,51,51,55,43,43,43,43,34,37,37,37,37,34,34,34,34,34,35,35,35,35,35,38,38,38,38,38,35,35,35,35,35,27,27,28,27,27,22,22,22,22,22,16,16,16,16,16,12,12,12,12,12,10,10,10,10,10,7,7,7,7,7,5,5,5,5,5,3,3,3,3,3,1,1,1,1,1,1,1,1,0,0,0,0,0,0,0,0,0,0,0,0,0,0,0,0
149,BR00024,Foxton,-40.47167,175.28583,21,19,20,19,17,19,17,18,18,17,17,18,17,15,15,15,15,15,15,15,15,15,14,14,14,14,14,15,15,15,15,15,15,15,15,15,15,13,13,13,13,13,10,10,10,10,10,8,8,8,8,8,6,6,6,6,6,5,5,5,5,5,4,4,4,4,4,3,3,3,3,3,2,2,2,2,2,1,1,1,1,1,0,0,0,0,0,0,0,0,0,0,0,0,0,0,0,0,0,0,0,0,0,0,0,0
150,BR00025,Geraldine,-44.09028,171.24333,11,12,12,12,11,12,11,11,11,11,11,11,11,9,9,9,9,7,8,8,8,8,7,7,7,7,7,8,8,8,8,8,8,8,8,8,8,8,8,8,8,8,6,6,6,6,6,4,4,4,4,4,3,3,3,3,3,3,3,3,3,3,3,3,3,3,3,2,2,2,2,2,2,2,2,2,2,1,1,1,1,1,0,0,0,0,0,0,0,0,0,0,0,0,0,0,0,0,0,0,0,0,0,0,0,0
151,BR00026,Gisborne,-38.6625,178.017778,138,137,125,140,137,135,125,123,116,106,113,117,96,89,89,89,89,89,84,84,84,84,83,82,82,83,83,93,94,95,95,95,93,94,94,94,94,76,77,77,77,77,66,66,66,66,66,49,49,50,50,50,34,34,34,34,34,27,27,27,28,28,20,20,20,20,20,13,13,13,13,13,8,8,8,8,8,7,7,7,6,6,2,2,2,1,1,1,1,1,1,1,1,1,1,1,1,0,0,0,0,0,0,0,0,0
152,BR00027,Gore,-46.09917,168.94639,42,42,43,42,44,44,42,41,42,41,40,39,38,36,36,36,36,36,32,32,32,32,29,29,29,29,29,29,29,29,29,29,29,30,30,30,30,27,28,28,27,27,21,21,21,21,21,18,18,18,18,18,14,14,14,14,14,11,11,11,11,11,10,10,10,10,10,6,6,6,6,6,5,5,5,5,5,3,3,3,3,3,1,1,1,1,1,1,1,1,1,1,1,0,0,0,0,0,0,0,0,0,0,0,0,0
153,BR00028,Green Island,-45.90278,170.43056,20,20,20,20,22,21,20,21,21,21,21,22,21,20,20,20,20,20,17,17,17,17,16,16,16,16,16,15,15,15,15,15,16,16,16,16,16,15,15,15,15,15,13,13,13,13,13,11,11,11,11,11,8,8,8,8,8,7,7,7,7,7,6,6,6,6,6,4,4,4,4,4,3,3,3,3,3,2,2,2,2,2,1,1,0,0,0,0,0,0,0,0,0,0,0,0,0,0,0,0,0,0,0,0,0,0
154,BR00029,Greymouth,-42.45,171.2075,62,57,59,57,57,64,60,64,61,59,62,51,55,43,43,43,43,35,31,31,31,31,34,34,34,34,34,35,35,35,35,35,42,42,42,42,42,39,39,39,39,39,31,31,31,31,31,20,20,20,20,20,15,15,15,15,15,12,12,12,12,12,9,9,9,9,9,8,8,8,8,8,6,6,6,6,6,4,4,4,4,4,2,2,1,1,1,1,1,1,1,1,1,1,1,1,1,0,0,0,0,0,0,0,0,0
155,BR00030,Greytown,-41.08,175.461,12,12,12,12,11,12,11,11,11,12,11,11,11,11,11,11,11,11,11,11,11,11,11,11,11,11,11,11,11,11,11,11,11,11,11,11,11,10,10,10,10,10,8,8,8,8,8,6,6,6,6,6,4,5,5,4,4,4,4,4,4,4,3,3,3,3,3,2,2,2,2,2,1,1,1,1,1,1,1,1,1,1,0,0,0,0,0,0,0,0,0,0,0,0,0,0,0,0,0,0,0,0,0,0,0,0
156,BR00031,Hamilton,-37.783,175.283,136,151,130,146,150,145,133,127,140,130,124,107,115,99,99,99,99,101,112,112,112,112,108,108,108,108,108,101,102,102,102,102,109,109,109,109,109,89,89,89,89,89,62,62,63,62,62,49,49,49,49,49,34,34,34,34,34,25,26,26,26,26,21,21,21,21,21,13,13,14,14,14,9,9,9,10,10,6,5,5,5,5,2,2,2,1,1,1,1,1,1,1,1,1,1,0,0,0,0,0,0,0,0,0,0,0
157,BR00032,Hampden,-45.32778,170.81667,3,3,3,3,4,4,3,4,3,3,4,4,4,3,3,3,3,3,3,3,3,3,3,3,3,3,3,3,3,3,3,3,3,3,3,3,3,3,3,3,3,3,2,2,2,2,2,2,2,2,2,2,1,1,1,1,1,1,1,1,1,1,1,1,1,1,1,1,1,1,1,1,1,1,1,1,1,0,0,0,0,0,0,0,0,0,0,0,0,0,0,0,0,0,0,0,0,0,0,0,0,0,0,0,0,0
158,BR00033,Hastings,-39.6381,176.84918,100,113,99,108,96,110,103,110,94,114,111,105,95,81,81,82,82,66,70,70,70,70,69,68,68,68,68,72,72,72,72,72,77,77,77,77,77,71,71,72,71,71,53,53,53,53,53,42,42,42,42,42,32,32,32,32,32,27,27,28,28,28,21,21,22,22,22,13,13,13,13,13,10,10,10,10,10,5,5,5,5,5,2,2,1,1,1,1,1,1,1,1,1,1,1,0,0,0,0,0,0,0,0,0,0,0
159,BR00034,Hawera,-39.59167,174.28333,46,43,43,39,45,46,48,41,44,46,43,49,52,40,40,40,40,36,35,35,35,35,32,32,32,32,32,31,31,31,31,31,32,32,32,32,32,32,32,32,32,32,24,24,24,24,24,22,22,22,22,22,15,15,15,15,15,13,13,13,13,13,11,11,11,11,11,8,8,8,8,8,6,6,6,6,6,4,4,4,4,4,1,1,1,1,1,1,1,1,1,1,1,1,0,0,0,0,0,0,0,0,0,0,0,0
160,BR00035,Hokitika,-42.71667,170.96667,27,25,26,25,25,28,27,28,27,26,28,23,25,19,19,19,19,16,14,14,14,14,15,15,15,15,15,15,16,16,16,16,19,19,19,19,19,17,17,17,17,17,14,14,14,14,14,9,9,9,9,9,6,6,6,6,6,5,5,5,5,5,4,4,4,4,4,4,4,4,4,4,3,3,3,3,3,2,2,2,2,2,1,1,1,1,1,1,1,0,0,0,0,0,0,0,0,0,0,0,0,0,0,0,0,0
161,BR00036,Inglewood,-39.15824,174.1802,13,12,12,11,13,13,14,12,12,13,12,14,15,11,11,11,11,10,10,10,10,10,9,9,9,9,9,9,9,9,9,9,9,9,9,9,9,9,9,9,9,9,7,7,7,7,7,6,6,6,6,6,4,4,4,4,4,4,4,4,4,4,3,3,3,3,3,2,2,2,2,2,2,2,2,2,2,1,1,1,1,1,0,0,0,0,0,0,0,0,0,0,0,0,0,0,0,0,0,0,0,0,0,0,0,0
162,BR00037,Invercargill,-46.4132,168.3538,175,174,179,174,180,183,175,169,174,170,164,162,157,150,151,151,151,149,132,132,132,132,120,119,119,120,120,121,121,121,121,121,122,122,122,122,122,113,114,114,113,113,87,87,87,87,87,75,75,76,76,76,58,58,58,58,58,46,47,47,47,47,41,42,42,42,42,25,25,26,26,26,19,19,19,20,20,13,13,13,12,12,4,4,3,3,3,3,3,2,2,2,2,2,2,2,2,0,0,0,0,0,0,0,0,0
163,BR00038,Invercargill South,-46.425,168.35,21,21,22,21,22,22,21,20,21,21,20,20,19,18,18,18,18,18,16,16,16,16,14,14,14,14,14,15,15,15,15,15,15,15,15,15,15,14,14,14,14,14,11,11,11,11,11,9,9,9,9,9,7,7,7,7,7,6,6,6,6,6,5,5,5,5,5,3,3,3,3,3,2,2,2,2,2,2,2,2,2,2,1,0,0,0,0,0,0,0,0,0,0,0,0,0,0,0,0,0,0,0,0,0,0,0
164,BR00039,Kaiapoi,-43.37832,172.64013,17,19,17,18,18,18,18,17,17,17,17,17,18,16,16,16,16,14,14,14,14,14,14,13,13,14,14,14,14,14,14,14,15,15,15,15,15,14,14,14,14,14,11,11,11,11,11,9,9,9,9,9,7,7,7,7,7,6,6,6,6,6,5,5,5,5,5,3,3,3,3,3,2,2,2,2,2,2,1,1,1,1,0,0,0,0,0,0,0,0,0,0,0,0,0,0,0,0,0,0,0,0,0,0,0,0
165,BR00040,Kaitangata,-46.275,169.85,17,18,17,17,19,18,18,18,18,18,18,19,19,18,18,18,18,18,15,15,15,15,14,14,14,14,14,13,14,14,14,14,14,14,14,14,14,13,14,14,14,14,12,12,12,12,12,10,10,10,10,10,7,7,7,7,7,6,6,6,6,6,5,5,5,5,5,4,4,4,4,4,3,3,3,3,3,2,2,2,2,2,1,0,0,0,0,0,0,0,0,0,0,0,0,0,0,0,0,0,0,0,0,0,0,0
166,BR00041,Kumara,-42.63111,171.18694,6,6,6,6,6,7,6,7,6,6,6,5,6,4,4,4,4,4,3,3,3,3,3,3,3,3,3,4,4,4,4,4,4,4,4,4,4,4,4,4,4,4,3,3,3,3,3,2,2,2,2,2,1,1,1,1,1,1,1,1,1,1,1,1,1,1,1,1,1,1,1,1,1,1,1,1,1,0,0,0,0,0,0,0,0,0,0,0,0,0,0,0,0,0,0,0,0,0,0,0,0,0,0,0,0,0
167,BR00042,Lawrence,-45.913,169.689,7,7,7,7,8,7,7,8,7,7,7,8,8,7,7,7,7,7,6,6,6,6,6,6,6,6,6,5,6,6,6,6,6,6,6,6,6,6,6,6,6,6,5,5,5,5,5,4,4,4,4,4,3,3,3,3,3,2,2,2,2,2,2,2,2,2,2,1,1,1,1,1,1,1,1,1,1,1,1,1,1,1,0,0,0,0,0,0,0,0,0,0,0,0,0,0,0,0,0,0,0,0,0,0,0,0
168,BR00043,Levin,-40.63333,175.275,24,22,24,22,20,23,20,21,21,20,20,21,20,18,18,18,18,18,17,17,17,17,17,17,17,17,17,17,17,17,17,17,18,18,18,18,18,15,15,15,15,15,12,12,12,12,12,9,9,10,10,10,7,7,7,7,7,6,6,6,6,6,4,4,4,4,4,3,3,4,4,4,2,2,2,2,2,1,1,1,1,1,0,0,0,0,0,0,0,0,0,0,0,0,0,0,0,0,0,0,0,0,0,0,0,0
169,BR00044,Lower Hutt,-41.21667,174.91667,58,58,55,57,54,57,54,52,54,56,54,50,54,50,50,50,50,51,51,50,50,50,51,50,50,51,51,51,51,52,51,51,52,53,53,53,53,47,48,48,48,48,37,37,37,37,37,29,29,29,29,29,21,21,21,21,21,17,17,17,17,17,12,12,12,12,12,8,8,8,8,8,5,5,5,5,5,3,3,3,3,3,1,1,1,1,1,1,1,1,0,0,0,0,0,0,0,0,0,0,0,0,0,0,0,0
170,BR00045,Lyttelton,-43.526945,172.632377,39,41,38,40,39,40,39,39,39,39,38,38,40,35,35,35,35,32,31,31,31,31,30,30,30,30,30,31,31,31,31,31,33,33,34,34,34,31,31,31,31,31,25,25,26,25,25,20,20,20,20,20,15,15,15,15,15,13,13,13,13,13,10,11,11,11,11,7,7,7,7,7,5,5,5,5,5,3,3,3,3,3,1,1,1,1,1,1,1,1,0,0,0,0,0,0,0,0,0,0,0,0,0,0,0,0
171,BR00046,Marton,-40.06917,175.37833,30,30,29,31,29,29,30,29,28,29,29,29,32,25,25,25,25,20,21,21,21,21,20,20,20,20,20,20,20,20,20,20,22,22,22,22,22,20,20,20,20,20,16,16,16,16,16,13,13,13,13,13,9,9,9,9,9,7,7,7,7,7,6,6,6,6,6,4,4,4,4,4,3,3,3,3,3,2,2,2,2,2,1,1,0,0,0,0,0,0,0,0,0,0,0,0,0,0,0,0,0,0,0,0,0,0
172,BR00047,Masterton,-40.95972,175.6575,80,79,75,78,73,78,73,71,74,77,73,69,73,68,68,68,68,70,69,69,69,69,70,69,69,69,69,69,70,70,70,70,72,72,73,72,72,65,65,65,65,65,50,51,51,51,51,39,40,40,40,40,29,29,29,29,29,23,23,23,23,23,17,17,17,17,17,11,11,11,11,11,7,7,7,7,7,5,4,4,4,4,2,2,1,1,1,1,1,1,1,1,1,1,1,0,0,0,0,0,0,0,0,0,0,0
173,BR00048,Mataura,-46.183,168.867,13,13,14,13,14,14,13,13,13,13,13,12,12,12,12,12,12,11,10,10,10,10,9,9,9,9,9,9,9,9,9,9,9,9,9,9,9,9,9,9,9,9,7,7,7,7,7,6,6,6,6,6,4,4,4,4,4,4,4,4,4,4,3,3,3,3,3,2,2,2,2,2,1,1,1,2,2,1,1,1,1,1,0,0,0,0,0,0,0,0,0,0,0,0,0,0,0,0,0,0,0,0,0,0,0,0
174,BR00049,Milton,-46.12083,169.96944,14,14,14,14,15,14,14,15,14,14,14,15,15,14,14,14,14,14,12,12,12,12,11,11,11,11,11,11,11,11,11,11,11,11,11,11,11,11,11,11,11,11,9,9,9,9,9,8,8,8,8,8,6,6,6,6,6,5,5,5,5,5,4,4,4,4,4,3,3,3,3,3,2,2,2,2,2,1,1,1,1,1,0,0,0,0,0,0,0,0,0,0,0,0,0,0,0,0,0,0,0,0,0,0,0,0
175,BR00050,Morrinsville,-37.65,175.517,16,18,15,17,17,17,15,15,16,15,14,12,13,11,11,12,12,12,13,13,13,13,13,13,13,13,13,12,12,12,12,12,13,13,13,13,13,10,10,10,10,10,7,7,7,7,7,6,6,6,6,6,4,4,4,4,4,3,3,3,3,3,2,2,2,2,2,2,2,2,2,2,1,1,1,1,1,1,1,1,1,1,0,0,0,0,0,0,0,0,0,0,0,0,0,0,0,0,0,0,0,0,0,0,0,0
176,BR00051,Mosgiel,-45.875,170.347,18,18,18,18,20,19,18,19,18,18,19,20,19,18,18,18,18,18,16,15,16,16,14,14,14,14,14,14,14,14,14,14,14,14,14,14,14,14,14,14,14,14,12,12,12,12,12,10,10,10,10,10,8,8,8,8,8,6,6,6,6,6,5,5,5,5,5,4,4,4,4,4,3,3,3,3,3,2,2,2,2,2,1,0,0,0,0,0,0,0,0,0,0,0,0,0,0,0,0,0,0,0,0,0,0,0
177,BR00052,Motueka,-41.12333,173.01472,15,18,15,17,16,17,18,18,18,18,16,18,18,15,15,15,15,11,11,11,11,11,10,10,10,10,10,10,10,10,10,10,11,11,11,11,11,11,11,11,11,11,9,9,9,9,9,9,9,9,9,9,8,8,8,8,8,6,6,6,6,6,4,4,4,4,4,3,3,3,3,3,2,2,3,3,3,2,1,1,1,1,0,0,0,0,0,0,0,0,0,0,0,0,0,0,0,0,0,0,0,0,0,0,0,0
178,BR00053,Mount Albert,-36.884,174.716,108,111,106,114,116,116,111,107,106,111,109,114,111,106,106,106,106,103,96,95,96,96,92,91,90,91,91,92,94,94,94,94,97,98,98,98,98,90,91,91,91,91,75,75,75,75,75,62,62,62,62,62,45,45,45,45,45,36,37,37,37,37,29,29,29,29,29,20,20,21,21,21,14,15,15,15,15,9,9,9,9,9,3,3,2,2,2,2,2,2,1,1,1,1,1,1,1,0,0,0,0,0,0,0,0,0
179,BR00054,Mount Eden,-36.88158,174.76204,139,143,137,147,150,149,143,138,137,143,140,146,143,137,137,137,137,133,124,123,123,123,119,117,117,117,117,119,121,121,121,121,125,126,127,127,127,116,117,118,117,117,96,97,97,97,97,79,80,80,80,80,58,58,58,58,58,47,47,48,48,48,37,37,38,38,38,26,26,27,27,27,19,19,19,19,19,12,12,12,11,11,4,3,3,3,3,3,2,2,2,2,2,2,2,1,1,0,0,0,0,0,0,0,0,0
180,BR00055,Napier,-39.4926,176.91233,155,150,154,158,165,166,136,150,162,144,142,129,151,124,124,124,124,111,117,116,117,117,116,115,115,115,115,124,125,126,126,126,124,125,125,125,125,110,111,112,111,111,87,87,87,87,87,68,69,69,69,69,50,50,50,50,50,42,42,43,43,43,33,33,34,34,34,22,22,22,22,22,15,15,15,16,16,10,10,10,10,10,4,3,3,3,3,3,2,2,2,2,2,2,2,1,1,0,0,0,0,0,0,0,0,0
181,BR00056,Naseby,-45.016667,170.133333,2,2,2,2,3,2,2,2,2,2,2,3,2,2,2,2,2,2,2,2,2,2,2,2,2,2,2,2,2,2,2,2,2,2,2,2,2,2,2,2,2,2,2,2,2,2,2,1,1,1,1,1,1,1,1,1,1,1,1,1,1,1,1,1,1,1,1,0,0,0,0,0,0,0,0,0,0,0,0,0,0,0,0,0,0,0,0,0,0,0,0,0,0,0,0,0,0,0,0,0,0,0,0,0,0,0
182,BR00057,Nelson,-41.27078,173.28404,96,115,93,103,102,106,110,115,110,110,103,115,114,93,93,93,93,70,66,66,66,66,66,65,65,66,66,63,63,63,63,63,70,70,70,70,70,69,69,69,69,69,59,59,59,59,59,56,56,56,56,56,47,47,47,47,47,38,39,39,39,39,24,24,24,24,24,18,18,18,18,18,15,16,16,16,16,10,9,9,9,9,3,3,2,2,2,2,2,2,2,2,2,2,1,1,1,0,0,0,0,0,0,0,0,0
183,BR00058,New Brighton,-43.50962726,172.7303742,40,42,39,41,40,41,40,40,40,40,39,39,40,35,35,36,36,33,32,32,32,32,31,31,31,31,31,32,32,32,32,32,34,34,34,34,34,31,31,31,31,31,26,26,26,26,26,21,21,21,21,21,16,16,16,16,16,13,13,13,13,13,11,11,11,11,11,8,8,8,8,8,5,5,5,6,6,3,3,3,3,3,1,1,1,1,1,1,1,1,0,0,0,0,0,0,0,0,0,0,0,0,0,0,0,0
184,BR00059,New Plymouth,-39.055626,174.075226,127,119,117,108,124,126,131,113,120,127,117,134,142,110,110,110,110,98,96,95,96,96,88,88,88,88,88,84,85,85,85,85,89,89,89,89,89,87,87,87,87,87,67,67,67,67,67,60,60,61,61,61,42,42,42,42,42,37,37,37,37,37,30,30,30,30,30,22,23,23,23,23,16,16,16,16,16,11,10,10,10,10,3,3,3,2,2,2,2,2,2,2,2,1,1,1,1,0,0,0,0,0,0,0,0,0
185,BR00060,Newmarket,-36.869862,174.777578,29,30,29,31,32,31,30,29,29,30,30,31,30,29,29,29,29,28,26,26,26,26,25,25,25,25,25,25,25,26,26,26,26,27,27,27,27,24,25,25,25,25,20,20,20,20,20,17,17,17,17,17,12,12,12,12,12,10,10,10,10,10,8,8,8,8,8,5,6,6,6,6,4,4,4,4,4,3,2,2,2,2,1,1,1,1,1,1,1,0,0,0,0,0,0,0,0,0,0,0,0,0,0,0,0,0
186,BR00061,Ngaruawahia,-37.66738,175.15554,13,15,13,14,15,14,13,12,14,13,12,10,11,10,10,10,10,10,11,11,11,11,11,11,11,11,11,10,10,10,10,10,11,11,11,11,11,9,9,9,9,9,6,6,6,6,6,5,5,5,5,5,3,3,3,3,3,2,3,3,3,3,2,2,2,2,2,1,1,1,1,1,1,1,1,1,1,1,1,1,0,0,0,0,0,0,0,0,0,0,0,0,0,0,0,0,0,0,0,0,0,0,0,0,0,0
187,BR00062,Northcote,-36.805,174.744,19,20,19,20,21,21,20,19,19,20,20,20,20,19,19,19,19,19,17,17,17,17,17,16,16,16,16,17,17,17,17,17,17,18,18,18,18,16,16,16,16,16,13,14,14,14,14,11,11,11,11,11,8,8,8,8,8,7,7,7,7,7,5,5,5,5,5,4,4,4,4,4,3,3,3,3,3,2,2,2,2,2,1,0,0,0,0,0,0,0,0,0,0,0,0,0,0,0,0,0,0,0,0,0,0,0
188,BR00063,Oamaru,-45.09746,170.96911,57,59,57,58,64,61,60,62,60,60,61,64,62,59,59,59,59,58,50,50,51,51,46,46,46,46,46,45,45,45,45,45,46,47,47,47,47,45,45,45,45,45,39,39,39,39,39,33,33,33,33,33,25,25,25,24,24,20,20,20,20,20,17,17,17,17,17,12,12,12,12,12,9,9,9,9,9,6,6,6,5,5,2,2,1,1,1,1,1,1,1,1,1,1,1,1,1,0,0,0,0,0,0,0,0,0
189,BR00064,Ohakune,-39.41861,175.39944,17,17,17,18,17,17,18,17,17,17,17,17,19,14,15,15,15,12,13,13,13,13,12,12,12,12,12,12,12,12,12,12,13,13,13,13,13,12,12,12,12,12,9,9,9,9,9,7,7,8,8,8,5,5,5,5,5,4,4,4,4,4,3,3,3,3,3,2,2,2,2,2,2,2,2,2,2,1,1,1,1,1,0,0,0,0,0,0,0,0,0,0,0,0,0,0,0,0,0,0,0,0,0,0,0,0
190,BR00065,Onehunga,-36.9223,174.7838,67,69,66,71,72,72,69,67,66,69,68,71,69,66,66,66,66,64,60,59,60,60,57,57,56,57,57,58,58,59,59,59,60,61,61,61,61,56,57,57,57,57,47,47,47,47,47,38,39,39,39,39,28,28,28,28,28,23,23,23,23,23,18,18,18,18,18,13,13,13,13,13,9,9,9,9,9,6,6,6,5,5,2,2,1,1,1,1,1,1,1,1,1,1,1,1,1,0,0,0,0,0,0,0,0,0
191,BR00066,Opotiki,-38.00915,177.28706,14,14,13,15,14,14,13,13,12,11,12,12,10,9,9,9,9,9,9,9,9,9,9,9,9,9,9,10,10,10,10,10,10,10,10,10,10,8,8,8,8,8,7,7,7,7,7,5,5,5,5,5,4,4,4,4,4,3,3,3,3,3,2,2,2,2,2,1,1,1,1,1,1,1,1,1,1,1,1,1,1,1,0,0,0,0,0,0,0,0,0,0,0,0,0,0,0,0,0,0,0,0,0,0,0,0
192,BR00067,Otahuhu,-36.9382,174.84019,27,28,26,28,29,29,27,26,26,27,27,28,28,26,26,26,26,26,24,24,24,24,23,22,22,23,23,23,23,23,23,23,24,24,24,24,24,22,23,23,23,23,19,19,19,19,19,15,15,15,15,15,11,11,11,11,11,9,9,9,9,9,7,7,7,7,7,5,5,5,5,5,4,4,4,4,4,2,2,2,2,2,1,1,1,1,1,1,0,0,0,0,0,0,0,0,0,0,0,0,0,0,0,0,0,0
193,BR00068,Otaki,-40.75833,175.15,11,11,10,11,10,11,10,10,10,11,10,9,10,9,9,9,9,10,9,9,9,9,10,9,9,9,9,10,10,10,10,10,10,10,10,10,10,9,9,9,9,9,7,7,7,7,7,5,5,5,5,5,4,4,4,4,4,3,3,3,3,3,2,2,2,2,2,2,2,2,2,2,1,1,1,1,1,1,1,1,1,1,0,0,0,0,0,0,0,0,0,0,0,0,0,0,0,0,0,0,0,0,0,0,0,0
194,BR00069,Paeroa,-37.36667,175.66667,20,22,19,21,22,21,19,18,20,19,18,15,17,14,14,14,14,15,16,16,16,16,16,15,16,16,16,15,15,15,15,15,16,16,16,16,16,13,13,13,13,13,9,9,9,9,9,7,7,7,7,7,5,5,5,5,5,4,4,4,4,4,3,3,3,3,3,2,2,2,2,2,1,1,1,1,1,1,1,1,1,1,0,0,0,0,0,0,0,0,0,0,0,0,0,0,0,0,0,0,0,0,0,0,0,0
195,BR00070,Pahiatua,-40.45333,175.84083,17,15,16,15,14,15,14,14,14,14,13,14,14,12,12,12,12,12,12,12,12,12,11,11,11,11,11,12,12,12,12,12,12,12,12,12,12,10,10,10,10,10,8,8,8,8,8,6,6,6,6,6,5,5,5,5,5,4,4,4,4,4,3,3,3,3,3,2,2,2,2,2,1,1,1,2,2,1,1,1,1,1,0,0,0,0,0,0,0,0,0,0,0,0,0,0,0,0,0,0,0,0,0,0,0,0
196,BR00071,Palmerston,-45.484026,170.715265,10,9,10,9,8,9,8,9,8,8,8,9,8,7,7,7,7,7,7,7,7,7,7,7,7,7,7,7,7,7,7,7,7,7,7,7,7,6,6,6,6,6,5,5,5,5,5,4,4,4,4,4,3,3,3,3,3,2,2,2,2,2,2,2,2,2,2,1,1,1,1,1,1,1,1,1,1,1,1,1,1,1,0,0,0,0,0,0,0,0,0,0,0,0,0,0,0,0,0,0,0,0,0,0,0,0
197,BR00072,Palmerston North,-40.35636,175.61113,194,174,189,172,159,180,160,169,163,161,156,168,158,139,140,140,140,140,135,135,135,135,131,131,131,131,131,135,136,136,136,136,139,140,140,140,140,118,119,119,119,119,93,93,93,93,93,75,75,75,75,75,55,55,55,55,55,44,44,44,44,44,35,35,35,35,35,27,28,28,28,28,17,17,17,18,18,11,11,11,10,10,4,3,3,2,2,2,2,2,1,1,1,1,1,1,1,0,0,0,0,0,0,0,0,0
198,BR00073,Patea,-39.75722,174.47667,13,12,12,11,13,13,13,12,12,13,12,14,15,11,11,11,11,10,10,10,10,10,9,9,9,9,9,9,9,9,9,9,9,9,9,9,9,9,9,9,9,9,7,7,7,7,7,6,6,6,6,6,4,4,4,4,4,4,4,4,4,4,3,3,3,3,3,2,2,2,2,2,2,2,2,2,2,1,1,1,1,1,0,0,0,0,0,0,0,0,0,0,0,0,0,0,0,0,0,0,0,0,0,0,0,0
199,BR00074,Petone,-41.22166578,174.8734632,81,80,76,80,75,80,75,73,75,78,75,70,75,69,70,70,70,71,70,70,70,70,71,70,70,70,70,71,72,72,72,72,73,74,74,74,74,66,67,67,67,67,51,52,52,52,52,40,41,41,41,41,29,30,30,29,29,23,24,24,24,24,17,17,17,17,17,11,11,12,12,12,7,7,7,7,7,5,5,4,4,4,2,2,1,1,1,1,1,1,1,1,1,1,1,1,1,0,0,0,0,0,0,0,0,0
200,BR00075,Picton,-41.29067,174.00801,14,17,14,15,15,16,16,17,16,16,15,17,17,14,14,14,14,10,10,10,10,10,10,10,10,10,10,9,9,9,9,9,10,10,10,10,10,10,10,10,10,10,9,9,9,9,9,8,8,8,8,8,7,7,7,7,7,6,6,6,6,6,4,4,4,4,4,3,3,3,3,3,2,2,2,2,2,1,1,1,1,1,0,0,0,0,0,0,0,0,0,0,0,0,0,0,0,0,0,0,0,0,0,0,0,0
201,BR00076,Port Chalmers,-45.8178,170.6188,26,27,26,26,29,27,27,28,27,27,27,29,28,27,27,27,27,26,23,23,23,23,21,21,21,21,21,20,20,20,20,20,21,21,21,21,21,20,20,20,20,20,18,18,18,18,18,15,15,15,15,15,11,11,11,11,11,9,9,9,9,9,8,8,8,8,8,5,5,5,5,5,4,4,4,4,4,3,3,3,2,2,1,1,1,1,1,1,0,0,0,0,0,0,0,0,0,0,0,0,0,0,0,0,0,0
202,BR00077,Pukekohe,-37.2,174.95,18,19,18,19,19,19,18,18,18,18,18,19,19,18,18,18,18,17,16,16,16,16,15,15,15,15,15,15,16,16,16,16,16,16,16,16,16,15,15,15,15,15,12,13,13,13,13,10,10,10,10,10,7,8,8,7,7,6,6,6,6,6,5,5,5,5,5,3,3,3,3,3,2,2,2,2,2,2,2,1,1,1,1,0,0,0,0,0,0,0,0,0,0,0,0,0,0,0,0,0,0,0,0,0,0,0
203,BR00078,Queenstown,-45.03023,168.66271,7,8,8,8,8,8,8,8,8,8,8,8,8,8,8,8,8,8,7,7,7,7,6,6,6,6,6,6,6,6,6,6,6,6,6,6,6,6,6,6,6,6,5,5,5,5,5,4,4,4,4,4,3,3,3,3,3,3,3,3,3,3,2,2,2,2,2,2,2,2,2,2,1,1,1,1,1,1,1,1,1,1,0,0,0,0,0,0,0,0,0,0,0,0,0,0,0,0,0,0,0,0,0,0,0,0
204,BR00079,Rangiora,-43.30437,172.58356,20,22,20,21,21,21,21,21,21,21,20,20,21,18,18,18,18,17,17,16,17,17,16,16,16,16,16,16,17,17,17,17,18,18,18,18,18,16,16,16,16,16,13,14,14,14,14,11,11,11,11,11,8,8,8,8,8,7,7,7,7,7,6,6,6,6,6,4,4,4,4,4,3,3,3,3,3,2,2,2,2,2,1,0,0,0,0,0,0,0,0,0,0,0,0,0,0,0,0,0,0,0,0,0,0,0
205,BR00080,Riccarton,-43.52998,172.59744,33,36,33,35,34,35,34,33,33,34,33,33,34,30,30,30,30,28,27,27,27,27,26,26,26,26,26,27,27,27,27,27,29,29,29,29,29,26,26,26,26,26,22,22,22,22,22,17,18,18,18,18,13,13,13,13,13,11,11,11,11,11,9,9,9,9,9,6,6,6,6,6,5,5,5,5,5,3,3,3,3,3,1,1,1,1,1,1,1,0,0,0,0,0,0,0,0,0,0,0,0,0,0,0,0,0
206,BR00081,Richmond,-41.3333,173.183,11,13,10,11,11,12,12,13,12,12,11,13,13,10,10,10,10,8,7,7,7,7,7,7,7,7,7,7,7,7,7,7,8,8,8,8,8,8,8,8,8,8,7,7,7,7,7,6,6,6,6,6,5,5,5,5,5,4,4,4,4,4,3,3,3,3,3,2,2,2,2,2,2,2,2,2,2,1,1,1,1,1,0,0,0,0,0,0,0,0,0,0,0,0,0,0,0,0,0,0,0,0,0,0,0,0
207,BR00082,Riverton,-46.35,168.01667,10,10,10,10,10,10,10,9,10,9,9,9,9,8,8,8,8,8,7,7,7,7,7,7,7,7,7,7,7,7,7,7,7,7,7,7,7,6,6,6,6,6,5,5,5,5,5,4,4,4,4,4,3,3,3,3,3,3,3,3,3,3,2,2,2,2,2,1,1,1,1,1,1,1,1,1,1,1,1,1,1,1,0,0,0,0,0,0,0,0,0,0,0,0,0,0,0,0,0,0,0,0,0,0,0,0
208,BR00083,Ross,-42.89583,170.81417,6,5,6,5,5,6,6,6,6,5,6,5,5,4,4,4,4,3,3,3,3,3,3,3,3,3,3,3,3,3,3,3,4,4,4,4,4,4,4,4,4,4,3,3,3,3,3,2,2,2,2,2,1,1,1,1,1,1,1,1,1,1,1,1,1,1,1,1,1,1,1,1,1,1,1,1,1,0,0,0,0,0,0,0,0,0,0,0,0,0,0,0,0,0,0,0,0,0,0,0,0,0,0,0,0,0
209,BR00084,Rotorua,-38.13874,176.24516,46,51,44,49,51,49,45,43,47,44,42,36,39,34,34,34,34,34,38,38,38,38,37,36,36,37,37,34,34,34,34,34,37,37,37,37,37,30,30,30,30,30,21,21,21,21,21,17,17,17,17,17,11,11,11,11,11,9,9,9,9,9,7,7,7,7,7,5,5,5,5,5,3,3,3,3,3,2,2,2,2,2,1,1,1,0,0,0,0,0,0,0,0,0,0,0,0,0,0,0,0,0,0,0,0,0
210,BR00085,Roxburgh,-45.53905,169.3123,4,4,4,4,4,4,4,4,4,4,4,4,4,4,4,4,4,4,3,3,4,4,3,3,3,3,3,3,3,3,3,3,3,3,3,3,3,3,3,3,3,3,3,3,3,3,3,2,2,2,2,2,2,2,2,2,2,1,1,1,1,1,1,1,1,1,1,1,1,1,1,1,1,1,1,1,1,0,0,0,0,0,0,0,0,0,0,0,0,0,0,0,0,0,0,0,0,0,0,0,0,0,0,0,0,0
211,BR00086,Runanga,-42.4020632,171.2465516,15,14,15,14,14,16,15,16,15,15,15,13,14,11,11,11,11,9,8,8,8,8,8,8,8,8,8,9,9,9,9,9,10,10,10,10,10,10,10,10,10,10,8,8,8,8,8,5,5,5,5,5,4,4,4,4,4,3,3,3,3,3,2,2,2,2,2,2,2,2,2,2,1,1,1,1,1,1,1,1,1,1,0,0,0,0,0,0,0,0,0,0,0,0,0,0,0,0,0,0,0,0,0,0,0,0
212,BR00087,Shannon,-40.5472,175.4107,13,11,12,11,10,12,10,11,11,10,10,11,10,9,9,9,9,9,9,9,9,9,8,8,8,8,8,9,9,9,9,9,9,9,9,9,9,8,8,8,8,8,6,6,6,6,6,5,5,5,5,5,4,4,4,4,4,3,3,3,3,3,2,2,2,2,2,2,2,2,2,2,1,1,1,1,1,1,1,1,1,1,0,0,0,0,0,0,0,0,0,0,0,0,0,0,0,0,0,0,0,0,0,0,0,0
213,BR00088,St. Kilda,-45.9048,170.5009,61,62,61,62,68,64,63,65,64,64,64,68,66,63,63,63,63,62,54,53,54,54,49,49,49,49,49,48,48,48,48,48,49,49,50,50,50,48,48,48,48,48,41,41,41,41,41,35,35,35,35,35,26,26,26,26,26,21,21,21,21,21,18,18,18,18,18,12,13,13,13,13,9,9,9,10,10,6,6,6,6,6,2,2,1,1,1,1,1,1,1,1,1,1,1,1,1,0,0,0,0,0,0,0,0,0
214,BR00089,Stratford,-39.33708,174.28382,34,32,32,29,33,34,36,31,32,34,32,36,39,30,30,30,30,26,26,26,26,26,24,24,24,24,24,23,23,23,23,23,24,24,24,24,24,24,24,24,24,24,18,18,18,18,18,16,16,16,16,16,11,11,11,11,11,10,10,10,10,10,8,8,8,8,8,6,6,6,6,6,4,4,4,4,4,3,3,3,3,3,1,1,1,1,1,1,1,0,0,0,0,0,0,0,0,0,0,0,0,0,0,0,0,0
215,BR00090,Sumner,-43.57144,172.76447,30,33,30,32,31,32,31,31,31,31,30,30,31,27,27,27,27,25,25,24,25,25,24,24,24,24,24,24,25,25,25,25,26,26,26,26,26,24,24,24,24,24,20,20,20,20,20,16,16,16,16,16,12,12,12,12,12,10,10,10,10,10,8,8,8,8,8,6,6,6,6,6,4,4,4,4,4,3,3,3,2,2,1,1,1,1,1,1,0,0,0,0,0,0,0,0,0,0,0,0,0,0,0,0,0,0
216,BR00091,Taihape,-39.6777,175.7988055,24,24,24,25,24,24,24,23,23,24,24,24,25,20,20,20,20,16,17,17,17,17,16,16,16,16,16,16,16,16,16,16,18,18,18,18,18,16,16,16,16,16,13,13,13,13,13,10,10,10,10,10,7,7,7,7,7,6,6,6,6,6,5,5,5,5,5,3,3,3,3,3,2,2,2,2,2,1,1,1,1,1,1,0,0,0,0,0,0,0,0,0,0,0,0,0,0,0,0,0,0,0,0,0,0,0
217,BR00092,Takapuna,-36.787,174.772,37,38,37,39,40,40,38,37,37,38,37,39,38,37,37,37,37,35,33,33,33,33,32,31,31,31,31,32,32,32,32,32,33,34,34,34,34,31,31,31,31,31,26,26,26,26,26,21,21,21,22,22,15,16,16,15,15,13,13,13,13,13,10,10,10,10,10,7,7,7,7,7,5,5,5,5,5,3,3,3,3,3,1,1,1,1,1,1,1,1,0,0,0,0,0,0,0,0,0,0,0,0,0,0,0,0
218,BR00093,Tapanui,-45.94332,169.2605276,3,3,3,3,3,3,3,3,3,3,3,3,3,3,3,3,3,3,3,3,3,3,2,2,2,2,2,2,2,2,2,2,2,3,3,3,3,2,2,2,2,2,2,2,2,2,2,2,2,2,2,2,1,1,1,1,1,1,1,1,1,1,1,1,1,1,1,1,1,1,1,1,0,0,0,0,0,0,0,0,0,0,0,0,0,0,0,0,0,0,0,0,0,0,0,0,0,0,0,0,0,0,0,0,0,0
219,BR00094,Taumarunui,-38.8833,175.2666,24,24,24,25,24,24,25,24,23,24,24,24,26,20,20,20,20,16,18,18,18,18,16,16,16,16,16,17,17,17,17,17,18,18,18,18,18,17,17,17,17,17,13,13,13,13,13,10,10,10,10,10,8,8,8,8,8,6,6,6,6,6,5,5,5,5,5,3,3,3,3,3,2,2,2,2,2,1,1,1,1,1,1,0,0,0,0,0,0,0,0,0,0,0,0,0,0,0,0,0,0,0,0,0,0,0
220,BR00095,Tauranga,-37.68611,176.16667,21,22,21,23,23,23,22,21,21,22,21,22,22,21,21,21,21,20,19,19,19,19,18,18,18,18,18,18,19,19,19,19,19,19,19,19,19,18,18,18,18,18,15,15,15,15,15,12,12,12,12,12,9,9,9,9,9,7,7,7,7,7,6,6,6,6,6,4,4,4,4,4,3,3,3,3,3,2,2,2,2,2,1,1,0,0,0,0,0,0,0,0,0,0,0,0,0,0,0,0,0,0,0,0,0,0
221,BR00096,Te Aroha,-37.533,175.717,25,28,24,27,28,27,25,23,26,24,23,20,21,18,18,18,18,19,21,21,21,21,20,20,20,20,20,19,19,19,19,19,20,20,20,20,20,16,16,16,16,16,12,12,12,12,12,9,9,9,9,9,6,6,6,6,6,5,5,5,5,5,4,4,4,4,4,2,2,2,3,3,2,2,2,2,2,1,1,1,1,1,0,0,0,0,0,0,0,0,0,0,0,0,0,0,0,0,0,0,0,0,0,0,0,0
222,BR00097,Te Awamutu,-38.00822,175.3302,18,20,17,19,20,19,18,17,19,17,16,14,15,13,13,13,13,13,15,15,15,15,14,14,14,14,14,13,14,14,14,14,15,15,15,15,15,12,12,12,12,12,8,8,8,8,8,6,7,7,7,7,4,4,4,4,4,3,3,3,3,3,3,3,3,3,3,2,2,2,2,2,1,1,1,1,1,1,1,1,1,1,0,0,0,0,0,0,0,0,0,0,0,0,0,0,0,0,0,0,0,0,0,0,0,0
223,BR00098,Te Kuiti,-38.332983,175.163456,27,30,25,29,29,28,26,25,28,26,24,21,23,19,19,19,19,20,22,22,22,22,21,21,21,21,21,20,20,20,20,20,21,21,22,21,21,17,18,18,18,18,12,12,12,12,12,10,10,10,10,10,7,7,7,7,7,5,5,5,5,5,4,4,4,4,4,3,3,3,3,3,2,2,2,2,2,1,1,1,1,1,0,0,0,0,0,0,0,0,0,0,0,0,0,0,0,0,0,0,0,0,0,0,0,0
224,BR00099,Temuka,-44.2453,171.27786,20,22,21,23,20,22,20,19,20,19,20,20,21,16,16,16,16,14,14,14,14,14,13,13,13,13,13,15,15,15,15,15,15,15,15,15,15,14,14,14,14,14,11,11,11,11,11,8,8,8,8,8,6,6,6,6,6,6,6,6,6,6,5,5,5,5,5,3,4,4,4,4,3,3,3,3,3,1,1,1,1,1,0,0,0,0,0,0,0,0,0,0,0,0,0,0,0,0,0,0,0,0,0,0,0,0
225,BR00100,Thames,-37.138389,175.5405,57,63,54,61,63,60,55,53,58,54,52,45,48,41,41,41,41,42,47,47,47,47,45,45,45,45,45,42,42,42,42,42,45,46,46,46,46,37,37,37,37,37,26,26,26,26,26,20,20,20,20,20,14,14,14,14,14,11,11,11,11,11,9,9,9,9,9,6,6,6,6,6,4,4,4,4,4,2,2,2,2,2,1,1,1,1,1,1,0,0,0,0,0,0,0,0,0,0,0,0,0,0,0,0,0,0
226,BR00101,Timaru,-44.39672,171.25364,160,177,170,182,157,174,162,156,161,156,163,157,169,131,131,132,132,110,116,115,116,116,104,103,103,104,104,117,117,118,118,118,119,119,119,119,119,115,115,115,115,115,88,88,88,88,88,64,64,64,64,64,51,51,51,51,51,44,45,45,45,45,40,40,40,40,40,28,28,28,28,28,23,23,23,23,23,12,12,11,11,11,4,3,3,2,2,2,2,2,2,2,2,1,1,1,1,0,0,0,0,0,0,0,0,0
227,BR00102,Waihi,-37.3833,175.833,47,52,45,50,52,50,46,44,49,45,43,37,40,34,34,34,34,35,39,39,39,39,37,37,37,37,37,35,35,35,35,35,38,38,38,38,38,31,31,31,31,31,22,22,22,22,22,17,17,17,17,17,12,12,12,12,12,9,9,9,9,9,7,7,7,7,7,5,5,5,5,5,3,3,3,3,3,2,2,2,2,2,1,1,1,0,0,0,0,0,0,0,0,0,0,0,0,0,0,0,0,0,0,0,0,0
228,BR00103,Waikouaiti,-45.59444,170.67222,6,6,6,6,6,6,6,6,6,6,6,6,6,6,6,6,6,6,5,5,5,5,5,5,5,5,5,5,5,5,5,5,5,5,5,5,5,5,5,5,5,5,4,4,4,4,4,3,3,3,3,3,2,2,2,2,2,2,2,2,2,2,2,2,2,2,2,1,1,1,1,1,1,1,1,1,1,1,1,1,1,1,0,0,0,0,0,0,0,0,0,0,0,0,0,0,0,0,0,0,0,0,0,0,0,0
229,BR00104,Waimate,-44.72836,171.05009,21,23,21,22,22,22,22,22,22,22,21,21,22,19,19,19,19,18,17,17,17,17,17,17,17,17,17,17,17,17,17,17,18,19,19,19,19,17,17,17,17,17,14,14,14,14,14,11,11,11,11,11,9,9,9,9,9,7,7,7,7,7,6,6,6,6,6,4,4,4,4,4,3,3,3,3,3,2,2,2,2,2,1,1,0,0,0,0,0,0,0,0,0,0,0,0,0,0,0,0,0,0,0,0,0,0
230,BR00105,Waipawa,-39.9416,176.58963,12,14,12,13,12,14,13,14,11,14,14,13,12,10,10,10,10,8,9,9,9,9,8,8,8,8,8,9,9,9,9,9,9,9,10,9,9,9,9,9,9,9,6,6,6,6,6,5,5,5,5,5,4,4,4,4,4,3,3,3,3,3,3,3,3,3,3,2,2,2,2,2,1,1,1,1,1,1,1,1,1,1,0,0,0,0,0,0,0,0,0,0,0,0,0,0,0,0,0,0,0,0,0,0,0,0
231,BR00106,Waipukurau,-39.9917,176.5583,15,17,15,16,15,17,16,17,14,17,17,16,14,12,12,12,12,10,11,11,11,11,10,10,10,10,10,11,11,11,11,11,12,12,12,12,12,11,11,11,11,11,8,8,8,8,8,6,6,6,6,6,5,5,5,5,5,4,4,4,4,4,3,3,3,3,3,2,2,2,2,2,1,2,2,2,2,1,1,1,1,1,0,0,0,0,0,0,0,0,0,0,0,0,0,0,0,0,0,0,0,0,0,0,0,0
232,BR00107,Wairoa,-39.03517,177.41803,21,20,21,21,22,22,18,20,22,19,19,17,20,17,17,17,17,15,16,16,16,16,15,15,15,15,15,17,17,17,17,17,17,17,17,17,17,15,15,15,15,15,12,12,12,12,12,9,9,9,9,9,7,7,7,7,7,6,6,6,6,6,4,4,4,4,4,3,3,3,3,3,2,2,2,2,2,1,1,1,1,1,1,0,0,0,0,0,0,0,0,0,0,0,0,0,0,0,0,0,0,0,0,0,0,0
233,BR00108,Waitara,-39.00158,174.23836,17,16,16,15,17,17,18,16,16,17,16,18,20,15,15,15,15,13,13,13,13,13,12,12,12,12,12,12,12,12,12,12,12,12,12,12,12,12,12,12,12,12,9,9,9,9,9,8,8,8,8,8,6,6,6,6,6,5,5,5,5,5,4,4,4,4,4,3,3,3,3,3,2,2,2,2,2,1,1,1,1,1,0,0,0,0,0,0,0,0,0,0,0,0,0,0,0,0,0,0,0,0,0,0,0,0
234,BR00109,Wanganui,-39.9333,175.05,188,187,187,195,186,186,192,183,177,185,185,186,200,156,156,156,156,126,135,135,135,135,126,125,125,126,126,127,128,128,128,128,138,138,139,139,139,127,128,128,128,128,100,101,101,101,101,80,80,81,81,81,58,58,58,58,58,44,44,45,45,45,37,37,38,38,38,24,24,25,25,25,17,17,17,17,17,11,11,11,10,10,4,3,3,3,3,3,2,2,2,2,2,1,1,1,1,0,0,0,0,0,0,0,0,0
235,BR00110,Wellington,-41.28664,174.77557,906,897,850,889,835,886,835,810,840,872,835,782,831,774,775,776,776,794,784,780,782,782,790,783,781,785,785,789,797,800,799,799,814,821,824,823,823,735,742,744,742,742,573,575,576,576,576,449,452,454,454,454,328,329,329,328,328,261,264,265,266,266,189,191,192,192,192,125,127,128,129,129,77,78,79,80,80,51,50,49,47,47,21,18,16,13,13,13,11,9,8,8,8,7,6,6,6,1,0,0,0,0,0,0,0,0
236,BR00111,West Harbour,-36.8094,174.6418,16,17,16,17,17,17,17,16,16,17,16,17,17,16,16,16,16,15,14,14,14,14,14,14,14,14,14,14,14,14,14,14,14,15,15,15,15,13,14,14,14,14,11,11,11,11,11,9,9,9,9,9,7,7,7,7,7,5,5,6,6,6,4,4,4,4,4,3,3,3,3,3,2,2,2,2,2,1,1,1,1,1,0,0,0,0,0,0,0,0,0,0,0,0,0,0,0,0,0,0,0,0,0,0,0,0
237,BR00112,Westport,-41.75262,171.6037,47,43,45,43,43,49,46,49,47,45,47,39,42,32,32,32,32,27,24,24,24,24,26,26,26,26,26,27,27,27,27,27,32,32,32,32,32,30,30,30,30,30,23,23,23,23,23,15,15,15,15,15,11,11,11,11,11,9,9,9,9,9,7,7,7,7,7,6,6,6,6,6,4,4,4,5,5,3,3,3,3,3,1,1,1,1,1,1,1,1,1,1,1,1,1,1,1,0,0,0,0,0,0,0,0,0
238,BR00113,Whakatane,-37.9585,176.985,21,21,20,22,21,21,20,19,18,17,18,18,15,14,14,14,14,14,13,13,13,13,13,13,13,13,13,15,15,15,15,15,14,15,15,15,15,12,12,12,12,12,10,10,10,10,10,8,8,8,8,8,5,5,5,5,5,4,4,4,4,4,3,3,3,3,3,2,2,2,2,2,1,1,1,1,1,1,1,1,1,1,0,0,0,0,0,0,0,0,0,0,0,0,0,0,0,0,0,0,0,0,0,0,0,0
239,BR00114,Whangarei,-35.73167,174.32391,38,39,37,40,41,41,39,38,38,39,38,40,39,38,38,38,38,36,34,34,34,34,33,32,32,32,32,33,33,33,33,33,34,35,35,35,35,32,32,32,32,32,26,27,27,27,27,22,22,22,22,22,16,16,16,16,16,13,13,13,13,13,10,10,10,10,10,7,7,7,7,7,5,5,5,5,5,3,3,3,3,3,1,1,1,1,1,1,1,1,0,0,0,0,0,0,0,0,0,0,0,0,0,0,0,0
240,BR00115,Winton,-46.15,168.33333,7,7,7,7,7,7,7,7,7,7,7,7,6,6,6,6,6,6,5,5,5,5,5,5,5,5,5,5,5,5,5,5,5,5,5,5,5,5,5,5,5,5,4,4,4,4,4,3,3,3,3,3,2,2,2,2,2,2,2,2,2,2,2,2,2,2,2,1,1,1,1,1,1,1,1,1,1,1,1,1,1,1,0,0,0,0,0,0,0,0,0,0,0,0,0,0,0,0,0,0,0,0,0,0,0,0
241,BR00116,Woodville,-40.3371,175.8667,14,13,14,13,12,13,12,12,12,12,11,12,12,10,10,10,10,10,10,10,10,10,10,10,10,10,10,10,10,10,10,10,10,10,10,10,10,9,9,9,9,9,7,7,7,7,7,5,6,6,6,6,4,4,4,4,4,3,3,3,3,3,3,3,3,3,3,2,2,2,2,2,1,1,1,1,1,1,1,1,1,1,0,0,0,0,0,0,0,0,0,0,0,0,0,0,0,0,0,0,0,0,0,0,0,0
242,BR00117,Woolston,-43.55,172.683333,43,46,43,45,44,45,44,43,43,43,42,42,44,39,39,39,39,36,35,35,35,35,34,33,33,34,34,35,35,35,35,35,37,37,37,37,37,34,34,34,34,34,28,28,28,28,28,23,23,23,23,23,17,17,17,17,17,14,14,14,14,14,12,12,12,12,12,8,8,8,8,8,6,6,6,6,6,4,4,4,4,4,1,1,1,1,1,1,1,1,1,1,1,0,0,0,0,0,0,0,0,0,0,0,0,0
